order_id,order_date,region,category,product,channel,customer_segment,quantity,unit_price,discount_pct,revenue,cost,profit,rating
100001,2023-04-13,West,Home & Kitchen,Air Fryer,Online,New Customer,3,1919.72,5,5471.2,3551.91,1919.29,
100002,2023-05-11,North,Clothing,Sneakers,In-Store,New Customer,4,886.89,0,3547.56,2323.48,1224.08,3.0
100003,2024-07-14,East,Clothing,Sneakers,In-Store,New Customer,3,1523.88,20,3657.31,2941.18,716.13,5.0
100004,2024-10-08,North,Clothing,Sneakers,In-Store,,2,1274.76,0,2549.52,1751.13,798.39,3.0
100005,2024-03-30,East,Home & Kitchen,Cookware Set,Online,New Customer,4,4291.16,5,16306.41,11317.37,4989.04,
100006,2024-12-03,West,Sports,Dumbbells,Online,Premium Member,4,653.27,0,2613.08,1640.32,972.76,
100007,2023-02-22,East,Electronics,Smartwatch,Online,New Customer,5,36336.23,0,181681.15,135784.38,45896.77,5.0
100008,2024-10-09,North,Home & Kitchen,Vacuum Cleaner,In-Store,Returning Customer,1,7586.75,15,6448.74,5160.62,1288.12,5.0
100009,2023-07-20,East,Clothing,T-Shirt,Online,New Customer,5,2634.74,5,12515.01,9583.11,2931.9,3.0
100010,2024-09-04,West,Home & Kitchen,Mixer Grinder,In-Store,New Customer,3,6654.61,5,18965.64,11081.6,7884.04,
100011,2024-07-28,West,Electronics,Smartwatch,Online,Returning Customer,5,12119.0,5,57565.25,42483.77,15081.48,
100012,2023-06-09,East,Home & Kitchen,Cookware Set,In-Store,Returning Customer,1,1981.54,5,1882.46,1176.42,706.04,3.0
100013,2023-11-27,South,Sports,Yoga Mat,Online,New Customer,1,4027.06,0,4027.06,2498.85,1528.21,1.0
100014,2024-12-10,South,Electronics,Bluetooth Speaker,In-Store,New Customer,3,15356.29,5,43765.43,31815.34,11950.09,2.0
100015,2024-05-11,North,Sports,Dumbbells,In-Store,Returning Customer,5,1995.11,0,9975.55,6702.7,3272.85,4.0
100016,2024-07-19,North,Electronics,Headphones,Online,New Customer,4,20812.9,5,79089.02,55656.97,23432.05,
100017,2023-07-03,North,Beauty,Sunscreen,Online,Premium Member,3,1497.11,10,4042.2,2605.62,1436.58,4.0
100018,2024-04-08,north,Sports,Running Shoes,In-Store,New Customer,3,4933.21,0,14799.63,8424.47,6375.16,5.0
100019,2024-10-01,South,Electronics,Laptop,Online,New Customer,2,12497.84,10,22496.11,17833.03,4663.08,4.0
100020,2024-07-25,North,Electronics,Smartwatch,Online,Premium Member,1,13414.57,10,12073.11,9649.53,2423.58,5.0
100021,2023-02-23,East,Sports,Cricket Bat,In-Store,Returning Customer,4,3651.85,0,14607.4,10780.65,3826.75,5.0
100022,2023-12-04,South,Home & Kitchen,Air Fryer,In-Store,New Customer,4,3457.19,0,13828.76,9670.43,4158.33,4.0
100023,2023-05-15,East,Electronics,Smartwatch,Online,Returning Customer,5,22519.31,15,95707.07,71710.36,23996.71,2.0
100024,2024-08-31,East,Electronics,Bluetooth Speaker,Online,Returning Customer,4,2265.04,5,8607.15,5304.02,3303.13,5.0
100025,2024-04-21,north,Beauty,Lipstick,In-Store,Premium Member,5,856.5,20,3426.0,3180.72,245.28,5.0
100026,2023-07-10,South,Electronics,Laptop,Online,Returning Customer,2,41934.74,0,83869.48,49632.59,34236.89,4.0
100027,2024-10-24,North,Home & Kitchen,Cookware Set,In-Store,Returning Customer,1,2330.16,10,2097.14,1539.22,557.92,
100028,2024-06-21,West,Electronics,Bluetooth Speaker,Online,,4,36165.33,5,137428.25,99873.22,37555.03,5.0
100029,2024-04-15,North,Clothing,Jeans,Online,Returning Customer,3,1789.91,5,5101.24,3261.08,1840.16,4.0
100030,2023-12-08,North,Clothing,Jacket,Online,Returning Customer,5,1168.94,20,4675.76,3749.1,926.66,5.0
100031,2023-12-16,East,Sports,Running Shoes,In-Store,Returning Customer,3,4853.04,0,14559.12,9285.72,5273.4,
100032,2024-04-18,West,Electronics,Smartwatch,Online,New Customer,1,20575.03,0,20575.03,11702.56,8872.47,
100033,2023-08-25,North,Grocery,Snacks Combo,In-Store,Returning Customer,5,424.07,0,2120.35,1317.15,803.2,5.0
100034,2024-11-27,South,Sports,Yoga Mat,Online,New Customer,4,1381.85,0,5527.4,3883.95,1643.45,5.0
100035,2024-09-03,North,Beauty,Face Wash,Online,Returning Customer,5,1613.02,0,8065.1,4460.49,3604.61,5.0
100036,2024-08-30,West,Grocery,Rice 5kg,Online,New Customer,2,101.74,5,193.31,150.18,43.13,4.0
100037,2024-11-20,east,Electronics,Headphones,In-Store,Premium Member,4,18111.3,20,57956.16,52962.52,4993.64,
100038,2024-02-01,North,Beauty,Shampoo,Online,Returning Customer,1,1231.94,0,1231.94,845.51,386.43,2.0
100039,2023-04-25,South,Sports,Dumbbells,In-Store,Returning Customer,5,619.44,5,2942.34,2302.82,639.52,4.0
100040,2024-04-01,East,Home & Kitchen,Mixer Grinder,In-Store,New Customer,1,9495.83,0,9495.83,6990.37,2505.46,5.0
100041,2024-01-04,East,Electronics,Laptop,Online,Premium Member,4,37398.84,0,149595.36,109070.67,40524.69,3.0
100042,2024-01-31,West,Home & Kitchen,Air Fryer,Online,Premium Member,4,7222.5,5,27445.5,18480.62,8964.88,
100043,2023-01-25,East,Grocery,Tea Pack,In-Store,Returning Customer,5,843.36,20,3373.44,3159.17,214.27,
100044,2023-06-12,West,Home & Kitchen,Vacuum Cleaner,Online,New Customer,2,10174.0,15,17295.8,14603.68,2692.12,3.0
100045,2023-06-17,North,Clothing,Jacket,In-Store,New Customer,5,1046.33,5,4970.07,3780.54,1189.53,5.0
100046,2024-10-18,West,Electronics,Bluetooth Speaker,In-Store,Returning Customer,3,35239.03,5,100431.24,67113.9,33317.34,5.0
100047,2023-02-08,South,Grocery,Rice 5kg,Online,Returning Customer,4,177.43,0,709.72,482.5,227.22,4.0
100048,2023-12-14,West,Sports,Yoga Mat,Online,Returning Customer,5,5794.05,0,28970.25,21553.16,7417.09,
100049,2023-05-29,North,Grocery,Snacks Combo,In-Store,New Customer,3,874.83,5,2493.27,1773.84,719.43,4.0
100050,2024-02-19,West,Beauty,Shampoo,Online,Returning Customer,3,613.59,20,1472.62,1340.18,132.44,3.0
100051,2024-10-29,South,Clothing,Sneakers,In-Store,Returning Customer,4,2167.7,0,8670.8,6458.7,2212.1,5.0
100052,2024-05-16,North,Electronics,Headphones,Online,Returning Customer,5,7033.51,0,35167.55,25957.39,9210.16,3.0
100053,2024-12-09,East,Clothing,Jeans,In-Store,Premium Member,5,827.47,5,3930.48,2918.99,1011.49,3.0
100054,2023-08-27,North,Grocery,Cooking Oil,Online,Premium Member,3,546.65,0,1639.95,914.05,725.9,
100055,2024-02-09,North,Beauty,Sunscreen,In-Store,Premium Member,3,1066.46,10,2879.44,2364.19,515.25,5.0
100056,2023-05-25,North,Electronics,Headphones,In-Store,Returning Customer,1,30620.49,5,29089.47,19034.69,10054.78,
100057,2023-06-03,South,Beauty,Shampoo,In-Store,New Customer,1,1060.65,5,1007.62,769.32,238.3,3.0
100058,2024-09-15,South,Grocery,Rice 5kg,In-Store,Premium Member,4,883.98,5,3359.12,2394.98,964.14,4.0
100059,2024-03-10,West,Sports,Yoga Mat,Online,Returning Customer,4,2068.57,5,7860.57,5705.35,2155.22,5.0
100060,2023-05-18,West,Clothing,T-Shirt,Online,Returning Customer,2,2286.58,0,4573.16,2706.52,1866.64,4.0
100061,2023-04-21,North,Home & Kitchen,Cookware Set,In-Store,New Customer,4,4671.47,15,15883.0,12048.51,3834.49,4.0
100062,2023-03-02,North,Home & Kitchen,Mixer Grinder,Online,New Customer,5,1156.21,5,5492.0,3797.48,1694.52,2.0
100063,2023-02-15,south,Beauty,Shampoo,In-Store,New Customer,1,943.89,10,849.5,615.73,233.77,
100064,2023-02-17,North,Clothing,Sneakers,In-Store,Returning Customer,5,3456.02,5,16416.09,12697.56,3718.53,
100065,2023-01-28,South,Clothing,Dress,Online,New Customer,3,2582.72,15,6585.94,5054.4,1531.54,4.0
100066,2023-10-01,South,Home & Kitchen,Vacuum Cleaner,Online,New Customer,5,2841.58,5,13497.5,10203.29,3294.21,
100067,2023-05-06,North,Electronics,Bluetooth Speaker,Online,Returning Customer,3,29618.44,5,84412.55,59252.27,25160.28,4.0
100068,2024-09-14,East,Electronics,Smartwatch,Online,New Customer,4,29491.18,5,112066.48,73281.97,38784.51,5.0
100069,2024-01-12,North,Beauty,Face Wash,Online,New Customer,4,1553.85,0,6215.4,4420.22,1795.18,
100070,2023-05-17,North,Home & Kitchen,Vacuum Cleaner,Online,Premium Member,2,7251.18,15,12327.01,7991.67,4335.34,5.0
100071,2024-08-28,North,Home & Kitchen,Cookware Set,In-Store,Returning Customer,2,3935.77,10,7084.39,4623.81,2460.58,1.0
100072,2024-12-24,South,Electronics,Smartwatch,Online,Returning Customer,5,23367.35,15,99311.24,71752.77,27558.47,4.0
100073,2024-11-20,South,Grocery,Snacks Combo,Online,,2,152.05,0,304.1,167.42,136.68,
100074,2024-07-03,South,Beauty,Lipstick,In-Store,Premium Member,4,824.06,15,2801.8,2466.2,335.6,
100075,2024-06-30,West,Beauty,Sunscreen,In-Store,New Customer,1,1388.33,10,1249.5,992.69,256.81,
100076,2024-01-14,East,Beauty,Sunscreen,Online,Returning Customer,2,1497.39,5,2845.04,1872.9,972.14,3.0
100077,2024-02-26,East,Electronics,Headphones,Online,Returning Customer,2,25007.62,15,42512.95,33752.66,8760.29,
100078,2024-10-07,South,Home & Kitchen,Air Fryer,In-Store,New Customer,5,6348.74,10,28569.33,21097.82,7471.51,5.0
100079,2024-03-16,South,Grocery,Snacks Combo,In-Store,New Customer,2,705.22,15,1198.87,872.24,326.63,5.0
100080,2023-06-08,South,Grocery,Tea Pack,Online,Returning Customer,5,478.81,5,2274.35,1686.31,588.04,
100081,2024-09-18,East,Sports,Dumbbells,Online,New Customer,3,5770.82,0,17312.46,10309.05,7003.41,3.0
100082,2023-12-12,West,Sports,Dumbbells,Online,Returning Customer,1,1833.69,10,1650.32,1225.99,424.33,
100083,2023-11-20,West,Grocery,Tea Pack,In-Store,Returning Customer,2,136.52,0,273.04,155.86,117.18,5.0
100084,2024-02-11,North,Grocery,Rice 5kg,Online,New Customer,1,352.36,0,352.36,209.82,142.54,4.0
100085,2024-03-06,North,Electronics,Smartphone,In-Store,New Customer,1,6204.91,5,5894.66,4484.31,1410.35,5.0
100086,2023-07-29,South,Home & Kitchen,Mixer Grinder,Online,New Customer,3,2377.6,0,7132.8,4633.99,2498.81,3.0
100087,2023-06-10,South,Home & Kitchen,Cookware Set,Online,New Customer,1,2794.0,20,2235.2,1619.77,615.43,3.0
100088,2024-04-20,East,Electronics,Headphones,Online,Returning Customer,3,10393.86,15,26504.34,18429.18,8075.16,
100089,2024-03-04,South,Home & Kitchen,Cookware Set,Online,,2,6673.17,5,12679.02,8410.23,4268.79,4.0
100090,2024-10-05,North,Grocery,Snacks Combo,In-Store,Returning Customer,2,815.89,5,1550.19,1158.81,391.38,5.0
100091,2023-06-27,West,Electronics,Headphones,Online,New Customer,3,23341.25,5,66522.56,43264.47,23258.09,4.0
100092,2023-02-20,East,Clothing,Jacket,Online,Returning Customer,3,3380.48,15,8620.22,5863.95,2756.27,3.0
100093,2023-01-07,East,Electronics,Bluetooth Speaker,Online,New Customer,4,29360.14,10,105696.5,85981.15,19715.35,4.0
100094,2024-06-06,North,Clothing,Jacket,Online,New Customer,5,1404.61,10,6320.74,4372.21,1948.53,5.0
100095,2024-05-14,West,Sports,Running Shoes,Online,Returning Customer,3,5409.49,10,14605.62,10305.77,4299.85,
100096,2024-06-09,East,Clothing,Dress,Online,New Customer,3,1649.45,0,4948.35,3612.86,1335.49,4.0
100097,2023-03-16,West,Grocery,Cooking Oil,Online,New Customer,1,412.3,5,391.68,286.15,105.53,
100098,2023-12-08,North,Electronics,Laptop,Online,Returning Customer,1,22849.19,5,21706.73,16397.07,5309.66,3.0
100099,2024-12-02,South,Clothing,Sneakers,In-Store,New Customer,5,2230.09,0,11150.45,7000.91,4149.54,
100100,2024-05-26,West,Home & Kitchen,Vacuum Cleaner,Online,Premium Member,5,6218.06,0,31090.3,20456.44,10633.86,
100101,2023-09-01,North,Beauty,Lipstick,Online,New Customer,2,932.49,0,1864.98,1156.86,708.12,3.0
100102,2023-03-02,East,Clothing,T-Shirt,Online,Premium Member,5,307.49,20,1229.96,847.21,382.75,
100103,2024-09-04,North,Home & Kitchen,Mixer Grinder,Online,Premium Member,1,2873.49,5,2729.82,2082.1,647.72,4.0
100104,2024-10-22,East,Grocery,Cooking Oil,In-Store,,2,481.33,0,962.66,719.62,243.04,5.0
100105,2023-02-16,North,Electronics,Smartphone,Online,Premium Member,5,33218.84,0,166094.2,95181.35,70912.85,3.0
100106,2024-04-21,South,Beauty,Sunscreen,In-Store,New Customer,2,1213.5,10,2184.3,1511.87,672.43,4.0
100107,2023-04-08,West,Home & Kitchen,Air Fryer,Online,Returning Customer,1,6830.1,10,6147.09,4764.48,1382.61,4.0
100108,2024-05-07,East,Beauty,Shampoo,Online,Premium Member,3,1593.26,5,4540.79,3526.59,1014.2,5.0
100109,2023-02-08,North,Grocery,Cooking Oil,Online,New Customer,4,594.55,15,2021.47,1776.08,245.39,5.0
100110,2023-12-25,East,Electronics,Headphones,Online,Returning Customer,2,14178.3,0,28356.6,15834.85,12521.75,
100111,2024-08-07,North,Electronics,Smartwatch,Online,Premium Member,5,12543.44,5,59581.34,46816.26,12765.08,5.0
100112,2023-12-10,South,Grocery,Cooking Oil,Online,Premium Member,3,409.3,10,1105.11,731.97,373.14,5.0
100113,2024-01-01,North,Clothing,T-Shirt,Online,New Customer,3,2943.86,10,7948.42,5969.76,1978.66,
100114,2024-06-04,West,Clothing,T-Shirt,Online,Returning Customer,2,1871.8,20,2994.88,2730.91,263.97,3.0
100115,2023-04-30,East,Electronics,Headphones,In-Store,Premium Member,3,39632.79,0,118898.37,68473.93,50424.44,5.0
100116,2023-11-28,north,Electronics,Bluetooth Speaker,In-Store,New Customer,4,17523.76,0,70095.04,48693.9,21401.14,3.0
100117,2024-03-29,West,Grocery,Tea Pack,Online,Premium Member,5,474.08,5,2251.88,1694.68,557.2,2.0
100118,2023-02-09,East,Grocery,Rice 5kg,In-Store,Returning Customer,4,777.48,15,2643.43,2151.05,492.38,5.0
100119,2023-12-11,West,Sports,Cricket Bat,In-Store,New Customer,5,5332.88,15,22664.74,14821.39,7843.35,5.0
100120,2024-01-29,West,Grocery,Cooking Oil,In-Store,New Customer,2,762.35,5,1448.46,840.53,607.93,
100121,2023-02-15,South,Electronics,Headphones,Online,Returning Customer,5,35357.23,0,176786.15,124140.22,52645.93,4.0
100122,2023-08-12,West,Sports,Running Shoes,Online,Returning Customer,4,1373.02,10,4942.87,4061.17,881.7,
100123,2024-06-07,North,Clothing,T-Shirt,Online,New Customer,2,3088.92,20,4942.27,4594.93,347.34,4.0
100124,2023-08-15,East,Sports,Cricket Bat,Online,Premium Member,3,1814.05,0,5442.15,3166.18,2275.97,3.0
100125,2024-05-30,South,Grocery,Rice 5kg,Online,Returning Customer,5,324.67,10,1461.02,1143.75,317.27,
100126,2024-04-03,North,Electronics,Smartwatch,Online,Returning Customer,5,29167.44,0,145837.2,88208.62,57628.58,5.0
100127,2023-09-14,South,Beauty,Lipstick,In-Store,New Customer,1,1225.25,0,1225.25,885.7,339.55,3.0
100128,2024-08-06,North,Electronics,Headphones,Online,New Customer,3,38201.51,10,103144.08,77386.03,25758.05,
100129,2024-11-23,West,Clothing,Jacket,Online,Returning Customer,1,2243.38,0,2243.38,1484.41,758.97,
100130,2024-12-26,East,Grocery,Cooking Oil,In-Store,New Customer,5,202.66,5,962.63,695.22,267.41,3.0
100131,2024-05-09,East,Home & Kitchen,Mixer Grinder,In-Store,Premium Member,1,1243.73,5,1181.54,710.15,471.39,
100132,2023-02-15,North,Beauty,Shampoo,Online,New Customer,2,688.66,5,1308.45,781.73,526.72,2.0
100133,2024-08-11,North,Beauty,Lipstick,Online,Returning Customer,2,1470.97,0,2941.94,1716.61,1225.33,
100134,2023-11-13,East,Beauty,Face Wash,In-Store,New Customer,1,1319.95,15,1121.96,914.48,207.48,5.0
100135,2023-11-14,East,Home & Kitchen,Air Fryer,Online,Returning Customer,2,6186.12,0,12372.24,7210.54,5161.7,3.0
100136,2023-01-12,North,Grocery,Rice 5kg,In-Store,New Customer,4,690.31,15,2347.05,1758.17,588.88,
100137,2024-08-16,North,Home & Kitchen,Cookware Set,Online,Returning Customer,3,8083.65,0,24250.95,16637.26,7613.69,
100138,2023-07-26,North,Sports,Yoga Mat,In-Store,Returning Customer,5,5138.97,5,24410.11,17911.11,6499.0,5.0
100139,2023-06-01,East,Home & Kitchen,Air Fryer,Online,New Customer,2,6250.69,15,10626.17,9127.76,1498.41,3.0
100140,2024-01-06,South,Grocery,Tea Pack,Online,Returning Customer,5,681.15,0,3405.75,2360.75,1045.0,5.0
100141,2024-08-21,East,Beauty,Shampoo,Online,Returning Customer,5,871.32,0,4356.6,2749.03,1607.57,4.0
100142,2023-08-19,South,Clothing,T-Shirt,Online,Premium Member,2,3045.56,0,6091.12,4066.93,2024.19,4.0
100143,2024-11-06,West,Home & Kitchen,Cookware Set,Online,New Customer,2,5826.31,10,10487.36,6748.63,3738.73,3.0
100144,2024-11-13,West,Electronics,Smartwatch,Online,Returning Customer,5,24567.82,10,110555.19,84891.29,25663.9,3.0
100145,2024-01-02,West,Sports,Cricket Bat,Online,New Customer,2,1088.64,0,2177.28,1220.02,957.26,4.0
100146,2023-02-04,South,Grocery,Snacks Combo,Online,Returning Customer,4,201.64,20,645.25,599.29,45.96,
100147,2023-08-05,East,Electronics,Laptop,Online,Returning Customer,4,6707.48,0,26829.92,15526.7,11303.22,5.0
100148,2024-01-10,North,Grocery,Rice 5kg,In-Store,New Customer,5,869.94,0,4349.7,2967.92,1381.78,5.0
100149,2024-03-02,East,Clothing,Jeans,Online,Premium Member,1,397.24,15,337.65,273.26,64.39,4.0
100150,2023-05-27,West,Beauty,Face Wash,In-Store,Returning Customer,4,412.82,5,1568.72,1013.26,555.46,5.0
100151,2023-03-30,West,Electronics,Bluetooth Speaker,Online,Returning Customer,4,29692.41,10,106892.68,87311.72,19580.96,3.0
100152,2024-04-26,East,Electronics,Laptop,In-Store,Returning Customer,1,15583.1,5,14803.94,10471.32,4332.62,4.0
100153,2024-08-27,South,Electronics,Headphones,Online,New Customer,3,27631.05,10,74603.83,55861.53,18742.3,3.0
100154,2023-01-03,East,Clothing,Sneakers,Online,New Customer,4,776.77,5,2951.73,1861.81,1089.92,3.0
100155,2023-02-12,East,Beauty,Shampoo,In-Store,Premium Member,5,1506.95,5,7158.01,5495.42,1662.59,
100156,2024-02-03,North,Home & Kitchen,Vacuum Cleaner,Online,Premium Member,3,1935.91,5,5517.34,3492.51,2024.83,
100157,2024-06-22,West,Sports,Cricket Bat,Online,New Customer,2,2639.47,20,4223.15,3772.51,450.64,4.0
100158,2023-09-20,East,Clothing,Dress,Online,New Customer,1,2115.4,0,2115.4,1570.87,544.53,3.0
100159,2024-01-20,South,Grocery,Cooking Oil,Online,New Customer,5,805.05,0,4025.25,2384.59,1640.66,4.0
100160,2024-01-13,South,Clothing,T-Shirt,Online,Returning Customer,2,2642.27,15,4491.86,3616.13,875.73,5.0
100161,2024-11-06,North,Clothing,Dress,Online,Returning Customer,2,1813.25,5,3445.18,2124.0,1321.18,1.0
100162,2024-02-23,East,Home & Kitchen,Cookware Set,Online,Returning Customer,1,6363.79,20,5091.03,3673.74,1417.29,4.0
100163,2024-07-07,South,Electronics,Headphones,Online,New Customer,3,27621.01,0,82863.03,60581.57,22281.46,5.0
100164,2023-02-05,North,Electronics,Smartwatch,Online,New Customer,3,16247.95,5,46306.66,31122.07,15184.59,5.0
100165,2024-05-31,North,Grocery,Tea Pack,In-Store,Returning Customer,4,345.95,0,1383.8,946.38,437.42,5.0
100166,2024-09-05,East,Clothing,Sneakers,Online,Returning Customer,4,3377.33,5,12833.85,9469.6,3364.25,
100167,2024-09-09,North,Electronics,Smartwatch,Online,Returning Customer,4,22000.03,0,88000.12,50509.06,37491.06,5.0
100168,2024-09-21,West,Sports,Yoga Mat,In-Store,Returning Customer,2,4812.25,15,8180.82,6464.75,1716.07,4.0
100169,2024-05-14,East,Beauty,Sunscreen,Online,New Customer,2,778.5,0,1557.0,930.79,626.21,4.0
100170,2023-06-29,North,Clothing,Sneakers,In-Store,New Customer,3,2138.68,5,6095.24,4030.61,2064.63,4.0
100171,2024-07-14,North,Clothing,Dress,Online,Premium Member,3,2828.1,0,8484.3,4803.67,3680.63,3.0
100172,2024-07-31,North,Home & Kitchen,Cookware Set,In-Store,Returning Customer,2,10011.78,0,20023.56,14465.08,5558.48,5.0
100173,2023-04-20,West,Beauty,Face Wash,Online,Premium Member,1,1249.41,0,1249.41,806.68,442.73,4.0
100174,2023-03-20,West,Sports,Running Shoes,In-Store,Returning Customer,5,5644.12,15,23987.51,17089.0,6898.51,5.0
100175,2024-11-02,North,Beauty,Shampoo,In-Store,New Customer,3,1081.33,0,3243.99,1921.58,1322.41,3.0
100176,2024-11-20,North,Electronics,Laptop,Online,New Customer,4,14483.45,0,57933.8,39883.5,18050.3,
100177,2023-09-17,East,Electronics,Bluetooth Speaker,Online,New Customer,4,29920.7,10,107714.52,83163.21,24551.31,5.0
100178,2024-12-03,South,Grocery,Snacks Combo,Online,Returning Customer,5,397.4,20,1589.6,1191.64,397.96,
100179,2024-02-09,North,Grocery,Cooking Oil,In-Store,New Customer,5,256.47,0,1282.35,767.15,515.2,5.0
100180,2023-12-04,North,Sports,Yoga Mat,Online,Returning Customer,5,5128.4,0,25642.0,16607.0,9035.0,
100181,2024-07-17,North,Clothing,Jacket,Online,Returning Customer,2,2812.05,15,4780.49,4167.83,612.66,5.0
100182,2024-01-28,West,Clothing,Sneakers,Online,New Customer,2,422.96,15,719.03,543.33,175.7,4.0
100183,2024-12-26,East,Electronics,Smartwatch,Online,Premium Member,5,33499.6,5,159123.1,114911.26,44211.84,
100184,2024-05-19,East,Electronics,Bluetooth Speaker,In-Store,New Customer,1,43094.76,10,38785.28,26746.77,12038.51,
100185,2024-10-12,West,Home & Kitchen,Vacuum Cleaner,In-Store,Returning Customer,2,1902.03,10,3423.65,2673.78,749.87,
100186,2024-07-03,North,Sports,Yoga Mat,Online,Returning Customer,1,5865.55,10,5279.0,3238.29,2040.71,
100187,2024-08-12,North,Electronics,Smartphone,Online,Premium Member,2,36183.68,0,72367.36,53985.62,18381.74,4.0
100188,2024-11-23,West,Sports,Dumbbells,Online,New Customer,2,1657.85,0,3315.7,2110.16,1205.54,3.0
100189,2024-09-17,West,Beauty,Sunscreen,Online,New Customer,1,1215.59,0,1215.59,866.95,348.64,5.0
100190,2024-05-11,North,Clothing,Dress,In-Store,Returning Customer,4,472.35,0,1889.4,1323.78,565.62,
100191,2024-04-10,North,Grocery,Snacks Combo,Online,Premium Member,3,203.55,0,610.65,386.35,224.3,5.0
100192,2023-12-19,South,Beauty,Lipstick,Online,New Customer,4,1199.88,10,4319.57,2793.39,1526.18,3.0
100193,2024-10-17,West,Sports,Yoga Mat,In-Store,New Customer,3,2648.37,10,7150.6,4694.03,2456.57,4.0
100194,2023-10-29,East,Home & Kitchen,Cookware Set,Online,Returning Customer,4,6670.58,10,24014.09,19157.71,4856.38,5.0
100195,2023-01-14,East,Grocery,Rice 5kg,In-Store,Returning Customer,3,896.99,0,2690.97,1721.47,969.5,4.0
100196,2024-06-19,North,Clothing,Dress,In-Store,New Customer,5,393.03,0,1965.15,1152.1,813.05,3.0
100197,2023-09-30,East,Sports,Yoga Mat,In-Store,New Customer,2,3544.31,5,6734.19,4754.32,1979.87,4.0
100198,2024-08-16,East,Sports,Running Shoes,Online,Returning Customer,3,727.89,0,2183.67,1543.81,639.86,4.0
100199,2024-12-04,East,Grocery,Tea Pack,Online,Returning Customer,1,152.65,0,152.65,102.22,50.43,4.0
100200,2023-04-28,East,Electronics,Smartwatch,Online,New Customer,4,18011.88,5,68445.14,48095.6,20349.54,
100201,2024-07-26,West,Home & Kitchen,Mixer Grinder,In-Store,Returning Customer,5,8613.91,15,36609.12,30429.34,6179.78,
100202,2024-06-30,South,Home & Kitchen,Mixer Grinder,In-Store,,1,5674.02,15,4822.92,3921.9,901.02,4.0
100203,2024-09-29,East,Clothing,Jacket,Online,Returning Customer,1,808.51,5,768.08,466.57,301.51,5.0
100204,2024-10-25,South,Grocery,Cooking Oil,Online,New Customer,4,306.09,0,1224.36,866.14,358.22,5.0
100205,2024-02-04,East,Clothing,T-Shirt,In-Store,New Customer,5,3029.89,0,15149.45,10209.82,4939.63,4.0
100206,2024-06-16,East,Electronics,Laptop,Online,Premium Member,2,33281.25,5,63234.38,38313.22,24921.16,5.0
100207,2024-03-01,West,Beauty,Face Wash,Online,Premium Member,5,1229.39,0,6146.95,4075.83,2071.12,3.0
100208,2024-01-19,West,Grocery,Rice 5kg,Online,Returning Customer,2,152.85,10,275.13,201.46,73.67,5.0
100209,2024-07-26,West,Clothing,Jacket,Online,Returning Customer,1,2261.28,0,2261.28,1626.73,634.55,3.0
100210,2024-05-31,West,Electronics,Smartphone,Online,Premium Member,3,29712.64,5,84681.02,50136.04,34544.98,4.0
100211,2024-07-24,South,Home & Kitchen,Vacuum Cleaner,Online,New Customer,5,2644.71,0,13223.55,9274.34,3949.21,4.0
100212,2024-01-11,North,Beauty,Sunscreen,In-Store,New Customer,1,1074.3,10,966.87,710.75,256.12,4.0
100213,2023-09-11,South,Sports,Yoga Mat,Online,Returning Customer,4,2929.5,0,11718.0,6663.81,5054.19,3.0
100214,2024-05-18,North,Sports,Running Shoes,In-Store,,1,2617.43,15,2224.82,1718.62,506.2,
100215,2024-04-12,East,Clothing,Jacket,Online,Premium Member,3,3447.27,0,10341.81,6105.84,4235.97,
100216,2024-09-04,East,Home & Kitchen,Mixer Grinder,Online,Returning Customer,3,10683.06,10,28844.26,20865.34,7978.92,5.0
100217,2024-07-28,South,Grocery,Rice 5kg,In-Store,New Customer,4,803.18,5,3052.08,1871.24,1180.84,
100218,2024-06-20,North,Sports,Yoga Mat,In-Store,New Customer,5,5851.36,0,29256.8,17826.11,11430.69,5.0
100219,2024-10-07,East,Sports,Yoga Mat,Online,Premium Member,4,2158.74,0,8634.96,6164.08,2470.88,5.0
100220,2023-10-04,North,Clothing,T-Shirt,Online,New Customer,1,2666.95,0,2666.95,1794.21,872.74,3.0
100221,2024-10-23,East,Sports,Cricket Bat,In-Store,New Customer,1,1107.08,10,996.37,680.88,315.49,4.0
100222,2023-06-05,East,Beauty,Face Wash,In-Store,Premium Member,3,1295.35,5,3691.75,2374.62,1317.13,
100223,2023-08-15,East,Grocery,Cooking Oil,In-Store,Premium Member,1,708.17,10,637.35,483.68,153.67,
100224,2024-10-07,East,Home & Kitchen,Vacuum Cleaner,Online,Returning Customer,4,5074.05,0,20296.2,12838.41,7457.79,5.0
100225,2024-05-21,South,Electronics,Smartphone,In-Store,New Customer,1,13999.16,15,11899.29,9810.5,2088.79,5.0
100226,2023-06-22,West,Electronics,Laptop,In-Store,Returning Customer,3,39426.62,0,118279.86,81700.3,36579.56,4.0
100227,2024-04-09,North,Electronics,Smartwatch,Online,Returning Customer,3,11114.2,10,30008.34,22331.6,7676.74,
100228,2024-05-28,East,Beauty,Shampoo,In-Store,New Customer,5,1532.95,0,7664.75,4873.53,2791.22,
100229,2024-05-08,West,Grocery,Rice 5kg,Online,New Customer,4,174.25,0,697.0,510.15,186.85,4.0
100230,2024-04-26,West,Electronics,Bluetooth Speaker,In-Store,New Customer,4,21542.18,0,86168.72,53266.33,32902.39,
100231,2024-02-10,East,Home & Kitchen,Cookware Set,Online,Returning Customer,4,8375.98,0,33503.92,19996.38,13507.54,5.0
100232,2024-08-01,East,Clothing,Jeans,Online,Premium Member,1,309.35,0,309.35,207.52,101.83,5.0
100233,2024-04-11,North,Electronics,Headphones,Online,Returning Customer,3,20799.1,5,59277.43,41692.22,17585.21,4.0
100234,2023-02-18,North,Beauty,Sunscreen,Online,New Customer,2,913.71,5,1736.05,1084.94,651.11,3.0
100235,2024-01-17,North,Grocery,Rice 5kg,Online,New Customer,3,801.49,5,2284.25,1336.73,947.52,4.0
100236,2024-05-08,West,Grocery,Snacks Combo,Online,Returning Customer,4,678.49,15,2306.87,1856.86,450.01,
100237,2024-03-20,South,Grocery,Cooking Oil,In-Store,Premium Member,1,601.85,0,601.85,362.03,239.82,
100238,2024-11-17,West,Clothing,Jeans,In-Store,Premium Member,4,1480.97,0,5923.88,3754.49,2169.39,5.0
100239,2023-11-28,North,Electronics,Smartphone,In-Store,Returning Customer,2,40096.11,5,76182.61,52159.48,24023.13,
100240,2024-12-13,East,Sports,Cricket Bat,In-Store,New Customer,2,3367.95,10,6062.31,5040.15,1022.16,5.0
100241,2023-09-25,South,Electronics,Bluetooth Speaker,Online,Premium Member,1,10663.05,5,10129.9,7606.43,2523.47,
100242,2023-10-04,East,Clothing,Sneakers,In-Store,New Customer,5,3057.58,5,14523.5,9100.21,5423.29,3.0
100243,2023-07-14,West,Electronics,Laptop,Online,Returning Customer,1,2401.01,0,2401.01,1573.05,827.96,4.0
100244,2024-10-29,South,Sports,Yoga Mat,In-Store,New Customer,4,2302.71,5,8750.3,5763.98,2986.32,
100245,2024-04-23,West,Home & Kitchen,Mixer Grinder,Online,Premium Member,2,10227.3,5,19431.87,13539.67,5892.2,
100246,2024-09-16,North,Grocery,Cooking Oil,Online,Returning Customer,3,191.35,0,574.05,339.71,234.34,5.0
100247,2023-08-22,South,Beauty,Lipstick,Online,Returning Customer,2,1635.14,0,3270.28,2423.88,846.4,1.0
100248,2023-03-28,South,Clothing,Sneakers,Online,New Customer,3,3375.63,0,10126.89,6350.6,3776.29,2.0
100249,2023-03-09,West,Electronics,Headphones,Online,,5,37713.87,5,179140.88,115115.3,64025.58,
100250,2024-07-16,North,Grocery,Cooking Oil,In-Store,New Customer,3,537.32,0,1611.96,1073.72,538.24,
100251,2024-04-27,North,Clothing,Jacket,Online,Returning Customer,3,3117.01,5,8883.48,6207.92,2675.56,4.0
100252,2023-06-14,East,Sports,Yoga Mat,Online,Returning Customer,3,1141.29,5,3252.68,2293.39,959.29,2.0
100253,2024-07-12,West,Grocery,Cooking Oil,In-Store,New Customer,1,638.22,5,606.31,355.42,250.89,5.0
100254,2023-05-27,South,Sports,Running Shoes,In-Store,Returning Customer,2,3151.94,5,5988.69,4176.59,1812.1,3.0
100255,2024-12-15,West,Home & Kitchen,Cookware Set,In-Store,Premium Member,3,5364.94,10,14485.34,11313.14,3172.2,4.0
100256,2023-12-31,South,Electronics,Smartwatch,Online,Returning Customer,1,40317.35,0,40317.35,29298.33,11019.02,3.0
100257,2023-01-13,West,Grocery,Snacks Combo,In-Store,Returning Customer,5,105.05,15,446.46,344.27,102.19,4.0
100258,2023-10-04,South,Clothing,T-Shirt,Online,New Customer,1,2838.86,20,2271.09,1675.3,595.79,5.0
100259,2024-05-02,South,Home & Kitchen,Mixer Grinder,Online,Returning Customer,5,863.46,15,3669.7,3084.22,585.48,5.0
100260,2023-09-14,West,Clothing,T-Shirt,In-Store,New Customer,4,1602.74,0,6410.96,3973.28,2437.68,
100261,2023-07-07,East,Clothing,Dress,In-Store,Returning Customer,2,545.96,5,1037.32,774.07,263.25,4.0
100262,2023-07-07,North,Clothing,Dress,In-Store,New Customer,2,1199.21,10,2158.58,1764.87,393.71,3.0
100263,2023-01-27,North,Grocery,Snacks Combo,Online,Returning Customer,5,107.61,0,538.05,340.71,197.34,5.0
100264,2023-01-31,West,Beauty,Shampoo,Online,Returning Customer,4,1201.2,5,4564.56,3087.73,1476.83,
100265,2023-02-22,West,Beauty,Shampoo,Online,New Customer,2,812.39,0,1624.78,1180.24,444.54,5.0
100266,2024-09-30,North,Sports,Yoga Mat,Online,,2,4784.89,10,8612.8,6399.28,2213.52,5.0
100267,2023-03-29,West,Electronics,Bluetooth Speaker,In-Store,New Customer,4,5662.89,0,22651.56,13683.32,8968.24,5.0
100268,2024-03-03,East,Clothing,Jacket,Online,Premium Member,4,2460.45,0,9841.8,5496.24,4345.56,4.0
100269,2024-12-29,East,Clothing,Dress,In-Store,Returning Customer,1,1191.01,0,1191.01,816.11,374.9,5.0
100270,2024-12-13,north,Home & Kitchen,Vacuum Cleaner,In-Store,New Customer,5,6383.99,0,31919.95,23083.36,8836.59,3.0
100271,2024-05-10,North,Beauty,Lipstick,Online,New Customer,1,456.94,5,434.09,289.32,144.77,4.0
100272,2024-10-10,East,Home & Kitchen,Cookware Set,In-Store,New Customer,5,9245.06,0,46225.3,29073.26,17152.04,5.0
100273,2023-10-01,East,Beauty,Sunscreen,Online,Returning Customer,1,1618.85,0,1618.85,1009.45,609.4,
100274,2023-04-28,West,Grocery,Tea Pack,Online,Returning Customer,5,390.86,0,1954.3,1082.42,871.88,
100275,2023-05-18,North,Home & Kitchen,Vacuum Cleaner,Online,Premium Member,4,911.15,5,3462.37,2706.84,755.53,4.0
100276,2023-08-18,East,Sports,Running Shoes,In-Store,Returning Customer,2,5199.93,5,9879.87,5878.8,4001.07,3.0
100277,2024-11-04,North,Grocery,Rice 5kg,In-Store,Returning Customer,4,606.33,5,2304.05,1609.49,694.56,4.0
100278,2024-10-08,West,Home & Kitchen,Mixer Grinder,Online,Premium Member,1,4060.82,0,4060.82,2357.17,1703.65,5.0
100279,2024-05-03,West,Clothing,Sneakers,Online,New Customer,4,485.1,20,1552.32,1433.07,119.25,5.0
100280,2024-08-30,East,Home & Kitchen,Vacuum Cleaner,Online,Returning Customer,1,3324.27,0,3324.27,1921.96,1402.31,4.0
100281,2024-01-29,South,Home & Kitchen,Vacuum Cleaner,In-Store,Returning Customer,4,5147.46,10,18530.86,12394.69,6136.17,2.0
100282,2024-07-17,South,Beauty,Sunscreen,Online,New Customer,2,1288.66,15,2190.72,1673.87,516.85,
100283,2023-09-05,North,Clothing,Jacket,In-Store,Returning Customer,2,2474.79,0,4949.58,2994.2,1955.38,5.0
100284,2023-07-29,East,Beauty,Face Wash,Online,Returning Customer,5,944.2,15,4012.85,3233.27,779.58,
100285,2023-11-27,West,Home & Kitchen,Vacuum Cleaner,Online,Premium Member,4,11456.01,20,36659.23,31726.02,4933.21,5.0
100286,2023-11-28,North,Electronics,Smartphone,Online,New Customer,2,44175.59,0,88351.18,62598.49,25752.69,5.0
100287,2023-12-20,East,Home & Kitchen,Mixer Grinder,In-Store,Premium Member,5,10367.29,10,46652.81,31723.91,14928.9,
100288,2024-03-02,East,Home & Kitchen,Air Fryer,Online,Returning Customer,4,935.55,0,3742.2,2325.43,1416.77,5.0
100289,2023-09-12,East,Clothing,Sneakers,Online,,3,1112.23,0,3336.69,2103.96,1232.73,5.0
100290,2023-06-22,North,Electronics,Laptop,In-Store,Returning Customer,1,34532.15,0,34532.15,21703.17,12828.98,5.0
100291,2024-11-05,North,Home & Kitchen,Cookware Set,Online,Returning Customer,4,5126.82,5,19481.92,12983.59,6498.33,5.0
100292,2023-02-27,West,Sports,Running Shoes,Online,Premium Member,1,618.01,0,618.01,361.56,256.45,5.0
100293,2024-08-02,East,Home & Kitchen,Air Fryer,Online,Returning Customer,2,10204.19,0,20408.38,12980.15,7428.23,5.0
100294,2023-06-03,West,Grocery,Cooking Oil,In-Store,Returning Customer,2,247.84,5,470.9,291.08,179.82,2.0
100295,2024-09-06,North,Beauty,Face Wash,Online,New Customer,3,986.42,5,2811.3,2107.51,703.79,5.0
100296,2023-07-08,East,Grocery,Tea Pack,Online,Premium Member,2,798.22,5,1516.62,968.23,548.39,3.0
100297,2024-08-03,South,Grocery,Cooking Oil,Online,Returning Customer,4,508.46,0,2033.84,1514.43,519.41,
100298,2023-03-26,South,Home & Kitchen,Air Fryer,Online,Returning Customer,4,4272.95,10,15382.62,11590.41,3792.21,3.0
100299,2023-12-09,East,Beauty,Shampoo,In-Store,New Customer,3,449.66,0,1348.98,985.28,363.7,5.0
100300,2024-07-04,North,Beauty,Face Wash,Online,New Customer,3,833.88,10,2251.48,1386.24,865.24,
100301,2023-09-11,East,Home & Kitchen,Air Fryer,Online,New Customer,4,11431.14,5,43438.33,26336.81,17101.52,4.0
100302,2023-07-10,South,Sports,Yoga Mat,In-Store,Premium Member,3,4899.7,0,14699.1,8452.35,6246.75,5.0
100303,2023-11-09,North,Home & Kitchen,Mixer Grinder,Online,New Customer,4,11759.49,15,39982.27,32467.2,7515.07,4.0
100304,2023-06-24,South,Electronics,Headphones,Online,New Customer,4,18034.75,0,72139.0,51781.34,20357.66,
100305,2023-09-27,West,Sports,Running Shoes,In-Store,Premium Member,1,3392.03,5,3222.43,2157.06,1065.37,1.0
100306,2023-12-02,West,Grocery,Tea Pack,In-Store,Returning Customer,4,265.92,15,904.13,757.08,147.05,4.0
100307,2024-03-03,South,Beauty,Lipstick,Online,New Customer,3,1553.62,20,3728.69,3148.87,579.82,
100308,2023-05-04,North,Sports,Dumbbells,Online,New Customer,4,3879.24,0,15516.96,10808.18,4708.78,3.0
100309,2023-04-28,North,Electronics,Smartphone,Online,Returning Customer,5,4358.47,0,21792.35,13648.29,8144.06,5.0
100310,2023-03-25,East,Beauty,Lipstick,Online,Returning Customer,4,608.46,0,2433.84,1548.9,884.94,5.0
100311,2023-08-06,South,Clothing,T-Shirt,Online,Returning Customer,4,1591.52,10,5729.47,4398.39,1331.08,3.0
100312,2024-12-31,South,Home & Kitchen,Vacuum Cleaner,Online,Returning Customer,2,4019.57,10,7235.23,5978.77,1256.46,4.0
100313,2023-10-22,North,Beauty,Sunscreen,Online,New Customer,4,905.74,0,3622.96,2393.6,1229.36,4.0
100314,2023-05-14,North,Clothing,T-Shirt,In-Store,Returning Customer,1,1982.42,0,1982.42,1091.13,891.29,
100315,2024-08-17,North,Clothing,Dress,In-Store,Returning Customer,5,948.42,5,4504.99,3273.13,1231.86,4.0
100316,2023-10-11,East,Grocery,Tea Pack,In-Store,Returning Customer,3,865.22,0,2595.66,1863.58,732.08,
100317,2023-09-19,West,Electronics,Smartphone,Online,Returning Customer,3,40184.5,0,120553.5,85766.32,34787.18,5.0
100318,2024-10-05,south,Electronics,Laptop,Online,Returning Customer,1,25153.17,10,22637.85,17360.05,5277.8,
100319,2023-02-08,North,Sports,Cricket Bat,Online,Returning Customer,5,832.01,15,3536.04,2583.28,952.76,3.0
100320,2023-11-10,East,Clothing,Jeans,In-Store,Returning Customer,4,3284.67,5,12481.75,7752.56,4729.19,4.0
100321,2024-08-25,East,Home & Kitchen,Cookware Set,Online,Premium Member,3,6829.32,0,20487.96,12778.13,7709.83,5.0
100322,2024-10-10,North,Home & Kitchen,Mixer Grinder,Online,Premium Member,3,8701.16,5,24798.31,16667.31,8131.0,4.0
100323,2024-07-02,West,Clothing,Jeans,Online,Returning Customer,2,370.12,0,740.24,481.55,258.69,
100324,2023-03-29,West,Electronics,Laptop,Online,Returning Customer,1,41672.38,0,41672.38,27223.94,14448.44,5.0
100325,2023-01-21,East,Home & Kitchen,Mixer Grinder,In-Store,Returning Customer,4,4038.9,0,16155.6,9693.22,6462.38,4.0
100326,2024-06-18,North,Grocery,Snacks Combo,Online,Premium Member,5,332.39,15,1412.66,1230.78,181.88,1.0
100327,2023-06-26,South,Electronics,Headphones,Online,Returning Customer,3,37504.56,0,112513.68,73619.94,38893.74,5.0
100328,2023-03-28,West,Home & Kitchen,Cookware Set,Online,Returning Customer,5,5942.92,5,28228.87,20633.4,7595.47,3.0
100329,2024-09-15,North,Electronics,Bluetooth Speaker,In-Store,Returning Customer,2,14199.26,5,26978.59,17579.99,9398.6,3.0
100330,2024-02-20,West,Beauty,Shampoo,Online,New Customer,4,345.38,0,1381.52,845.77,535.75,
100331,2024-07-12,South,Home & Kitchen,Cookware Set,Online,Premium Member,3,7037.04,5,20055.56,13422.22,6633.34,4.0
100332,2023-11-26,South,Clothing,T-Shirt,Online,New Customer,5,3085.69,5,14657.03,10128.79,4528.24,
100333,2024-03-08,South,Grocery,Rice 5kg,Online,Premium Member,1,249.13,0,249.13,181.65,67.48,
100334,2023-04-13,South,Electronics,Headphones,In-Store,Returning Customer,3,25757.71,5,73409.47,53142.77,20266.7,
100335,2023-01-25,East,Electronics,Headphones,Online,Premium Member,1,22447.15,0,22447.15,15899.58,6547.57,3.0
100336,2023-12-05,West,Electronics,Bluetooth Speaker,Online,New Customer,1,36394.95,15,30935.71,21498.3,9437.41,
100337,2024-06-17,South,Electronics,Smartwatch,In-Store,Returning Customer,1,4445.82,0,4445.82,3159.92,1285.9,3.0
100338,2023-08-09,East,Grocery,Snacks Combo,Online,Returning Customer,3,659.44,0,1978.32,1234.27,744.05,
100339,2024-04-23,East,Home & Kitchen,Cookware Set,Online,,1,4980.3,5,4731.28,2834.16,1897.12,
100340,2023-02-17,North,Electronics,Smartphone,Online,Returning Customer,2,34422.38,0,68844.76,40718.13,28126.63,4.0
100341,2024-07-24,North,Electronics,Smartwatch,Online,New Customer,3,20172.54,10,54465.86,43603.97,10861.89,4.0
100342,2024-07-27,North,Clothing,Dress,In-Store,New Customer,3,893.19,5,2545.59,1935.46,610.13,5.0
100343,2024-10-11,South,Electronics,Smartphone,In-Store,Returning Customer,2,20944.0,20,33510.4,26649.87,6860.53,4.0
100344,2024-05-19,North,Beauty,Lipstick,In-Store,New Customer,5,1512.76,5,7185.61,4581.33,2604.28,4.0
100345,2024-08-08,East,Sports,Running Shoes,In-Store,New Customer,4,4732.51,10,17037.04,10981.73,6055.31,
100346,2024-11-07,North,Beauty,Face Wash,In-Store,New Customer,5,1189.57,15,5055.67,4203.67,852.0,3.0
100347,2024-01-01,West,Grocery,Snacks Combo,In-Store,Premium Member,2,693.36,10,1248.05,958.73,289.32,5.0
100348,2023-01-27,West,Home & Kitchen,Mixer Grinder,In-Store,Premium Member,2,864.05,5,1641.7,1147.86,493.84,1.0
100349,2024-04-03,South,Home & Kitchen,Cookware Set,Online,New Customer,5,3398.6,0,16993.0,11943.88,5049.12,4.0
100350,2023-12-22,North,Home & Kitchen,Cookware Set,Online,Returning Customer,5,5306.15,0,26530.75,14959.78,11570.97,4.0
100351,2023-01-19,South,Clothing,Dress,Online,New Customer,3,3078.91,0,9236.73,5766.46,3470.27,4.0
100352,2023-07-10,North,Home & Kitchen,Mixer Grinder,In-Store,Returning Customer,1,5965.07,15,5070.31,3882.07,1188.24,5.0
100353,2023-07-08,East,Beauty,Shampoo,Online,Premium Member,4,975.59,10,3512.12,2690.39,821.73,4.0
100354,2024-04-02,East,Electronics,Smartwatch,Online,New Customer,2,30447.91,10,54806.24,35559.85,19246.39,
100355,2023-04-22,North,Home & Kitchen,Vacuum Cleaner,Online,Returning Customer,4,11562.31,5,43936.78,29955.59,13981.19,3.0
100356,2024-03-13,East,Sports,Running Shoes,Online,Returning Customer,5,2770.68,0,13853.4,9300.75,4552.65,5.0
100357,2023-05-24,East,Home & Kitchen,Vacuum Cleaner,Online,Premium Member,3,9059.17,0,27177.51,19310.38,7867.13,5.0
100358,2023-07-31,North,Electronics,Headphones,Online,Premium Member,4,16420.81,5,62399.08,41327.39,21071.69,4.0
100359,2023-12-16,South,Beauty,Lipstick,In-Store,Returning Customer,2,528.45,5,1004.06,638.06,366.0,
100360,2024-07-17,South,Sports,Cricket Bat,In-Store,New Customer,4,1958.86,10,7051.9,4820.76,2231.14,
100361,2024-07-21,North,Sports,Yoga Mat,Online,New Customer,4,1578.84,10,5683.82,3659.02,2024.8,2.0
100362,2024-01-18,West,Beauty,Shampoo,In-Store,Returning Customer,5,939.52,10,4227.84,2868.94,1358.9,1.0
100363,2023-04-22,North,Electronics,Headphones,Online,New Customer,1,32525.17,0,32525.17,20255.44,12269.73,
100364,2023-03-30,East,Home & Kitchen,Air Fryer,In-Store,Premium Member,5,11881.85,15,50497.86,37088.81,13409.05,
100365,2023-03-23,South,Electronics,Smartwatch,Online,Premium Member,1,38859.01,5,36916.06,23923.42,12992.64,3.0
100366,2023-12-11,South,Grocery,Rice 5kg,In-Store,New Customer,3,683.72,5,1948.6,1484.88,463.72,3.0
100367,2024-07-04,West,Grocery,Tea Pack,Online,New Customer,4,215.55,15,732.87,558.84,174.03,3.0
100368,2024-12-20,South,Grocery,Cooking Oil,In-Store,Returning Customer,1,724.23,0,724.23,534.32,189.91,5.0
100369,2023-03-17,East,Grocery,Snacks Combo,Online,Premium Member,1,287.17,5,272.81,187.92,84.89,4.0
100370,2024-01-23,North,Clothing,Jeans,Online,Returning Customer,1,786.56,5,747.23,487.86,259.37,
100371,2023-02-27,North,Home & Kitchen,Mixer Grinder,In-Store,Returning Customer,3,3467.24,15,8841.46,6694.69,2146.77,3.0
100372,2024-04-17,East,Clothing,Jeans,Online,Returning Customer,5,2762.24,0,13811.2,9882.06,3929.14,
100373,2024-08-28,North,Electronics,Laptop,Online,Premium Member,2,35081.61,0,70163.22,47378.73,22784.49,
100374,2023-11-04,West,Electronics,Smartwatch,Online,Returning Customer,1,15917.11,5,15121.25,11216.41,3904.84,5.0
100375,2023-03-13,West,Sports,Yoga Mat,Online,New Customer,3,4604.31,0,13812.93,9731.96,4080.97,
100376,2024-12-25,East,Beauty,Shampoo,Online,New Customer,3,1015.81,10,2742.69,1818.97,923.72,2.0
100377,2023-05-29,West,Home & Kitchen,Vacuum Cleaner,Online,Returning Customer,3,2953.87,0,8861.61,5972.04,2889.57,4.0
100378,2023-09-01,East,Clothing,T-Shirt,Online,Premium Member,4,2469.96,5,9385.85,6119.35,3266.5,3.0
100379,2023-03-24,South,Home & Kitchen,Cookware Set,Online,Returning Customer,1,1796.68,20,1437.34,1182.58,254.76,5.0
100380,2024-04-16,South,Sports,Dumbbells,Online,New Customer,4,1928.52,0,7714.08,4935.13,2778.95,5.0
100381,2024-08-01,North,Beauty,Shampoo,In-Store,Returning Customer,2,442.37,0,884.74,506.92,377.82,5.0
100382,2023-04-23,North,Sports,Yoga Mat,In-Store,Returning Customer,2,5194.34,0,10388.68,7287.59,3101.09,
100383,2024-11-18,East,Electronics,Headphones,In-Store,Premium Member,5,20032.14,10,90144.63,57490.06,32654.57,4.0
100384,2024-04-25,North,Grocery,Snacks Combo,In-Store,New Customer,1,214.81,0,214.81,141.63,73.18,5.0
100385,2023-04-22,North,Sports,Cricket Bat,In-Store,Premium Member,3,2700.8,5,7697.28,5983.88,1713.4,
100386,2023-07-22,West,Grocery,Cooking Oil,Online,Returning Customer,3,884.07,0,2652.21,1494.38,1157.83,4.0
100387,2024-03-24,East,Home & Kitchen,Cookware Set,In-Store,New Customer,2,9642.31,10,17356.16,12771.26,4584.9,
100388,2024-08-28,North,Clothing,Dress,Online,New Customer,4,387.2,5,1471.36,919.45,551.91,5.0
100389,2024-01-20,North,Clothing,Jeans,In-Store,Premium Member,3,1422.62,0,4267.86,3035.06,1232.8,1.0
100390,2024-08-24,North,Beauty,Face Wash,Online,Premium Member,3,515.04,0,1545.12,1099.63,445.49,5.0
100391,2023-09-26,South,Grocery,Tea Pack,In-Store,New Customer,2,640.77,5,1217.46,713.22,504.24,3.0
100392,2024-06-15,North,Home & Kitchen,Air Fryer,Online,New Customer,1,8805.24,0,8805.24,5578.41,3226.83,
100393,2023-01-19,East,Sports,Cricket Bat,Online,Returning Customer,4,4215.58,15,14332.97,9432.06,4900.91,1.0
100394,2024-01-16,South,Home & Kitchen,Cookware Set,Online,Returning Customer,5,6754.6,5,32084.35,20453.6,11630.75,
100395,2023-07-06,North,Beauty,Sunscreen,Online,New Customer,5,1321.69,0,6608.45,4054.54,2553.91,5.0
100396,2023-06-08,West,Grocery,Cooking Oil,In-Store,Premium Member,3,391.29,0,1173.87,712.7,461.17,
100397,2023-08-18,East,Grocery,Rice 5kg,Online,Returning Customer,3,812.75,10,2194.43,1344.97,849.46,5.0
100398,2024-05-08,North,Grocery,Snacks Combo,Online,Returning Customer,2,501.56,0,1003.12,666.68,336.44,1.0
100399,2024-03-22,North,Home & Kitchen,Vacuum Cleaner,In-Store,Premium Member,4,3419.65,0,13678.6,9868.27,3810.33,5.0
100400,2023-10-18,West,Sports,Dumbbells,In-Store,,3,4769.06,20,11445.74,8415.86,3029.88,3.0
100401,2024-06-13,North,Electronics,Headphones,Online,Returning Customer,5,14656.08,5,69616.38,46418.64,23197.74,
100402,2023-08-25,East,Electronics,Smartphone,In-Store,New Customer,2,16115.86,10,29008.55,18065.18,10943.37,
100403,2023-02-17,North,Home & Kitchen,Vacuum Cleaner,Online,Premium Member,5,4211.55,0,21057.75,12760.54,8297.21,
100404,2023-05-01,South,Beauty,Lipstick,Online,Returning Customer,2,1565.63,10,2818.13,2315.1,503.03,5.0
100405,2024-05-05,South,Clothing,Sneakers,Online,Returning Customer,2,498.03,5,946.26,660.6,285.66,5.0
100406,2024-12-03,South,Beauty,Lipstick,Online,Returning Customer,3,1479.32,0,4437.96,2641.54,1796.42,5.0
100407,2023-03-31,North,Sports,Dumbbells,Online,Premium Member,2,4111.66,15,6989.82,5771.27,1218.55,4.0
100408,2023-08-16,East,Sports,Cricket Bat,Online,New Customer,5,4656.9,0,23284.5,13501.51,9782.99,
100409,2023-06-13,South,Clothing,Dress,In-Store,Returning Customer,3,2530.92,0,7592.76,5150.18,2442.58,
100410,2024-06-17,South,Sports,Yoga Mat,Online,Returning Customer,4,4165.35,10,14995.26,11406.7,3588.56,5.0
100411,2024-05-31,North,Beauty,Lipstick,Online,Returning Customer,5,1783.1,0,8915.5,5696.16,3219.34,4.0
100412,2024-08-02,West,Beauty,Lipstick,In-Store,Returning Customer,5,1202.54,20,4810.16,4230.54,579.62,3.0
100413,2023-05-18,South,Sports,Running Shoes,Online,Premium Member,5,2805.89,0,14029.45,8078.65,5950.8,
100414,2023-11-23,North,Clothing,Sneakers,Online,Premium Member,4,924.03,10,3326.51,2610.14,716.37,5.0
100415,2024-09-09,West,Sports,Cricket Bat,Online,Premium Member,3,5797.41,0,17392.23,10093.67,7298.56,5.0
100416,2023-07-01,East,Clothing,Sneakers,Online,Returning Customer,4,2759.46,0,11037.84,7599.23,3438.61,
100417,2023-12-27,East,Grocery,Cooking Oil,Online,Returning Customer,4,655.13,0,2620.52,1963.77,656.75,
100418,2024-08-23,West,Electronics,Smartwatch,Online,Returning Customer,1,12526.31,0,12526.31,8471.23,4055.08,3.0
100419,2024-09-27,East,Beauty,Lipstick,In-Store,Premium Member,2,233.19,15,396.42,310.32,86.1,4.0
100420,2023-10-07,South,Beauty,Shampoo,In-Store,New Customer,2,1663.49,5,3160.63,1925.18,1235.45,4.0
100421,2024-02-24,East,Grocery,Tea Pack,Online,New Customer,5,637.3,15,2708.52,1941.1,767.42,
100422,2023-05-03,North,Grocery,Tea Pack,Online,New Customer,4,345.29,10,1243.04,913.38,329.66,2.0
100423,2024-06-10,North,Electronics,Smartwatch,In-Store,New Customer,4,29446.75,0,117787.0,71821.4,45965.6,5.0
100424,2023-09-02,East,Electronics,Smartwatch,Online,New Customer,5,43144.27,5,204935.28,140842.8,64092.48,
100425,2024-02-13,South,Clothing,Dress,In-Store,New Customer,1,1307.74,0,1307.74,765.52,542.22,5.0
100426,2023-12-10,South,Beauty,Shampoo,Online,Premium Member,3,1490.58,0,4471.74,2732.9,1738.84,3.0
100427,2023-11-22,East,Home & Kitchen,Mixer Grinder,In-Store,New Customer,3,2139.09,5,6096.41,3859.02,2237.39,5.0
100428,2023-08-31,South,Beauty,Lipstick,Online,New Customer,4,1416.37,0,5665.48,3673.56,1991.92,5.0
100429,2023-02-12,North,Sports,Running Shoes,In-Store,New Customer,2,2069.22,0,4138.44,2914.71,1223.73,4.0
100430,2024-07-04,West,Beauty,Lipstick,In-Store,Premium Member,2,971.91,10,1749.44,1167.19,582.25,1.0
100431,2023-08-08,West,Home & Kitchen,Air Fryer,In-Store,Returning Customer,3,10966.64,20,26319.94,22703.79,3616.15,5.0
100432,2024-10-13,South,Grocery,Rice 5kg,Online,New Customer,1,879.65,10,791.68,537.12,254.56,5.0
100433,2023-09-17,South,Electronics,Smartphone,Online,Premium Member,5,6475.59,5,30759.05,24084.8,6674.25,2.0
100434,2023-02-23,south,Electronics,Smartwatch,Online,New Customer,4,44901.42,5,170625.4,111525.38,59100.02,3.0
100435,2023-03-20,South,Electronics,Laptop,Online,Returning Customer,5,20561.06,5,97665.04,57806.32,39858.72,5.0
100436,2024-05-04,East,Electronics,Smartphone,Online,New Customer,1,27559.13,5,26181.17,17370.31,8810.86,2.0
100437,2024-05-27,North,Sports,Dumbbells,Online,Returning Customer,2,1603.53,0,3207.06,1997.13,1209.93,
100438,2024-06-03,South,Home & Kitchen,Air Fryer,Online,New Customer,3,7439.03,0,22317.09,13042.49,9274.6,5.0
100439,2023-12-21,North,Home & Kitchen,Vacuum Cleaner,Online,New Customer,2,6063.05,5,11519.8,7156.27,4363.53,1.0
100440,2023-03-07,East,Beauty,Sunscreen,In-Store,New Customer,5,355.17,15,1509.47,1321.57,187.9,
100441,2024-08-04,East,Beauty,Lipstick,Online,Returning Customer,5,167.31,15,711.07,485.06,226.01,5.0
100442,2023-06-04,South,Beauty,Face Wash,Online,New Customer,3,368.1,5,1049.08,749.59,299.49,3.0
100443,2023-10-01,East,Home & Kitchen,Cookware Set,Online,New Customer,1,10156.17,0,10156.17,6481.97,3674.2,
100444,2023-07-15,South,Grocery,Tea Pack,Online,Premium Member,2,723.21,5,1374.1,915.34,458.76,5.0
100445,2024-11-09,East,Sports,Cricket Bat,In-Store,Returning Customer,5,4989.81,10,22454.15,17652.66,4801.49,
100446,2024-03-18,North,Clothing,Dress,Online,New Customer,2,947.34,0,1894.68,1061.46,833.22,3.0
100447,2024-08-11,West,Home & Kitchen,Air Fryer,Online,New Customer,4,882.14,0,3528.56,2331.17,1197.39,4.0
100448,2023-07-14,West,Sports,Dumbbells,In-Store,New Customer,2,1437.55,5,2731.34,1952.52,778.82,
100449,2024-05-05,East,Electronics,Headphones,In-Store,Premium Member,4,6599.83,5,25079.35,15817.67,9261.68,2.0
100450,2023-06-20,East,Grocery,Snacks Combo,Online,Premium Member,3,534.88,0,1604.64,883.9,720.74,4.0
100451,2023-06-28,South,Electronics,Smartwatch,Online,New Customer,1,5510.98,20,4408.78,3691.65,717.13,4.0
100452,2024-03-07,North,Grocery,Rice 5kg,Online,New Customer,2,733.96,10,1321.13,967.93,353.2,3.0
100453,2024-08-10,North,Clothing,T-Shirt,In-Store,Premium Member,5,2499.35,20,9997.4,8698.35,1299.05,3.0
100454,2024-12-05,South,Beauty,Lipstick,Online,New Customer,4,1355.94,5,5152.57,3610.44,1542.13,5.0
100455,2024-11-22,west,Electronics,Bluetooth Speaker,In-Store,New Customer,3,21332.43,10,57597.56,43116.39,14481.17,4.0
100456,2024-10-23,North,Home & Kitchen,Air Fryer,In-Store,New Customer,5,5661.38,0,28306.9,17884.78,10422.12,2.0
100457,2024-09-18,east,Home & Kitchen,Vacuum Cleaner,Online,Returning Customer,3,4718.37,0,14155.11,9642.19,4512.92,
100458,2024-04-10,North,Home & Kitchen,Cookware Set,Online,New Customer,3,3725.02,10,10057.55,7414.41,2643.14,5.0
100459,2023-03-31,South,Grocery,Rice 5kg,Online,New Customer,5,129.96,10,584.82,381.14,203.68,1.0
100460,2023-10-24,South,Electronics,Bluetooth Speaker,In-Store,New Customer,2,42436.57,0,84873.14,54686.3,30186.84,
100461,2023-05-26,East,Sports,Yoga Mat,Online,New Customer,1,1499.25,0,1499.25,1082.96,416.29,4.0
100462,2023-12-11,South,Grocery,Snacks Combo,In-Store,Returning Customer,3,289.71,0,869.13,506.64,362.49,
100463,2024-03-14,South,Electronics,Bluetooth Speaker,Online,Returning Customer,1,4772.98,0,4772.98,2789.17,1983.81,4.0
100464,2023-10-01,South,Sports,Yoga Mat,In-Store,New Customer,1,2129.29,0,2129.29,1284.39,844.9,2.0
100465,2023-03-10,South,Sports,Cricket Bat,In-Store,Returning Customer,5,506.09,10,2277.4,1497.22,780.18,
100466,2023-03-08,North,Beauty,Sunscreen,In-Store,New Customer,3,1640.32,0,4920.96,2912.67,2008.29,3.0
100467,2024-07-02,North,Electronics,Smartwatch,Online,Returning Customer,4,10384.43,20,33230.18,28209.12,5021.06,5.0
100468,2023-07-25,south,Grocery,Snacks Combo,Online,New Customer,4,402.72,0,1610.88,1102.39,508.49,4.0
100469,2023-04-16,East,Home & Kitchen,Cookware Set,Online,New Customer,4,9146.41,0,36585.64,23087.92,13497.72,
100470,2024-01-02,West,Electronics,Smartwatch,In-Store,New Customer,3,38260.24,0,114780.72,85082.17,29698.55,2.0
100471,2024-04-11,West,Beauty,Sunscreen,In-Store,New Customer,4,951.32,5,3615.02,2797.8,817.22,5.0
100472,2024-06-05,East,Electronics,Smartphone,In-Store,Returning Customer,1,3555.23,10,3199.71,2119.83,1079.88,
100473,2024-04-26,North,Home & Kitchen,Cookware Set,Online,Returning Customer,5,8445.71,0,42228.55,31194.86,11033.69,5.0
100474,2023-04-22,South,Home & Kitchen,Vacuum Cleaner,Online,Returning Customer,4,7799.77,5,29639.13,19076.03,10563.1,5.0
100475,2023-01-01,South,Beauty,Lipstick,Online,New Customer,3,1266.46,5,3609.41,2394.97,1214.44,4.0
100476,2024-11-29,East,Home & Kitchen,Air Fryer,In-Store,Premium Member,4,11259.3,5,42785.34,28993.06,13792.28,4.0
100477,2023-11-13,South,Electronics,Smartwatch,In-Store,New Customer,2,14615.98,0,29231.96,16492.18,12739.78,2.0
100478,2024-07-15,East,Home & Kitchen,Cookware Set,In-Store,New Customer,5,2359.65,0,11798.25,7773.29,4024.96,5.0
100479,2024-03-21,North,Beauty,Face Wash,Online,New Customer,5,204.89,0,1024.45,648.65,375.8,
100480,2023-12-13,North,Electronics,Bluetooth Speaker,In-Store,Returning Customer,5,21697.54,5,103063.32,77408.65,25654.67,5.0
100481,2023-11-02,East,Electronics,Laptop,Online,New Customer,2,41970.09,10,75546.16,58697.07,16849.09,1.0
100482,2023-11-21,North,Home & Kitchen,Mixer Grinder,Online,Returning Customer,2,3259.91,0,6519.82,4779.03,1740.79,5.0
100483,2023-10-05,West,Grocery,Cooking Oil,In-Store,Premium Member,1,270.11,10,243.1,165.18,77.92,
100484,2023-10-10,South,Electronics,Smartwatch,Online,Returning Customer,4,44751.67,0,179006.68,100380.88,78625.8,
100485,2023-02-25,East,Clothing,Dress,In-Store,Returning Customer,5,1928.46,15,8195.96,6973.38,1222.58,
100486,2024-12-08,West,Clothing,Jeans,Online,New Customer,2,2022.86,20,3236.58,2919.01,317.57,
100487,2024-04-18,South,Home & Kitchen,Vacuum Cleaner,Online,New Customer,3,1004.68,15,2561.93,1699.1,862.83,5.0
100488,2024-11-24,North,Home & Kitchen,Cookware Set,Online,New Customer,3,4868.66,5,13875.68,10888.75,2986.93,5.0
100489,2024-05-13,South,Clothing,T-Shirt,In-Store,New Customer,2,1253.81,0,2507.62,1461.58,1046.04,5.0
100490,2023-10-05,East,Home & Kitchen,Mixer Grinder,Online,Premium Member,5,1278.68,15,5434.39,3668.1,1766.29,
100491,2023-08-07,East,Sports,Cricket Bat,In-Store,New Customer,4,4708.88,15,16010.19,13784.6,2225.59,5.0
100492,2024-06-18,West,Grocery,Snacks Combo,Online,Premium Member,5,402.52,5,1911.97,1171.28,740.69,4.0
100493,2023-01-10,North,Electronics,Bluetooth Speaker,In-Store,Returning Customer,1,29474.4,0,29474.4,19435.69,10038.71,
100494,2023-02-14,North,Clothing,Dress,In-Store,Premium Member,2,2651.07,10,4771.93,3820.64,951.29,
100495,2023-03-10,North,Clothing,T-Shirt,Online,Returning Customer,5,1396.29,5,6632.38,4107.91,2524.47,
100496,2023-06-18,East,Home & Kitchen,Cookware Set,In-Store,Premium Member,1,4549.64,0,4549.64,3080.69,1468.95,2.0
100497,2024-08-05,West,Beauty,Sunscreen,Online,New Customer,1,474.54,0,474.54,289.46,185.08,4.0
100498,2023-02-25,East,Beauty,Lipstick,In-Store,New Customer,3,1471.55,0,4414.65,2525.06,1889.59,5.0
100499,2023-09-28,North,Sports,Dumbbells,Online,Returning Customer,3,712.15,5,2029.63,1277.94,751.69,3.0
100500,2024-03-04,East,Beauty,Sunscreen,Online,New Customer,1,159.98,5,151.98,91.93,60.05,1.0
100501,2023-12-03,North,Clothing,Jeans,In-Store,Returning Customer,5,2072.78,5,9845.71,6105.29,3740.42,
100502,2023-04-11,East,Electronics,Headphones,In-Store,New Customer,4,42900.34,10,154441.22,114884.68,39556.54,5.0
100503,2023-09-22,South,Home & Kitchen,Vacuum Cleaner,Online,Premium Member,2,11095.13,5,21080.75,13723.05,7357.7,5.0
100504,2023-12-04,West,Home & Kitchen,Cookware Set,In-Store,Returning Customer,4,9336.36,10,33610.9,23093.29,10517.61,3.0
100505,2024-07-20,West,Sports,Running Shoes,In-Store,Returning Customer,4,4908.54,10,17670.74,12350.1,5320.64,
100506,2023-09-23,North,Clothing,Dress,Online,Returning Customer,4,896.54,10,3227.54,2363.78,863.76,
100507,2023-07-18,South,Electronics,Bluetooth Speaker,Online,New Customer,4,32522.48,20,104071.94,82661.87,21410.07,3.0
100508,2023-05-20,West,Electronics,Bluetooth Speaker,Online,Returning Customer,4,6607.1,0,26428.4,14540.61,11887.79,
100509,2024-04-01,South,Grocery,Snacks Combo,Online,New Customer,2,205.58,10,370.04,275.5,94.54,4.0
100510,2023-11-18,West,Beauty,Sunscreen,Online,Premium Member,5,1630.71,0,8153.55,5019.07,3134.48,5.0
100511,2024-01-08,South,Home & Kitchen,Cookware Set,Online,Premium Member,5,9500.14,10,42750.63,27852.68,14897.95,3.0
100512,2024-01-13,East,Grocery,Rice 5kg,Online,New Customer,1,504.82,10,454.34,362.11,92.23,4.0
100513,2024-09-09,East,Home & Kitchen,Vacuum Cleaner,In-Store,Returning Customer,4,2960.15,0,11840.6,7772.7,4067.9,5.0
100514,2024-10-18,West,Home & Kitchen,Mixer Grinder,Online,Returning Customer,5,8723.17,10,39254.26,31825.22,7429.04,4.0
100515,2023-01-19,West,Electronics,Smartphone,Online,New Customer,3,22539.89,0,67619.67,40555.83,27063.84,3.0
100516,2024-10-12,North,Sports,Dumbbells,In-Store,New Customer,4,875.81,5,3328.08,2388.02,940.06,3.0
100517,2024-10-22,North,Beauty,Lipstick,In-Store,Returning Customer,1,691.01,10,621.91,385.13,236.78,3.0
100518,2024-07-09,West,Beauty,Shampoo,Online,Returning Customer,3,290.91,20,698.18,570.42,127.76,4.0
100519,2024-01-17,South,Electronics,Laptop,In-Store,Returning Customer,4,37881.3,0,151525.2,89247.08,62278.12,4.0
100520,2023-06-29,South,Clothing,Jeans,Online,Returning Customer,1,468.78,10,421.9,268.89,153.01,
100521,2023-08-20,West,Clothing,Jeans,Online,Returning Customer,4,1737.05,5,6600.79,4614.87,1985.92,2.0
100522,2023-03-29,East,Beauty,Sunscreen,Online,Returning Customer,1,1744.35,20,1395.48,1261.19,134.29,4.0
100523,2024-08-23,South,Home & Kitchen,Cookware Set,Online,Returning Customer,3,3957.49,0,11872.47,8725.41,3147.06,
100524,2024-06-13,West,Grocery,Cooking Oil,Online,New Customer,5,260.66,5,1238.14,743.5,494.64,5.0
100525,2023-04-18,West,Grocery,Rice 5kg,Online,New Customer,5,403.15,15,1713.39,1248.1,465.29,
100526,2023-09-11,East,Grocery,Rice 5kg,In-Store,Premium Member,5,302.67,0,1513.35,1088.09,425.26,3.0
100527,2023-02-09,South,Home & Kitchen,Vacuum Cleaner,In-Store,New Customer,1,3141.21,10,2827.09,2320.86,506.23,5.0
100528,2024-05-10,North,Electronics,Laptop,In-Store,New Customer,3,10114.83,10,27310.04,19271.82,8038.22,4.0
100529,2024-02-13,North,Clothing,Dress,Online,New Customer,1,2022.76,15,1719.35,1269.47,449.88,5.0
100530,2023-07-16,West,Clothing,Dress,Online,Returning Customer,2,1462.89,15,2486.91,1770.43,716.48,2.0
100531,2024-07-21,East,Grocery,Tea Pack,In-Store,New Customer,5,407.28,0,2036.4,1202.9,833.5,5.0
100532,2023-10-08,South,Clothing,Sneakers,In-Store,Returning Customer,5,878.1,15,3731.92,2606.88,1125.04,1.0
100533,2023-04-15,East,Grocery,Rice 5kg,Online,New Customer,4,267.23,0,1068.92,652.03,416.89,3.0
100534,2023-06-16,East,Electronics,Laptop,Online,Returning Customer,2,30722.86,0,61445.72,37960.49,23485.23,5.0
100535,2023-05-12,East,Electronics,Smartwatch,Online,New Customer,3,23734.64,15,60523.33,45810.87,14712.46,2.0
100536,2024-11-27,West,Home & Kitchen,Air Fryer,In-Store,New Customer,4,9277.59,10,33399.32,26820.7,6578.62,5.0
100537,2024-09-27,North,Grocery,Tea Pack,In-Store,Premium Member,2,757.7,5,1439.63,850.02,589.61,5.0
100538,2023-06-14,South,Electronics,Smartphone,In-Store,Returning Customer,5,9639.23,0,48196.15,29379.02,18817.13,5.0
100539,2023-12-31,North,Electronics,Smartwatch,Online,Returning Customer,2,16224.57,20,25959.31,20996.09,4963.22,
100540,2024-03-28,South,Clothing,Jacket,In-Store,New Customer,1,2605.46,0,2605.46,1529.04,1076.42,
100541,2023-05-25,East,Electronics,Smartwatch,Online,Returning Customer,3,35517.37,0,106552.11,74839.86,31712.25,5.0
100542,2023-08-09,West,Sports,Dumbbells,Online,,1,5406.03,0,5406.03,3638.33,1767.7,5.0
100543,2023-08-26,South,Sports,Dumbbells,Online,Premium Member,5,3647.05,0,18235.25,11046.94,7188.31,3.0
100544,2023-07-12,East,Clothing,Dress,Online,Returning Customer,1,1706.6,5,1621.27,1026.96,594.31,1.0
100545,2023-04-19,West,Beauty,Lipstick,Online,New Customer,1,160.2,10,144.18,118.5,25.68,
100546,2024-12-03,East,Home & Kitchen,Air Fryer,In-Store,New Customer,2,5839.37,10,10510.87,8135.78,2375.09,5.0
100547,2024-01-08,West,Electronics,Smartwatch,Online,New Customer,1,38575.29,5,36646.53,25870.48,10776.05,
100548,2023-11-03,North,Grocery,Cooking Oil,Online,Returning Customer,2,384.2,10,691.56,448.82,242.74,3.0
100549,2023-12-01,North,Electronics,Smartwatch,Online,Returning Customer,3,16182.64,10,43693.13,29015.05,14678.08,
100550,2024-10-02,North,Home & Kitchen,Vacuum Cleaner,Online,New Customer,2,10261.73,0,20523.46,14189.74,6333.72,4.0
100551,2023-03-23,West,Beauty,Lipstick,In-Store,Returning Customer,2,366.83,0,733.66,488.8,244.86,4.0
100552,2023-07-19,West,Home & Kitchen,Cookware Set,Online,New Customer,4,10179.44,0,40717.76,29634.48,11083.28,
100553,2024-12-18,East,Sports,Yoga Mat,Online,New Customer,1,2379.45,0,2379.45,1542.37,837.08,1.0
100554,2023-06-27,North,Sports,Running Shoes,Online,Returning Customer,4,5906.71,0,23626.84,16214.07,7412.77,4.0
100555,2023-09-09,South,Clothing,Jeans,Online,Returning Customer,2,2993.19,0,5986.38,4302.79,1683.59,3.0
100556,2024-05-29,North,Clothing,Jacket,Online,New Customer,1,2284.75,5,2170.51,1314.03,856.48,
100557,2024-06-12,North,Home & Kitchen,Mixer Grinder,In-Store,New Customer,5,4906.8,0,24534.0,18284.98,6249.02,5.0
100558,2023-09-16,South,Grocery,Tea Pack,In-Store,Returning Customer,4,434.43,0,1737.72,1215.22,522.5,
100559,2023-09-19,East,Electronics,Laptop,In-Store,,5,19122.2,0,95611.0,65844.95,29766.05,5.0
100560,2024-01-02,North,Home & Kitchen,Vacuum Cleaner,In-Store,Premium Member,5,8560.71,20,34242.84,25469.49,8773.35,4.0
100561,2023-09-25,East,Clothing,T-Shirt,Online,Returning Customer,5,306.64,0,1533.2,1002.19,531.01,4.0
100562,2023-04-27,East,Clothing,Sneakers,Online,New Customer,3,1737.66,0,5212.98,3836.39,1376.59,
100563,2024-06-15,South,Clothing,T-Shirt,Online,New Customer,5,3076.65,10,13844.92,8787.57,5057.35,5.0
100564,2024-10-03,West,Sports,Yoga Mat,Online,New Customer,5,4682.75,0,23413.75,16655.48,6758.27,
100565,2023-06-15,North,Grocery,Cooking Oil,Online,New Customer,2,434.25,20,694.8,515.95,178.85,
100566,2023-12-24,North,Sports,Dumbbells,Online,Returning Customer,3,5499.72,5,15674.2,9500.5,6173.7,4.0
100567,2023-07-08,North,Clothing,Dress,Online,New Customer,2,3178.12,0,6356.24,3987.52,2368.72,5.0
100568,2024-07-18,West,Clothing,Jacket,In-Store,New Customer,5,845.92,5,4018.12,2718.79,1299.33,5.0
100569,2023-01-29,West,Electronics,Smartphone,Online,New Customer,2,4059.12,10,7306.42,5514.41,1792.01,4.0
100570,2024-09-02,East,Sports,Cricket Bat,In-Store,Returning Customer,4,623.71,0,2494.84,1784.5,710.34,4.0
100571,2024-08-03,West,Clothing,Sneakers,In-Store,Premium Member,2,1297.29,5,2464.85,1461.3,1003.55,5.0
100572,2024-11-19,West,Grocery,Cooking Oil,In-Store,Returning Customer,2,666.56,0,1333.12,817.38,515.74,
100573,2023-05-03,North,Grocery,Snacks Combo,In-Store,Premium Member,3,143.11,10,386.4,306.65,79.75,
100574,2023-12-24,West,Home & Kitchen,Air Fryer,Online,Returning Customer,5,3647.7,5,17326.58,10122.31,7204.27,4.0
100575,2023-09-21,West,Clothing,T-Shirt,Online,Returning Customer,2,2709.98,10,4877.96,3923.64,954.32,
100576,2024-07-02,North,Electronics,Bluetooth Speaker,Online,New Customer,5,15511.16,0,77555.8,51905.72,25650.08,
100577,2024-08-24,South,Electronics,Laptop,In-Store,Returning Customer,5,30775.11,0,153875.55,95479.2,58396.35,
100578,2024-06-20,East,Home & Kitchen,Mixer Grinder,Online,Returning Customer,1,1983.28,10,1784.95,1320.37,464.58,4.0
100579,2024-07-31,North,Clothing,Jeans,Online,Returning Customer,4,2349.43,0,9397.72,6969.29,2428.43,
100580,2024-04-22,North,Home & Kitchen,Cookware Set,In-Store,New Customer,4,1338.48,5,5086.22,2960.34,2125.88,5.0
100581,2024-06-19,South,Home & Kitchen,Mixer Grinder,Online,Premium Member,1,4728.71,10,4255.84,3067.43,1188.41,5.0
100582,2024-04-27,North,Home & Kitchen,Cookware Set,In-Store,Premium Member,2,7123.45,0,14246.9,10443.8,3803.1,
100583,2024-06-21,North,Clothing,T-Shirt,Online,New Customer,4,1749.23,15,5947.38,4795.44,1151.94,1.0
100584,2023-02-25,North,Beauty,Shampoo,Online,Returning Customer,2,996.88,0,1993.76,1265.43,728.33,3.0
100585,2023-04-19,North,Grocery,Tea Pack,Online,Premium Member,5,215.25,0,1076.25,670.7,405.55,
100586,2024-09-03,East,Grocery,Cooking Oil,Online,Returning Customer,4,546.99,10,1969.16,1637.3,331.86,
100587,2023-06-25,East,Home & Kitchen,Mixer Grinder,In-Store,Returning Customer,3,9743.83,0,29231.49,20641.52,8589.97,5.0
100588,2024-10-17,South,Grocery,Snacks Combo,Online,New Customer,5,704.95,15,2996.04,2601.79,394.25,
100589,2023-12-28,East,Electronics,Smartwatch,Online,New Customer,1,1362.17,0,1362.17,844.42,517.75,1.0
100590,2024-11-12,North,Grocery,Tea Pack,In-Store,New Customer,4,816.48,15,2776.03,2436.25,339.78,5.0
100591,2023-11-16,North,Clothing,Jeans,In-Store,New Customer,1,2877.59,0,2877.59,1820.77,1056.82,4.0
100592,2023-02-21,West,Sports,Dumbbells,In-Store,New Customer,5,5800.38,0,29001.9,17687.81,11314.09,
100593,2023-07-23,West,Clothing,T-Shirt,Online,New Customer,2,3440.43,5,6536.82,4357.18,2179.64,
100594,2023-10-27,North,Electronics,Smartphone,Online,New Customer,4,35648.95,0,142595.8,87151.55,55444.25,3.0
100595,2023-04-16,East,Home & Kitchen,Vacuum Cleaner,Online,Returning Customer,3,11957.71,5,34079.47,25585.12,8494.35,3.0
100596,2023-07-07,East,Clothing,Sneakers,Online,Returning Customer,2,1635.63,0,3271.26,1860.4,1410.86,
100597,2023-10-05,North,Beauty,Shampoo,Online,New Customer,2,418.14,20,669.02,602.39,66.63,5.0
100598,2024-12-19,North,Home & Kitchen,Vacuum Cleaner,In-Store,Returning Customer,3,5900.42,5,16816.2,9762.11,7054.09,3.0
100599,2023-06-18,North,Grocery,Snacks Combo,Online,Premium Member,2,225.86,0,451.72,288.21,163.51,
100600,2024-11-19,South,Beauty,Lipstick,In-Store,Returning Customer,1,955.04,0,955.04,645.0,310.04,2.0
100601,2024-07-04,South,Electronics,Headphones,Online,Premium Member,2,20959.5,10,37727.1,27970.33,9756.77,3.0
100602,2024-03-21,North,Beauty,Shampoo,Online,Premium Member,4,1192.05,5,4529.79,2745.89,1783.9,2.0
100603,2024-08-23,East,Electronics,Smartphone,In-Store,New Customer,4,18997.35,15,64590.99,52591.08,11999.91,3.0
100604,2023-05-11,North,Home & Kitchen,Cookware Set,Online,Returning Customer,3,2026.2,20,4862.88,3555.72,1307.16,4.0
100605,2024-10-12,South,Sports,Yoga Mat,In-Store,New Customer,5,5397.83,0,26989.15,16630.25,10358.9,
100606,2023-01-24,South,Sports,Cricket Bat,In-Store,New Customer,3,3957.48,0,11872.44,7020.88,4851.56,5.0
100607,2024-12-20,West,Home & Kitchen,Cookware Set,Online,Premium Member,3,5368.9,20,12885.36,10952.92,1932.44,4.0
100608,2023-10-31,North,Home & Kitchen,Cookware Set,Online,Returning Customer,5,9882.47,5,46941.73,36537.0,10404.73,3.0
100609,2024-07-09,South,Grocery,Rice 5kg,In-Store,New Customer,4,256.8,10,924.48,609.56,314.92,4.0
100610,2023-08-03,West,Electronics,Bluetooth Speaker,In-Store,New Customer,1,17712.94,20,14170.35,10711.16,3459.19,3.0
100611,2023-04-25,West,Home & Kitchen,Vacuum Cleaner,Online,Returning Customer,3,11241.39,10,30351.75,24096.98,6254.77,
100612,2023-12-07,South,Grocery,Cooking Oil,In-Store,New Customer,1,707.42,5,672.05,410.22,261.83,4.0
100613,2023-01-13,North,Electronics,Headphones,In-Store,Returning Customer,5,26819.97,0,134099.85,74595.53,59504.32,
100614,2024-04-12,South,Beauty,Face Wash,Online,Returning Customer,4,1494.78,0,5979.12,3643.55,2335.57,
100615,2024-08-23,North,Beauty,Sunscreen,Online,Returning Customer,2,176.27,5,334.91,261.64,73.27,5.0
100616,2024-06-10,North,Grocery,Cooking Oil,Online,Returning Customer,2,183.98,15,312.77,246.06,66.71,
100617,2024-06-11,South,Clothing,Jeans,Online,Premium Member,1,552.58,0,552.58,356.36,196.22,2.0
100618,2023-07-05,East,Sports,Dumbbells,In-Store,Returning Customer,5,4910.61,0,24553.05,13776.39,10776.66,4.0
100619,2023-03-14,South,Grocery,Cooking Oil,Online,New Customer,3,575.75,5,1640.89,1142.56,498.33,5.0
100620,2023-12-10,West,Home & Kitchen,Air Fryer,Online,Returning Customer,1,1193.78,0,1193.78,786.49,407.29,4.0
100621,2024-06-07,South,Grocery,Cooking Oil,Online,New Customer,1,487.96,0,487.96,339.72,148.24,
100622,2024-03-12,North,Home & Kitchen,Air Fryer,In-Store,New Customer,1,11387.44,15,9679.32,7591.84,2087.48,3.0
100623,2023-05-01,North,Beauty,Lipstick,Online,Returning Customer,3,1644.75,0,4934.25,2890.01,2044.24,3.0
100624,2024-03-17,North,Grocery,Snacks Combo,In-Store,Returning Customer,4,526.76,0,2107.04,1454.87,652.17,4.0
100625,2023-11-16,North,Beauty,Shampoo,Online,New Customer,4,156.47,20,500.7,444.66,56.04,5.0
100626,2023-04-10,East,Home & Kitchen,Air Fryer,Online,Returning Customer,5,9270.67,5,44035.68,26212.67,17823.01,
100627,2023-09-28,East,Beauty,Shampoo,Online,Premium Member,3,919.52,0,2758.56,1577.01,1181.55,5.0
100628,2023-08-17,East,Beauty,Shampoo,Online,Returning Customer,1,1711.21,5,1625.65,1126.05,499.6,
100629,2023-03-19,South,Home & Kitchen,Vacuum Cleaner,Online,Returning Customer,3,8255.29,5,23527.58,18193.87,5333.71,
100630,2023-05-31,South,Sports,Running Shoes,Online,Returning Customer,3,3572.5,5,10181.62,6543.3,3638.32,3.0
100631,2024-05-26,South,Clothing,Jacket,In-Store,Returning Customer,2,1320.22,5,2508.42,1563.2,945.22,
100632,2023-06-05,South,Beauty,Face Wash,Online,Returning Customer,3,390.29,10,1053.78,794.51,259.27,5.0
100633,2023-02-16,North,Beauty,Shampoo,Online,Premium Member,4,495.36,0,1981.44,1368.49,612.95,3.0
100634,2024-11-04,East,Clothing,Jacket,In-Store,Premium Member,3,1379.08,5,3930.38,2317.87,1612.51,3.0
100635,2023-08-25,East,Sports,Cricket Bat,In-Store,New Customer,2,1259.11,0,2518.22,1573.06,945.16,
100636,2023-01-07,East,Sports,Cricket Bat,Online,New Customer,5,1079.68,20,4318.72,3812.01,506.71,3.0
100637,2023-01-07,South,Grocery,Snacks Combo,Online,Returning Customer,2,771.38,5,1465.62,1049.3,416.32,5.0
100638,2024-12-01,North,Clothing,Jeans,In-Store,Returning Customer,3,2241.49,0,6724.47,4770.9,1953.57,4.0
100639,2024-09-11,East,Home & Kitchen,Air Fryer,Online,Returning Customer,3,7739.33,10,20896.19,16653.3,4242.89,
100640,2024-01-29,South,Beauty,Lipstick,Online,Returning Customer,2,233.91,15,397.65,289.2,108.45,5.0
100641,2024-01-14,South,Electronics,Smartphone,Online,Premium Member,4,29789.49,0,119157.96,74225.08,44932.88,5.0
100642,2023-08-24,East,Grocery,Snacks Combo,Online,New Customer,4,250.16,5,950.61,724.01,226.6,3.0
100643,2024-07-22,North,Electronics,Laptop,In-Store,Returning Customer,4,31787.2,0,127148.8,87021.97,40126.83,4.0
100644,2023-10-29,North,Home & Kitchen,Vacuum Cleaner,In-Store,Returning Customer,5,5013.33,0,25066.65,16423.4,8643.25,5.0
100645,2023-09-30,West,Beauty,Sunscreen,In-Store,New Customer,1,1690.13,10,1521.12,1124.68,396.44,4.0
100646,2023-04-25,South,Electronics,Smartwatch,Online,New Customer,2,30487.78,0,60975.56,41860.93,19114.63,5.0
100647,2024-11-19,North,Home & Kitchen,Cookware Set,Online,Returning Customer,2,1857.25,0,3714.5,2350.86,1363.64,5.0
100648,2023-09-10,South,Home & Kitchen,Mixer Grinder,In-Store,Returning Customer,4,10042.79,15,34145.49,25421.37,8724.12,4.0
100649,2024-07-23,East,Home & Kitchen,Vacuum Cleaner,Online,New Customer,2,5803.98,5,11027.56,8601.55,2426.01,5.0
100650,2023-11-29,East,Sports,Yoga Mat,Online,New Customer,5,3924.77,0,19623.85,13936.08,5687.77,4.0
100651,2024-04-07,North,Clothing,Sneakers,Online,New Customer,3,1982.47,10,5352.67,3962.7,1389.97,5.0
100652,2023-12-29,North,Grocery,Tea Pack,In-Store,Returning Customer,3,893.3,0,2679.9,1920.52,759.38,3.0
100653,2024-01-27,South,Home & Kitchen,Mixer Grinder,In-Store,Premium Member,3,4490.74,5,12798.61,9718.73,3079.88,4.0
100654,2024-09-26,West,Clothing,Sneakers,In-Store,Returning Customer,5,1257.59,10,5659.16,3720.3,1938.86,
100655,2024-05-17,South,Electronics,Smartphone,In-Store,Returning Customer,2,36123.35,0,72246.7,52558.63,19688.07,
100656,2023-08-14,North,Beauty,Face Wash,Online,Premium Member,1,592.67,5,563.04,411.48,151.56,5.0
100657,2024-11-26,South,Grocery,Tea Pack,Online,Returning Customer,1,862.63,15,733.24,596.58,136.66,4.0
100658,2024-06-03,East,Home & Kitchen,Cookware Set,Online,Returning Customer,3,7770.61,5,22146.24,14165.03,7981.21,4.0
100659,2023-08-30,West,Electronics,Headphones,In-Store,New Customer,4,16411.24,0,65644.96,45112.41,20532.55,5.0
100660,2024-01-29,South,Clothing,Dress,Online,New Customer,3,3329.12,10,8988.62,5931.86,3056.76,3.0
100661,2024-01-14,East,Clothing,Sneakers,Online,New Customer,4,705.99,5,2682.76,1825.69,857.07,4.0
100662,2023-03-24,West,Clothing,Sneakers,Online,Returning Customer,1,1186.25,0,1186.25,819.93,366.32,
100663,2023-02-18,West,Grocery,Tea Pack,Online,New Customer,2,719.99,0,1439.98,815.05,624.93,3.0
100664,2023-01-11,North,Home & Kitchen,Vacuum Cleaner,Online,Returning Customer,5,10370.57,10,46667.56,29061.79,17605.77,5.0
100665,2024-01-31,North,Home & Kitchen,Vacuum Cleaner,In-Store,Returning Customer,2,3145.48,5,5976.41,4387.59,1588.82,4.0
100666,2023-01-29,West,Grocery,Rice 5kg,In-Store,New Customer,3,145.61,0,436.83,315.25,121.58,
100667,2024-12-15,West,Grocery,Cooking Oil,Online,New Customer,3,808.38,5,2303.88,1628.23,675.65,
100668,2024-09-16,East,Grocery,Tea Pack,Online,Premium Member,1,538.49,5,511.57,311.73,199.84,3.0
100669,2024-04-25,South,Grocery,Tea Pack,Online,New Customer,1,664.67,0,664.67,372.61,292.06,5.0
100670,2024-10-18,South,Electronics,Smartphone,Online,New Customer,4,37061.11,0,148244.44,100984.15,47260.29,2.0
100671,2024-10-27,East,Sports,Yoga Mat,Online,Premium Member,5,5858.71,10,26364.2,16463.02,9901.18,2.0
100672,2024-06-03,East,Electronics,Laptop,In-Store,Returning Customer,4,23179.73,5,88082.97,57294.59,30788.38,4.0
100673,2024-12-30,North,Electronics,Laptop,Online,Premium Member,3,13127.41,0,39382.23,23645.08,15737.15,5.0
100674,2024-02-05,South,Grocery,Rice 5kg,In-Store,New Customer,1,509.09,0,509.09,293.14,215.95,4.0
100675,2023-08-04,West,Home & Kitchen,Cookware Set,Online,New Customer,1,1940.69,10,1746.62,1144.88,601.74,2.0
100676,2023-02-20,South,Beauty,Face Wash,In-Store,Returning Customer,1,1500.3,0,1500.3,1067.56,432.74,4.0
100677,2023-06-19,East,Home & Kitchen,Air Fryer,Online,Returning Customer,2,11416.07,0,22832.14,14641.86,8190.28,4.0
100678,2023-09-10,North,Sports,Dumbbells,In-Store,Returning Customer,3,906.78,5,2584.32,1639.32,945.0,4.0
100679,2024-02-26,East,Clothing,Jeans,Online,Premium Member,4,1607.98,5,6110.32,4290.81,1819.51,4.0
100680,2024-08-28,North,Home & Kitchen,Mixer Grinder,Online,Returning Customer,2,5146.25,10,9263.25,6290.27,2972.98,
100681,2024-01-31,East,Clothing,T-Shirt,Online,New Customer,4,1088.31,0,4353.24,2508.95,1844.29,5.0
100682,2024-12-17,North,Clothing,Jeans,Online,Returning Customer,1,2707.51,0,2707.51,1769.09,938.42,4.0
100683,2024-07-19,South,Sports,Yoga Mat,Online,New Customer,3,4897.01,5,13956.48,8913.19,5043.29,
100684,2024-03-01,East,Home & Kitchen,Mixer Grinder,Online,,2,4210.66,0,8421.32,4638.32,3783.0,
100685,2024-06-17,South,Electronics,Headphones,In-Store,Returning Customer,4,11156.71,0,44626.84,28991.37,15635.47,3.0
100686,2023-05-26,West,Home & Kitchen,Vacuum Cleaner,Online,New Customer,5,7422.57,15,31545.92,27009.66,4536.26,4.0
100687,2023-05-05,East,Clothing,Dress,Online,Premium Member,4,313.14,0,1252.56,793.28,459.28,
100688,2023-02-06,East,Electronics,Bluetooth Speaker,Online,New Customer,2,7456.65,10,13421.97,10558.54,2863.43,4.0
100689,2024-09-28,East,Clothing,Dress,Online,Returning Customer,3,1605.26,0,4815.78,3186.0,1629.78,1.0
100690,2023-03-12,North,Sports,Yoga Mat,Online,New Customer,2,5995.56,0,11991.12,7267.71,4723.41,
100691,2024-08-04,North,Clothing,T-Shirt,Online,Returning Customer,4,1043.33,15,3547.32,2569.31,978.01,
100692,2023-01-28,West,Beauty,Sunscreen,Online,New Customer,2,174.79,0,349.58,233.39,116.19,
100693,2023-10-04,South,Sports,Running Shoes,In-Store,Premium Member,1,5670.8,15,4820.18,3758.93,1061.25,3.0
100694,2023-09-23,South,Electronics,Bluetooth Speaker,Online,Returning Customer,1,12354.18,20,9883.34,7259.13,2624.21,
100695,2024-10-12,East,Home & Kitchen,Mixer Grinder,Online,Returning Customer,1,5574.76,0,5574.76,3418.97,2155.79,5.0
100696,2024-06-25,North,Home & Kitchen,Air Fryer,In-Store,Returning Customer,1,3438.34,15,2922.59,2482.14,440.45,4.0
100697,2023-08-03,West,Clothing,Jacket,In-Store,Returning Customer,2,2895.53,0,5791.06,3432.4,2358.66,4.0
100698,2024-08-06,West,Grocery,Snacks Combo,Online,Premium Member,5,208.35,0,1041.75,701.96,339.79,
100699,2023-10-03,East,Clothing,T-Shirt,In-Store,Returning Customer,1,1359.17,10,1223.25,831.78,391.47,4.0
100700,2023-11-22,North,Clothing,T-Shirt,In-Store,Returning Customer,5,2309.47,0,11547.35,8451.71,3095.64,4.0
100701,2024-10-27,North,Electronics,Laptop,In-Store,New Customer,4,14487.36,0,57949.44,33954.33,23995.11,4.0
100702,2024-10-29,North,Electronics,Bluetooth Speaker,In-Store,New Customer,2,38689.52,5,73510.09,45542.82,27967.27,
100703,2024-11-10,East,Grocery,Rice 5kg,Online,New Customer,4,461.7,15,1569.78,1359.88,209.9,
100704,2024-07-10,West,Home & Kitchen,Cookware Set,In-Store,Returning Customer,5,11216.06,0,56080.3,36359.53,19720.77,5.0
100705,2023-04-14,North,Clothing,T-Shirt,Online,New Customer,4,2312.39,10,8324.6,6502.94,1821.66,2.0
100706,2023-08-16,West,Home & Kitchen,Mixer Grinder,Online,Returning Customer,5,1452.04,15,6171.17,4934.69,1236.48,2.0
100707,2024-10-09,East,Sports,Running Shoes,Online,Premium Member,3,1577.55,5,4496.02,3185.6,1310.42,
100708,2023-03-14,South,Electronics,Bluetooth Speaker,In-Store,Premium Member,2,5296.18,5,10062.74,6098.56,3964.18,5.0
100709,2023-03-18,North,Sports,Yoga Mat,Online,Returning Customer,5,4947.02,15,21024.84,16933.69,4091.15,
100710,2023-12-18,South,Beauty,Shampoo,Online,Premium Member,2,550.86,15,936.46,626.46,310.0,3.0
100711,2024-08-18,South,Home & Kitchen,Mixer Grinder,Online,Returning Customer,1,6751.01,0,6751.01,5000.75,1750.26,4.0
100712,2023-09-12,South,Beauty,Shampoo,Online,Returning Customer,4,274.79,5,1044.2,745.81,298.39,5.0
100713,2024-08-09,North,Beauty,Face Wash,Online,New Customer,3,470.31,5,1340.38,1039.81,300.57,5.0
100714,2023-12-09,West,Grocery,Rice 5kg,In-Store,Returning Customer,5,856.46,0,4282.3,2560.77,1721.53,
100715,2023-10-19,East,Electronics,Smartphone,In-Store,New Customer,1,2899.42,0,2899.42,2076.71,822.71,5.0
100716,2023-02-26,South,Home & Kitchen,Vacuum Cleaner,Online,New Customer,4,3585.72,0,14342.88,8366.96,5975.92,4.0
100717,2023-01-23,South,Grocery,Tea Pack,Online,New Customer,3,813.23,0,2439.69,1702.91,736.78,1.0
100718,2023-02-20,West,Grocery,Snacks Combo,Online,Premium Member,1,82.39,0,82.39,58.64,23.75,
100719,2023-12-31,South,Sports,Dumbbells,Online,Returning Customer,5,5232.6,0,26163.0,17481.15,8681.85,4.0
100720,2024-12-13,North,Beauty,Lipstick,Online,Returning Customer,1,1462.22,0,1462.22,935.11,527.11,5.0
100721,2024-09-08,West,Electronics,Smartphone,In-Store,Returning Customer,1,18894.16,5,17949.45,10449.13,7500.32,
100722,2024-04-08,East,Home & Kitchen,Air Fryer,Online,,3,6643.52,0,19930.56,11039.32,8891.24,5.0
100723,2024-01-08,South,Electronics,Smartwatch,Online,Returning Customer,1,26213.88,0,26213.88,15769.28,10444.6,3.0
100724,2023-07-13,East,Grocery,Tea Pack,Online,New Customer,2,150.35,0,300.7,220.91,79.79,4.0
100725,2023-01-17,North,Clothing,Dress,In-Store,New Customer,1,3396.77,0,3396.77,2546.38,850.39,5.0
100726,2023-02-23,North,Clothing,T-Shirt,Online,Premium Member,4,2605.07,15,8857.24,6581.53,2275.71,
100727,2023-04-11,West,Sports,Cricket Bat,Online,Returning Customer,4,1034.31,10,3723.52,2682.48,1041.04,5.0
100728,2024-03-10,South,Beauty,Face Wash,Online,New Customer,2,1709.45,0,3418.9,2195.53,1223.37,4.0
100729,2023-12-25,East,Beauty,Shampoo,In-Store,New Customer,1,358.37,15,304.61,206.61,98.0,5.0
100730,2023-06-29,North,Electronics,Laptop,In-Store,Premium Member,5,4578.92,0,22894.6,15594.1,7300.5,
100731,2023-04-28,West,Beauty,Lipstick,Online,Returning Customer,4,624.74,10,2249.06,1409.46,839.6,5.0
100732,2024-09-28,East,Electronics,Laptop,In-Store,New Customer,4,13285.66,15,45171.24,37921.0,7250.24,2.0
100733,2023-05-29,East,Home & Kitchen,Air Fryer,Online,Premium Member,2,3157.92,5,6000.05,3768.82,2231.23,3.0
100734,2024-07-26,South,Sports,Dumbbells,Online,Returning Customer,2,2527.58,5,4802.4,3392.08,1410.32,4.0
100735,2024-08-23,East,Electronics,Bluetooth Speaker,In-Store,Premium Member,4,6941.3,10,24988.68,20448.76,4539.92,5.0
100736,2024-07-21,East,Clothing,T-Shirt,In-Store,New Customer,3,1526.13,10,4120.55,2935.95,1184.6,
100737,2024-07-13,North,Beauty,Shampoo,In-Store,New Customer,5,1329.26,15,5649.36,4868.09,781.27,5.0
100738,2024-09-13,South,Sports,Yoga Mat,In-Store,New Customer,5,5212.22,0,26061.1,19271.81,6789.29,3.0
100739,2023-07-27,North,Sports,Dumbbells,Online,New Customer,4,1199.82,10,4319.35,2797.58,1521.77,5.0
100740,2023-01-02,West,Sports,Dumbbells,In-Store,Premium Member,3,3088.6,5,8802.51,5409.61,3392.9,1.0
100741,2023-11-02,West,Home & Kitchen,Cookware Set,Online,New Customer,2,8868.18,5,16849.54,10664.14,6185.4,
100742,2024-09-21,South,Beauty,Sunscreen,In-Store,New Customer,3,787.29,5,2243.78,1466.72,777.06,1.0
100743,2023-10-15,East,Clothing,Jeans,In-Store,New Customer,4,2743.53,20,8779.3,7482.23,1297.07,
100744,2024-04-05,North,Electronics,Bluetooth Speaker,Online,Returning Customer,1,41832.14,15,35557.32,27649.59,7907.73,2.0
100745,2024-12-28,North,Electronics,Headphones,Online,New Customer,2,40435.73,10,72784.31,50124.98,22659.33,5.0
100746,2023-05-25,South,Sports,Yoga Mat,In-Store,New Customer,4,1837.41,10,6614.68,4747.89,1866.79,3.0
100747,2023-10-20,West,Electronics,Laptop,Online,New Customer,5,43801.05,5,208054.99,125705.59,82349.4,1.0
100748,2024-12-13,North,Electronics,Headphones,Online,New Customer,3,9687.96,0,29063.88,20275.84,8788.04,
100749,2024-02-19,North,Electronics,Laptop,In-Store,Returning Customer,5,11451.73,0,57258.65,34567.05,22691.6,4.0
100750,2024-11-01,North,Sports,Running Shoes,In-Store,New Customer,1,3270.43,0,3270.43,2096.31,1174.12,3.0
100751,2024-07-08,East,Home & Kitchen,Mixer Grinder,In-Store,New Customer,5,2686.53,10,12089.39,10034.0,2055.39,5.0
100752,2024-10-23,East,Sports,Yoga Mat,In-Store,Returning Customer,2,3088.76,0,6177.52,4007.05,2170.47,4.0
100753,2023-07-08,North,Home & Kitchen,Cookware Set,Online,New Customer,2,4141.38,0,8282.76,4826.54,3456.22,2.0
100754,2024-10-14,East,Electronics,Laptop,Online,New Customer,2,38050.68,5,72296.29,51276.11,21020.18,
100755,2024-04-06,West,Electronics,Bluetooth Speaker,Online,Returning Customer,4,33565.06,10,120834.22,77295.76,43538.46,
100756,2024-09-10,North,Clothing,T-Shirt,In-Store,Returning Customer,5,2172.25,5,10318.19,7050.45,3267.74,2.0
100757,2024-07-22,East,Clothing,Sneakers,Online,New Customer,5,1275.48,10,5739.66,4609.53,1130.13,
100758,2024-09-16,North,Clothing,Dress,Online,Returning Customer,4,1801.37,0,7205.48,4108.02,3097.46,1.0
100759,2024-11-17,West,Clothing,T-Shirt,Online,New Customer,3,373.75,15,953.06,663.94,289.12,
100760,2024-02-21,North,Grocery,Cooking Oil,In-Store,Returning Customer,2,608.7,0,1217.4,841.94,375.46,4.0
100761,2024-10-24,North,Grocery,Snacks Combo,Online,Premium Member,2,299.66,5,569.35,434.07,135.28,5.0
100762,2024-03-26,South,Grocery,Cooking Oil,Online,Returning Customer,1,829.33,0,829.33,518.07,311.26,3.0
100763,2024-05-11,West,Home & Kitchen,Cookware Set,In-Store,New Customer,5,1229.68,15,5226.14,4012.14,1214.0,3.0
100764,2024-12-17,West,Clothing,T-Shirt,In-Store,Returning Customer,2,473.48,10,852.26,536.18,316.08,4.0
100765,2023-09-05,West,Home & Kitchen,Mixer Grinder,In-Store,New Customer,5,4572.69,5,21720.28,16512.5,5207.78,
100766,2023-04-07,West,Sports,Yoga Mat,In-Store,Returning Customer,2,5840.49,0,11680.98,8275.72,3405.26,
100767,2023-02-08,South,Clothing,T-Shirt,In-Store,Premium Member,5,1880.32,20,7521.28,6618.05,903.23,3.0
100768,2024-05-14,East,Electronics,Smartphone,In-Store,New Customer,2,23354.44,5,44373.44,32496.44,11877.0,2.0
100769,2024-01-22,East,Clothing,T-Shirt,In-Store,New Customer,5,681.67,0,3408.35,2215.56,1192.79,5.0
100770,2024-05-26,North,Sports,Running Shoes,Online,Returning Customer,1,5299.42,10,4769.48,3357.61,1411.87,4.0
100771,2023-11-22,South,Electronics,Smartwatch,In-Store,Returning Customer,3,26283.51,5,74908.0,56860.52,18047.48,4.0
100772,2024-02-25,South,Electronics,Laptop,Online,Returning Customer,2,37183.26,0,74366.52,50284.43,24082.09,2.0
100773,2023-01-31,South,Sports,Cricket Bat,In-Store,New Customer,4,611.11,0,2444.44,1609.57,834.87,
100774,2023-01-10,South,Beauty,Sunscreen,Online,Returning Customer,3,1314.07,10,3547.99,2479.13,1068.86,
100775,2024-04-01,East,Sports,Yoga Mat,Online,New Customer,5,3322.43,0,16612.15,9774.64,6837.51,5.0
100776,2024-03-18,West,Electronics,Smartphone,In-Store,Premium Member,3,11331.56,10,30595.21,20767.86,9827.35,
100777,2024-11-20,East,Electronics,Smartphone,In-Store,Premium Member,1,10450.92,0,10450.92,6121.82,4329.1,5.0
100778,2024-07-03,South,Sports,Yoga Mat,Online,,3,2852.99,15,7275.12,5676.07,1599.05,
100779,2023-02-02,South,Clothing,Sneakers,Online,Returning Customer,5,2702.14,5,12835.16,9060.88,3774.28,1.0
100780,2023-03-08,West,Home & Kitchen,Vacuum Cleaner,In-Store,New Customer,5,1430.93,0,7154.65,4579.01,2575.64,2.0
100781,2024-09-01,South,Grocery,Rice 5kg,In-Store,Returning Customer,4,476.49,10,1715.36,1345.23,370.13,
100782,2023-05-03,North,Grocery,Tea Pack,In-Store,Returning Customer,4,170.34,10,613.22,396.06,217.16,5.0
100783,2024-04-15,East,Grocery,Rice 5kg,Online,Returning Customer,1,105.79,10,95.21,75.87,19.34,3.0
100784,2023-11-29,East,Grocery,Snacks Combo,In-Store,Returning Customer,4,553.86,10,1993.9,1645.93,347.97,
100785,2024-05-02,West,Sports,Cricket Bat,Online,Returning Customer,2,4584.46,0,9168.92,5604.48,3564.44,5.0
100786,2023-11-26,East,Home & Kitchen,Vacuum Cleaner,Online,Premium Member,1,5973.56,10,5376.2,4357.79,1018.41,
100787,2023-03-18,West,Grocery,Cooking Oil,In-Store,Returning Customer,4,732.55,0,2930.2,1615.43,1314.77,3.0
100788,2024-08-29,West,Grocery,Rice 5kg,Online,New Customer,2,139.35,20,222.96,165.73,57.23,5.0
100789,2023-12-31,East,Home & Kitchen,Cookware Set,Online,New Customer,5,11197.36,0,55986.8,35513.03,20473.77,4.0
100790,2024-03-10,East,Beauty,Sunscreen,In-Store,Returning Customer,2,294.5,5,559.55,431.69,127.86,
100791,2024-06-23,East,Sports,Yoga Mat,Online,Premium Member,3,2994.99,5,8535.72,5249.51,3286.21,4.0
100792,2024-07-31,West,Sports,Yoga Mat,Online,Premium Member,4,3308.63,5,12572.79,9051.58,3521.21,5.0
100793,2023-01-18,West,Sports,Running Shoes,Online,New Customer,3,4394.6,10,11865.42,8898.28,2967.14,
100794,2024-07-20,West,Grocery,Snacks Combo,Online,Returning Customer,1,324.81,15,276.09,193.57,82.52,4.0
100795,2023-04-11,West,Home & Kitchen,Mixer Grinder,Online,Returning Customer,4,10647.09,0,42588.36,31470.67,11117.69,3.0
100796,2023-07-30,West,Grocery,Rice 5kg,In-Store,,5,259.84,5,1234.24,884.04,350.2,4.0
100797,2023-03-11,west,Electronics,Smartwatch,Online,New Customer,5,44402.13,0,222010.65,127225.47,94785.18,
100798,2023-12-14,West,Sports,Cricket Bat,Online,New Customer,1,3844.51,5,3652.28,2467.79,1184.49,2.0
100799,2023-02-28,North,Electronics,Bluetooth Speaker,Online,Returning Customer,2,17894.23,5,33999.04,24891.44,9107.6,3.0
100800,2023-03-17,West,Grocery,Tea Pack,Online,,4,419.04,0,1676.16,1215.74,460.42,
100801,2023-01-01,North,Beauty,Shampoo,In-Store,Returning Customer,1,1087.73,5,1033.34,612.88,420.46,3.0
100802,2024-09-14,West,Home & Kitchen,Cookware Set,Online,New Customer,4,2125.66,5,8077.51,5101.72,2975.79,5.0
100803,2024-04-11,South,Clothing,Jeans,Online,New Customer,1,3122.09,5,2965.99,1898.16,1067.83,
100804,2024-11-26,East,Beauty,Sunscreen,In-Store,New Customer,2,1774.33,0,3548.66,2377.39,1171.27,5.0
100805,2024-10-08,West,Home & Kitchen,Mixer Grinder,Online,Returning Customer,2,5680.22,0,11360.44,7131.25,4229.19,3.0
100806,2023-01-26,South,Electronics,Smartwatch,Online,Returning Customer,3,10400.07,0,31200.21,19135.73,12064.48,3.0
100807,2023-08-29,South,Home & Kitchen,Air Fryer,In-Store,Returning Customer,5,11806.02,0,59030.1,37371.24,21658.86,3.0
100808,2024-08-31,North,Grocery,Snacks Combo,Online,Premium Member,1,745.09,0,745.09,529.86,215.23,4.0
100809,2023-05-19,East,Electronics,Headphones,Online,Returning Customer,2,6511.4,0,13022.8,8232.91,4789.89,4.0
100810,2024-01-31,West,Beauty,Sunscreen,Online,New Customer,3,1558.02,15,3972.95,3292.9,680.05,
100811,2023-05-22,East,Grocery,Tea Pack,Online,New Customer,3,498.0,5,1419.3,929.07,490.23,3.0
100812,2023-05-31,East,Beauty,Face Wash,Online,New Customer,4,1748.55,20,5595.36,4951.56,643.8,4.0
100813,2024-11-06,North,Clothing,Jacket,In-Store,Premium Member,4,3499.17,0,13996.68,9834.93,4161.75,4.0
100814,2024-06-19,North,Sports,Running Shoes,Online,New Customer,5,4254.65,5,20209.59,15681.86,4527.73,
100815,2023-04-25,North,Home & Kitchen,Vacuum Cleaner,Online,Premium Member,1,11123.34,10,10011.01,7745.64,2265.37,4.0
100816,2023-05-07,East,Home & Kitchen,Vacuum Cleaner,Online,New Customer,2,4418.4,10,7953.12,5386.34,2566.78,4.0
100817,2023-04-05,East,Beauty,Face Wash,Online,New Customer,1,1735.85,5,1649.06,1044.83,604.23,
100818,2024-05-12,North,Beauty,Shampoo,In-Store,New Customer,2,318.22,5,604.62,357.99,246.63,5.0
100819,2024-05-28,East,Home & Kitchen,Cookware Set,In-Store,Returning Customer,5,5266.8,5,25017.3,16598.54,8418.76,1.0
100820,2024-06-26,North,Sports,Yoga Mat,Online,New Customer,4,3699.28,5,14057.26,10343.62,3713.64,
100821,2023-03-02,East,Beauty,Lipstick,Online,Returning Customer,2,1459.93,15,2481.88,2102.89,378.99,5.0
100822,2024-06-05,East,Electronics,Headphones,Online,New Customer,3,20953.21,0,62859.63,43467.72,19391.91,
100823,2024-03-31,East,Beauty,Face Wash,Online,Returning Customer,4,1226.6,10,4415.76,3050.17,1365.59,
100824,2023-05-13,South,Sports,Cricket Bat,In-Store,New Customer,3,5653.1,0,16959.3,9361.01,7598.29,
100825,2024-06-11,South,Clothing,Jeans,Online,Returning Customer,2,2494.8,10,4490.64,2993.72,1496.92,4.0
100826,2023-02-11,South,Home & Kitchen,Mixer Grinder,In-Store,Returning Customer,1,8450.38,10,7605.34,6254.31,1351.03,4.0
100827,2023-03-15,North,Beauty,Shampoo,Online,New Customer,5,1760.53,5,8362.52,6435.3,1927.22,
100828,2024-09-28,East,Electronics,Smartwatch,In-Store,Premium Member,1,3276.8,10,2949.12,2198.33,750.79,
100829,2023-08-16,East,Grocery,Cooking Oil,Online,New Customer,3,94.81,5,270.21,175.27,94.94,4.0
100830,2024-08-07,North,Beauty,Face Wash,In-Store,Premium Member,5,344.6,10,1550.7,1045.27,505.43,
100831,2024-03-04,North,Electronics,Bluetooth Speaker,Online,Returning Customer,4,27855.44,20,89137.41,69607.53,19529.88,4.0
100832,2023-05-13,South,Grocery,Rice 5kg,In-Store,Returning Customer,2,420.7,5,799.33,468.86,330.47,4.0
100833,2024-01-13,North,Home & Kitchen,Air Fryer,In-Store,Returning Customer,3,6783.27,10,18314.83,11612.2,6702.63,5.0
100834,2024-01-11,East,Home & Kitchen,Cookware Set,In-Store,New Customer,3,11583.19,0,34749.57,22035.61,12713.96,3.0
100835,2023-06-24,North,Beauty,Lipstick,In-Store,,5,471.41,10,2121.35,1674.71,446.64,3.0
100836,2024-09-22,East,Beauty,Face Wash,Online,Returning Customer,5,243.06,15,1033.0,740.05,292.95,
100837,2023-04-03,West,Sports,Yoga Mat,Online,New Customer,5,3312.9,0,16564.5,12003.93,4560.57,3.0
100838,2023-07-29,North,Electronics,Bluetooth Speaker,Online,Returning Customer,3,31141.35,0,93424.05,68776.88,24647.17,
100839,2023-07-21,East,Beauty,Face Wash,Online,New Customer,2,1593.65,10,2868.57,2378.35,490.22,5.0
100840,2024-02-17,East,Electronics,Smartwatch,Online,,4,33025.27,15,112285.92,93905.5,18380.42,
100841,2023-12-31,West,Electronics,Smartphone,Online,Returning Customer,3,34551.9,5,98472.92,57104.02,41368.9,1.0
100842,2024-08-05,West,Grocery,Tea Pack,Online,Returning Customer,3,825.57,0,2476.71,1386.54,1090.17,
100843,2024-09-17,East,Clothing,Dress,Online,Returning Customer,3,991.63,5,2826.15,2179.53,646.62,5.0
100844,2024-02-16,West,Clothing,Jeans,In-Store,Returning Customer,2,630.81,0,1261.62,726.7,534.92,1.0
100845,2024-01-08,North,Home & Kitchen,Cookware Set,In-Store,New Customer,3,956.23,10,2581.82,1787.25,794.57,4.0
100846,2023-11-23,North,Clothing,Jacket,Online,Returning Customer,1,2377.53,0,2377.53,1323.64,1053.89,
100847,2023-12-19,North,Electronics,Laptop,Online,,3,6787.49,15,17308.1,13937.21,3370.89,5.0
100848,2023-03-26,West,Clothing,Sneakers,Online,New Customer,5,2976.43,10,13393.94,11031.05,2362.89,4.0
100849,2023-06-27,West,Clothing,T-Shirt,Online,New Customer,5,429.06,0,2145.3,1256.56,888.74,2.0
100850,2024-02-19,West,Clothing,Jacket,Online,New Customer,2,3326.51,15,5655.07,4166.67,1488.4,
100851,2024-07-23,West,Home & Kitchen,Air Fryer,Online,Returning Customer,1,5741.77,0,5741.77,4105.72,1636.05,
100852,2024-05-06,East,Beauty,Shampoo,Online,Premium Member,5,1084.39,0,5421.95,3290.69,2131.26,
100853,2024-06-12,South,Electronics,Smartphone,In-Store,Returning Customer,3,2368.44,0,7105.32,5158.19,1947.13,
100854,2024-10-07,North,Clothing,Sneakers,Online,Premium Member,4,3027.8,5,11505.64,7139.1,4366.54,1.0
100855,2023-08-23,West,Grocery,Cooking Oil,Online,Premium Member,1,376.65,0,376.65,254.33,122.32,4.0
100856,2023-12-14,South,Sports,Yoga Mat,Online,New Customer,1,3065.93,10,2759.34,2058.9,700.44,4.0
100857,2023-08-30,South,Clothing,Jacket,Online,Returning Customer,3,1947.77,0,5843.31,3988.53,1854.78,5.0
100858,2023-04-02,East,Sports,Running Shoes,Online,Returning Customer,5,901.94,20,3607.76,3125.82,481.94,5.0
100859,2024-11-06,East,Home & Kitchen,Mixer Grinder,In-Store,Premium Member,5,4350.41,10,19576.84,15645.32,3931.52,2.0
100860,2024-10-30,North,Grocery,Rice 5kg,Online,New Customer,3,447.76,20,1074.62,832.91,241.71,3.0
100861,2024-08-24,North,Sports,Running Shoes,Online,Returning Customer,3,2518.33,5,7177.24,5107.77,2069.47,5.0
100862,2024-03-29,North,Sports,Running Shoes,Online,Premium Member,1,570.13,10,513.12,318.85,194.27,
100863,2023-02-01,West,Beauty,Face Wash,Online,New Customer,3,1254.27,0,3762.81,2631.95,1130.86,
100864,2023-12-14,South,Grocery,Tea Pack,In-Store,Returning Customer,1,724.25,10,651.83,415.0,236.83,4.0
100865,2024-07-20,West,Electronics,Smartphone,Online,Premium Member,5,43343.74,15,184210.9,130914.71,53296.19,5.0
100866,2024-11-29,West,Grocery,Snacks Combo,Online,Returning Customer,3,92.52,0,277.56,168.31,109.25,3.0
100867,2024-12-04,West,Grocery,Cooking Oil,Online,,5,207.63,0,1038.15,672.72,365.43,
100868,2023-01-24,West,Grocery,Snacks Combo,In-Store,New Customer,5,94.79,15,402.86,268.86,134.0,5.0
100869,2024-02-28,West,Beauty,Lipstick,Online,New Customer,5,379.84,0,1899.2,1374.69,524.51,4.0
100870,2023-04-05,South,Clothing,Dress,In-Store,Returning Customer,1,2207.78,15,1876.61,1341.42,535.19,
100871,2023-06-27,South,Clothing,Dress,Online,Returning Customer,5,3254.56,5,15459.16,11704.03,3755.13,3.0
100872,2024-07-27,West,Grocery,Cooking Oil,Online,Returning Customer,1,514.51,0,514.51,346.98,167.53,5.0
100873,2024-10-16,North,Electronics,Laptop,In-Store,Returning Customer,4,7167.77,15,24370.42,18468.55,5901.87,5.0
100874,2024-12-09,North,Home & Kitchen,Air Fryer,Online,Returning Customer,4,9788.72,10,35239.39,22439.8,12799.59,5.0
100875,2023-12-29,East,Grocery,Snacks Combo,Online,Returning Customer,2,566.84,10,1020.31,811.31,209.0,
100876,2023-11-15,West,Electronics,Smartwatch,Online,Returning Customer,2,22566.64,0,45133.28,26647.44,18485.84,5.0
100877,2024-07-06,South,Sports,Cricket Bat,Online,Premium Member,5,1900.86,0,9504.3,6480.66,3023.64,
100878,2024-10-29,North,Home & Kitchen,Vacuum Cleaner,In-Store,New Customer,1,9811.99,0,9811.99,6919.37,2892.62,5.0
100879,2023-01-15,East,Home & Kitchen,Air Fryer,Online,Returning Customer,5,9091.51,5,43184.67,29816.92,13367.75,2.0
100880,2024-01-09,south,Clothing,Dress,In-Store,Premium Member,2,3114.07,5,5916.73,4211.02,1705.71,
100881,2024-11-26,East,Sports,Yoga Mat,Online,Premium Member,1,3601.17,15,3060.99,2264.76,796.23,5.0
100882,2024-02-14,North,Beauty,Face Wash,Online,Premium Member,4,979.2,10,3525.12,2170.22,1354.9,4.0
100883,2023-03-30,West,Home & Kitchen,Cookware Set,In-Store,New Customer,1,6876.54,20,5501.23,4896.12,605.11,4.0
100884,2024-01-29,South,Home & Kitchen,Vacuum Cleaner,Online,Returning Customer,5,6922.21,5,32880.5,22472.26,10408.24,1.0
100885,2024-12-11,East,Clothing,Sneakers,In-Store,Returning Customer,2,1028.89,5,1954.89,1284.66,670.23,3.0
100886,2024-03-23,West,Clothing,Jeans,In-Store,Returning Customer,3,413.96,5,1179.79,820.68,359.11,4.0
100887,2024-11-08,North,Clothing,Jacket,In-Store,New Customer,4,2046.89,0,8187.56,4782.14,3405.42,3.0
100888,2024-06-14,East,Sports,Cricket Bat,Online,New Customer,5,5928.4,15,25195.7,18642.8,6552.9,4.0
100889,2024-04-11,South,Beauty,Lipstick,Online,New Customer,4,190.39,10,685.4,420.67,264.73,
100890,2023-12-08,East,Home & Kitchen,Vacuum Cleaner,Online,Returning Customer,3,5946.35,0,17839.05,12050.3,5788.75,5.0
100891,2024-04-25,North,Grocery,Rice 5kg,In-Store,Returning Customer,3,673.34,10,1818.02,1227.97,590.05,4.0
100892,2023-04-27,East,Home & Kitchen,Air Fryer,Online,New Customer,4,10693.52,5,40635.38,26205.55,14429.83,5.0
100893,2023-10-13,West,Sports,Cricket Bat,Online,New Customer,2,1990.98,0,3981.96,2782.06,1199.9,
100894,2024-03-23,West,Electronics,Smartwatch,Online,New Customer,5,27075.01,5,128606.3,85794.18,42812.12,3.0
100895,2024-10-03,East,Sports,Running Shoes,Online,Returning Customer,5,1092.01,0,5460.05,3668.83,1791.22,
100896,2024-05-16,East,Sports,Cricket Bat,Online,New Customer,1,2738.78,10,2464.9,1568.53,896.37,5.0
100897,2023-06-08,West,Clothing,Jacket,In-Store,Returning Customer,5,1135.29,5,5392.63,4152.46,1240.17,5.0
100898,2024-07-24,East,Sports,Running Shoes,In-Store,New Customer,2,1021.95,0,2043.9,1439.56,604.34,2.0
100899,2023-08-10,West,Clothing,Dress,In-Store,Returning Customer,5,674.54,0,3372.7,1931.6,1441.1,2.0
100900,2024-06-11,North,Beauty,Shampoo,In-Store,Returning Customer,2,975.55,5,1853.54,1134.69,718.85,5.0
100901,2023-08-20,South,Clothing,Sneakers,Online,Returning Customer,2,693.32,0,1386.64,874.12,512.52,5.0
100902,2023-03-19,East,Electronics,Smartwatch,Online,Returning Customer,3,11572.41,5,32981.37,21187.85,11793.52,5.0
100903,2024-12-27,West,Clothing,Jacket,Online,Returning Customer,1,2166.95,0,2166.95,1475.87,691.08,
100904,2023-10-01,West,Grocery,Rice 5kg,In-Store,Returning Customer,1,550.27,15,467.73,329.27,138.46,5.0
100905,2024-09-03,East,Home & Kitchen,Cookware Set,In-Store,Returning Customer,5,1486.55,5,7061.11,4826.3,2234.81,
100906,2023-03-29,South,Beauty,Sunscreen,Online,New Customer,4,322.86,5,1226.87,771.96,454.91,5.0
100907,2023-02-15,East,Beauty,Lipstick,In-Store,Returning Customer,3,895.87,10,2418.85,1820.8,598.05,4.0
100908,2024-11-17,North,Home & Kitchen,Cookware Set,Online,New Customer,2,11047.22,0,22094.44,15764.0,6330.44,5.0
100909,2023-04-07,South,Sports,Dumbbells,Online,New Customer,1,2141.45,0,2141.45,1294.49,846.96,5.0
100910,2024-08-29,West,Sports,Cricket Bat,Online,Returning Customer,1,820.52,15,697.44,511.2,186.24,5.0
100911,2024-08-18,South,Home & Kitchen,Cookware Set,In-Store,Returning Customer,1,2454.76,5,2332.02,1446.2,885.82,
100912,2023-05-14,North,Beauty,Lipstick,Online,Premium Member,4,882.24,5,3352.51,2312.93,1039.58,
100913,2023-10-20,East,Electronics,Laptop,Online,Returning Customer,1,6607.7,20,5286.16,4154.55,1131.61,
100914,2023-08-14,North,Beauty,Sunscreen,Online,Returning Customer,5,1282.87,0,6414.35,4497.47,1916.88,5.0
100915,2024-04-27,South,Grocery,Snacks Combo,Online,Premium Member,5,281.52,5,1337.22,851.47,485.75,5.0
100916,2023-10-07,East,Beauty,Face Wash,In-Store,New Customer,5,503.52,0,2517.6,1779.92,737.68,
100917,2024-01-14,South,Clothing,Dress,Online,Returning Customer,5,2001.12,0,10005.6,6354.68,3650.92,4.0
100918,2024-08-02,East,Electronics,Bluetooth Speaker,Online,Returning Customer,4,29468.46,10,106086.46,73612.86,32473.6,
100919,2023-07-20,East,Clothing,Jacket,Online,Returning Customer,3,3316.35,10,8954.14,6641.38,2312.76,
100920,2024-11-21,East,Sports,Cricket Bat,In-Store,New Customer,5,1326.07,20,5304.28,3789.81,1514.47,5.0
100921,2024-08-13,North,Electronics,Headphones,In-Store,Returning Customer,1,18821.16,0,18821.16,10797.15,8024.01,5.0
100922,2024-12-18,South,Home & Kitchen,Mixer Grinder,In-Store,New Customer,3,7708.35,5,21968.8,14071.78,7897.02,4.0
100923,2024-02-07,West,Sports,Running Shoes,Online,Premium Member,2,3560.09,0,7120.18,5335.85,1784.33,3.0
100924,2023-06-27,South,Clothing,Jacket,In-Store,Returning Customer,5,1553.67,5,7379.93,5363.92,2016.01,4.0
100925,2023-09-21,South,Clothing,Jeans,Online,Returning Customer,2,1955.78,5,3715.98,2927.18,788.8,5.0
100926,2024-11-25,North,Beauty,Shampoo,In-Store,New Customer,5,1567.57,0,7837.85,4655.86,3181.99,
100927,2023-02-22,West,Sports,Running Shoes,Online,Returning Customer,2,1946.26,15,3308.64,2424.76,883.88,5.0
100928,2023-07-28,East,Grocery,Snacks Combo,Online,Returning Customer,2,723.03,10,1301.45,1004.32,297.13,
100929,2023-12-24,South,Clothing,Jacket,In-Store,New Customer,5,2300.09,15,9775.38,8170.98,1604.4,
100930,2024-10-25,South,Clothing,Dress,Online,Returning Customer,5,3090.74,0,15453.7,8766.11,6687.59,5.0
100931,2024-03-27,East,Beauty,Sunscreen,Online,New Customer,2,1685.37,10,3033.67,2145.68,887.99,3.0
100932,2023-09-04,East,Sports,Cricket Bat,Online,New Customer,3,3063.67,5,8731.46,6867.51,1863.95,5.0
100933,2024-09-11,North,Grocery,Cooking Oil,Online,Premium Member,1,812.26,10,731.03,541.78,189.25,4.0
100934,2024-07-20,West,Electronics,Smartwatch,In-Store,Returning Customer,4,12249.82,5,46549.32,34749.44,11799.88,3.0
100935,2023-10-31,South,Clothing,Sneakers,Online,Returning Customer,2,1936.7,10,3486.06,2448.8,1037.26,2.0
100936,2023-08-17,South,Clothing,T-Shirt,Online,Returning Customer,4,1887.44,0,7549.76,4342.83,3206.93,5.0
100937,2023-09-18,South,Sports,Yoga Mat,Online,New Customer,3,2267.67,0,6803.01,4417.26,2385.75,
100938,2024-01-14,North,Electronics,Bluetooth Speaker,Online,New Customer,5,2526.84,10,11370.78,8520.06,2850.72,4.0
100939,2024-02-25,North,Home & Kitchen,Air Fryer,Online,New Customer,1,2944.73,0,2944.73,1726.32,1218.41,4.0
100940,2024-10-10,East,Home & Kitchen,Mixer Grinder,Online,Premium Member,1,10115.69,5,9609.91,6685.66,2924.25,5.0
100941,2024-01-12,West,Home & Kitchen,Air Fryer,In-Store,Premium Member,3,6462.56,5,18418.3,14063.21,4355.09,
100942,2024-09-15,South,Electronics,Bluetooth Speaker,Online,Returning Customer,3,17641.53,0,52924.59,34981.75,17942.84,5.0
100943,2023-12-21,East,Home & Kitchen,Air Fryer,Online,Returning Customer,5,7906.79,5,37557.25,24847.29,12709.96,
100944,2024-11-24,South,Home & Kitchen,Air Fryer,Online,Returning Customer,3,9052.35,5,25799.2,15602.18,10197.02,5.0
100945,2023-06-25,North,Home & Kitchen,Air Fryer,Online,New Customer,4,2216.58,5,8423.0,4902.74,3520.26,5.0
100946,2024-07-12,East,Grocery,Cooking Oil,In-Store,Returning Customer,5,243.49,0,1217.45,679.91,537.54,4.0
100947,2024-04-23,West,Grocery,Snacks Combo,In-Store,Returning Customer,3,891.41,0,2674.23,1607.11,1067.12,5.0
100948,2023-09-16,South,Electronics,Laptop,Online,New Customer,2,13866.01,0,27732.02,18147.19,9584.83,4.0
100949,2024-03-14,North,Electronics,Smartwatch,Online,Returning Customer,4,4694.76,5,17840.09,13869.87,3970.22,4.0
100950,2024-09-24,West,Electronics,Smartwatch,In-Store,Returning Customer,2,28640.07,10,51552.13,42605.4,8946.73,3.0
100951,2023-10-04,South,Beauty,Face Wash,In-Store,New Customer,3,1706.66,0,5119.98,3087.47,2032.51,3.0
100952,2023-01-27,South,Grocery,Cooking Oil,Online,New Customer,4,802.15,0,3208.6,1937.16,1271.44,2.0
100953,2024-08-30,East,Electronics,Smartphone,Online,New Customer,1,42701.98,0,42701.98,25620.13,17081.85,4.0
100954,2023-09-29,East,Clothing,Jacket,Online,Premium Member,3,965.68,0,2897.04,2062.5,834.54,4.0
100955,2023-04-22,West,Home & Kitchen,Mixer Grinder,Online,Returning Customer,5,7885.98,20,31543.92,24135.84,7408.08,3.0
100956,2024-10-05,East,Home & Kitchen,Mixer Grinder,Online,Returning Customer,3,7567.1,15,19296.11,13959.76,5336.35,3.0
100957,2023-02-20,North,Clothing,T-Shirt,Online,Returning Customer,1,2973.56,0,2973.56,2143.55,830.01,4.0
100958,2024-12-23,East,Grocery,Tea Pack,Online,New Customer,2,515.69,10,928.24,730.5,197.74,4.0
100959,2024-11-18,East,Clothing,Dress,In-Store,Returning Customer,4,2525.02,5,9595.08,7325.21,2269.87,
100960,2023-02-18,North,Electronics,Headphones,Online,New Customer,3,30318.24,0,90954.72,51307.65,39647.07,4.0
100961,2024-08-21,North,Beauty,Lipstick,Online,New Customer,1,362.91,5,344.76,228.32,116.44,
100962,2024-12-03,South,Clothing,T-Shirt,Online,New Customer,5,473.67,5,2249.93,1343.74,906.19,4.0
100963,2023-01-20,East,Clothing,Dress,In-Store,Returning Customer,2,1146.09,5,2177.57,1497.92,679.65,5.0
100964,2024-04-26,East,Electronics,Bluetooth Speaker,In-Store,Returning Customer,3,28514.9,5,81267.47,48067.78,33199.69,
100965,2024-03-19,North,Electronics,Headphones,Online,New Customer,5,26432.34,10,118945.53,77040.42,41905.11,
100966,2023-04-22,North,Clothing,Sneakers,Online,Returning Customer,2,731.09,0,1462.18,1036.01,426.17,5.0
100967,2023-08-02,North,Home & Kitchen,Air Fryer,In-Store,New Customer,1,10042.16,0,10042.16,7511.89,2530.27,
100968,2024-04-18,North,Electronics,Smartwatch,Online,Premium Member,1,32541.65,10,29287.48,19735.84,9551.64,5.0
100969,2023-01-16,South,Beauty,Face Wash,Online,Premium Member,5,1765.11,15,7501.72,5348.17,2153.55,
100970,2023-06-24,East,Sports,Dumbbells,Online,Returning Customer,1,415.13,5,394.37,270.11,124.26,4.0
100971,2023-08-27,South,Beauty,Sunscreen,In-Store,Returning Customer,2,272.28,5,517.33,366.56,150.77,
100972,2024-07-19,East,Sports,Yoga Mat,Online,Returning Customer,2,620.69,5,1179.31,698.06,481.25,5.0
100973,2023-02-17,North,Electronics,Headphones,Online,New Customer,5,32750.14,5,155563.16,103015.21,52547.95,1.0
100974,2024-03-03,West,Home & Kitchen,Cookware Set,Online,Returning Customer,4,11764.01,0,47056.04,29245.17,17810.87,4.0
100975,2023-02-27,West,Grocery,Rice 5kg,In-Store,Returning Customer,3,575.37,10,1553.5,1157.37,396.13,
100976,2023-08-09,North,Sports,Running Shoes,Online,New Customer,5,1215.52,0,6077.6,3914.28,2163.32,5.0
100977,2023-02-16,East,Home & Kitchen,Cookware Set,Online,Premium Member,5,10059.35,0,50296.75,32740.71,17556.04,4.0
100978,2023-12-07,west,Sports,Running Shoes,Online,New Customer,3,2305.54,5,6570.79,5036.68,1534.11,3.0
100979,2024-11-29,South,Electronics,Laptop,Online,New Customer,4,17850.58,0,71402.32,49523.75,21878.57,4.0
100980,2023-01-10,North,Beauty,Face Wash,Online,New Customer,3,371.0,15,946.05,791.17,154.88,
100981,2023-03-09,South,Grocery,Cooking Oil,Online,New Customer,2,405.45,0,810.9,506.89,304.01,3.0
100982,2024-01-11,North,Sports,Yoga Mat,Online,Returning Customer,2,3145.24,0,6290.48,4501.25,1789.23,
100983,2024-07-17,North,Clothing,T-Shirt,Online,Returning Customer,3,3410.16,15,8695.91,7072.06,1623.85,
100984,2024-09-24,West,Sports,Yoga Mat,Online,Returning Customer,1,4552.98,0,4552.98,2804.9,1748.08,4.0
100985,2023-12-03,North,Grocery,Tea Pack,Online,Returning Customer,2,625.14,0,1250.28,737.39,512.89,5.0
100986,2024-12-17,East,Clothing,Jacket,Online,Returning Customer,2,599.1,5,1138.29,697.89,440.4,3.0
100987,2023-02-04,East,Grocery,Rice 5kg,Online,Returning Customer,4,284.42,0,1137.68,743.92,393.76,4.0
100988,2023-10-22,East,Clothing,Dress,Online,Premium Member,3,425.61,0,1276.83,892.4,384.43,
100989,2023-04-01,East,Beauty,Face Wash,Online,Returning Customer,3,790.12,0,2370.36,1492.45,877.91,4.0
100990,2024-11-17,South,Home & Kitchen,Vacuum Cleaner,Online,New Customer,5,1068.53,0,5342.65,3814.51,1528.14,4.0
100991,2023-08-12,South,Home & Kitchen,Mixer Grinder,In-Store,Premium Member,3,5205.55,10,14054.99,9922.52,4132.47,4.0
100992,2024-07-05,East,Home & Kitchen,Vacuum Cleaner,Online,New Customer,5,6471.34,10,29121.03,23695.58,5425.45,4.0
100993,2024-04-08,North,Electronics,Smartphone,Online,New Customer,1,29567.95,5,28089.55,17130.5,10959.05,3.0
100994,2023-01-06,North,Sports,Cricket Bat,Online,Returning Customer,5,2989.04,10,13450.68,10419.6,3031.08,
100995,2024-01-13,South,Electronics,Smartphone,Online,New Customer,4,12950.76,10,46622.74,31740.5,14882.24,5.0
100996,2023-10-02,East,Home & Kitchen,Mixer Grinder,In-Store,Returning Customer,4,5923.57,5,22509.57,16973.75,5535.82,4.0
100997,2023-07-01,East,Grocery,Rice 5kg,In-Store,New Customer,4,360.04,10,1296.14,957.77,338.37,5.0
100998,2024-04-02,North,Electronics,Headphones,Online,Premium Member,1,43723.41,15,37164.9,31783.18,5381.72,
100999,2024-11-25,North,Grocery,Tea Pack,Online,Returning Customer,1,357.82,0,357.82,226.96,130.86,5.0
101000,2024-02-19,South,Beauty,Lipstick,Online,Returning Customer,4,752.65,0,3010.6,2074.69,935.91,5.0
101001,2023-12-14,North,Electronics,Smartwatch,In-Store,New Customer,1,2076.51,0,2076.51,1356.96,719.55,
101002,2024-07-10,South,Sports,Dumbbells,In-Store,Premium Member,5,2722.52,15,11570.71,9623.79,1946.92,
101003,2024-10-05,South,Electronics,Smartwatch,Online,New Customer,2,27206.28,0,54412.56,32751.49,21661.07,4.0
101004,2024-12-22,North,Home & Kitchen,Air Fryer,In-Store,Returning Customer,4,1048.15,5,3982.97,2536.26,1446.71,4.0
101005,2023-12-15,East,Beauty,Shampoo,Online,Returning Customer,4,1605.58,5,6101.2,4043.5,2057.7,2.0
101006,2023-02-25,North,Sports,Yoga Mat,Online,Premium Member,4,483.72,15,1644.65,1158.98,485.67,4.0
101007,2023-02-01,West,Clothing,Sneakers,In-Store,Returning Customer,4,1601.79,10,5766.44,3995.07,1771.37,4.0
101008,2023-03-12,West,Clothing,Dress,In-Store,Premium Member,5,551.29,5,2618.63,1699.12,919.51,
101009,2024-05-19,East,Electronics,Smartwatch,In-Store,Returning Customer,5,19938.67,0,99693.35,72991.44,26701.91,
101010,2024-06-13,East,Beauty,Sunscreen,Online,New Customer,1,840.32,10,756.29,585.6,170.69,4.0
101011,2023-04-14,East,Beauty,Face Wash,Online,Returning Customer,5,1620.62,10,7292.79,4754.97,2537.82,
101012,2023-03-02,North,Clothing,Jacket,In-Store,Returning Customer,5,2596.83,10,11685.74,9299.05,2386.69,
101013,2023-06-13,South,Beauty,Lipstick,Online,Premium Member,3,1544.17,0,4632.51,2704.01,1928.5,
101014,2023-02-25,North,Beauty,Sunscreen,Online,Returning Customer,2,585.54,15,995.42,730.08,265.34,5.0
101015,2023-10-31,North,Grocery,Rice 5kg,Online,Returning Customer,2,272.13,5,517.05,369.79,147.26,4.0
101016,2024-07-13,West,Sports,Yoga Mat,Online,New Customer,4,2099.66,0,8398.64,5413.42,2985.22,4.0
101017,2023-02-08,West,Beauty,Face Wash,Online,New Customer,4,280.19,0,1120.76,712.22,408.54,
101018,2023-02-03,South,Clothing,T-Shirt,Online,Returning Customer,2,1104.18,0,2208.36,1368.95,839.41,4.0
101019,2024-03-20,West,Electronics,Smartwatch,In-Store,Returning Customer,3,22410.86,5,63870.95,43590.79,20280.16,4.0
101020,2024-05-07,East,Clothing,Dress,Online,New Customer,2,3423.45,20,5477.52,3848.56,1628.96,3.0
101021,2023-12-20,South,Grocery,Cooking Oil,In-Store,Returning Customer,4,555.19,10,1998.68,1416.36,582.32,5.0
101022,2024-01-09,East,Beauty,Lipstick,Online,Premium Member,1,1112.67,15,945.77,719.91,225.86,5.0
101023,2023-01-14,West,Clothing,T-Shirt,Online,,4,875.67,15,2977.28,2452.68,524.6,5.0
101024,2024-05-08,North,Electronics,Laptop,In-Store,Returning Customer,3,32013.66,5,91238.93,62232.51,29006.42,
101025,2024-01-30,South,Beauty,Face Wash,Online,New Customer,2,1386.24,15,2356.61,1852.9,503.71,
101026,2024-05-25,East,Grocery,Snacks Combo,Online,New Customer,1,493.81,20,395.05,332.46,62.59,5.0
101027,2023-08-08,North,Grocery,Rice 5kg,In-Store,Premium Member,5,894.45,0,4472.25,2727.71,1744.54,4.0
101028,2024-07-08,East,Grocery,Snacks Combo,Online,Returning Customer,1,744.13,5,706.92,543.78,163.14,3.0
101029,2023-06-01,North,Clothing,Dress,Online,Premium Member,3,1313.49,0,3940.47,2197.01,1743.46,4.0
101030,2023-03-13,East,Grocery,Rice 5kg,Online,Premium Member,4,492.93,15,1675.96,1453.69,222.27,5.0
101031,2023-11-06,North,Sports,Dumbbells,Online,Returning Customer,2,2876.06,0,5752.12,4289.35,1462.77,4.0
101032,2024-02-13,South,Beauty,Shampoo,Online,Returning Customer,2,254.11,0,508.22,345.62,162.6,1.0
101033,2023-10-15,South,Electronics,Laptop,In-Store,Returning Customer,2,12828.87,0,25657.74,15491.02,10166.72,4.0
101034,2024-06-18,East,Grocery,Snacks Combo,Online,Returning Customer,4,524.11,10,1886.8,1418.58,468.22,3.0
101035,2024-10-20,South,Home & Kitchen,Mixer Grinder,Online,New Customer,2,9166.5,15,15583.05,13596.2,1986.85,
101036,2024-05-28,North,Beauty,Sunscreen,Online,Premium Member,2,1547.19,5,2939.66,2123.88,815.78,5.0
101037,2023-07-03,East,Sports,Yoga Mat,Online,New Customer,4,4200.44,0,16801.76,10274.05,6527.71,
101038,2023-05-16,West,Sports,Yoga Mat,In-Store,Returning Customer,4,5373.86,15,18271.12,15455.57,2815.55,3.0
101039,2023-10-22,North,Beauty,Sunscreen,Online,Returning Customer,5,575.13,0,2875.65,1831.32,1044.33,
101040,2024-09-02,East,Clothing,Sneakers,Online,Returning Customer,1,1639.03,0,1639.03,1064.76,574.27,3.0
101041,2024-03-25,North,Electronics,Headphones,Online,Returning Customer,3,4039.74,10,10907.3,7701.62,3205.68,4.0
101042,2024-11-10,South,Clothing,Sneakers,Online,Premium Member,4,772.08,0,3088.32,1706.87,1381.45,3.0
101043,2024-06-08,East,Electronics,Smartwatch,In-Store,New Customer,5,41902.49,10,188561.2,147188.93,41372.27,
101044,2024-09-18,East,Home & Kitchen,Vacuum Cleaner,Online,Premium Member,5,11574.15,10,52083.68,39289.18,12794.5,4.0
101045,2023-09-10,East,Electronics,Smartphone,In-Store,Premium Member,5,28466.2,0,142331.0,93707.32,48623.68,
101046,2024-06-18,South,Grocery,Tea Pack,In-Store,Premium Member,5,527.4,10,2373.3,1867.21,506.09,
101047,2023-04-18,South,Grocery,Rice 5kg,Online,Returning Customer,3,735.65,5,2096.6,1555.06,541.54,2.0
101048,2023-03-06,North,Sports,Dumbbells,Online,Returning Customer,4,4466.62,5,16973.16,10290.24,6682.92,5.0
101049,2023-06-04,West,Clothing,Jeans,Online,Premium Member,4,1589.25,15,5403.45,3511.31,1892.14,4.0
101050,2023-10-05,North,Home & Kitchen,Mixer Grinder,In-Store,Returning Customer,1,8790.72,15,7472.11,4990.38,2481.73,5.0
101051,2024-09-04,South,Clothing,Sneakers,Online,Returning Customer,2,2793.1,10,5027.58,3627.42,1400.16,
101052,2024-04-19,East,Clothing,Dress,Online,Returning Customer,2,3490.47,5,6631.89,4885.02,1746.87,4.0
101053,2023-08-05,East,Beauty,Lipstick,In-Store,Returning Customer,3,1234.99,15,3149.22,2465.32,683.9,2.0
101054,2024-07-18,West,Sports,Yoga Mat,Online,New Customer,3,4995.51,0,14986.53,11233.65,3752.88,
101055,2024-08-12,North,Home & Kitchen,Air Fryer,Online,Returning Customer,4,11735.83,0,46943.32,34770.31,12173.01,
101056,2024-03-15,West,Clothing,Sneakers,Online,Returning Customer,5,2069.09,0,10345.45,7667.26,2678.19,
101057,2023-05-02,West,Clothing,Jeans,In-Store,New Customer,4,3091.89,10,11130.8,8236.7,2894.1,
101058,2023-04-21,North,Electronics,Smartphone,In-Store,Returning Customer,2,25975.25,0,51950.5,35895.67,16054.83,5.0
101059,2024-09-01,West,Beauty,Shampoo,Online,Returning Customer,4,482.06,0,1928.24,1355.61,572.63,3.0
101060,2024-06-20,North,Beauty,Shampoo,Online,New Customer,4,1373.5,5,5219.3,3084.96,2134.34,5.0
101061,2023-06-10,North,Beauty,Shampoo,In-Store,Returning Customer,4,355.43,20,1137.38,939.74,197.64,
101062,2024-09-11,West,Home & Kitchen,Cookware Set,Online,New Customer,3,9500.84,10,25652.27,19712.48,5939.79,
101063,2024-11-13,West,Home & Kitchen,Air Fryer,Online,Premium Member,4,7174.0,0,28696.0,18635.99,10060.01,5.0
101064,2023-05-29,East,Sports,Dumbbells,In-Store,,1,5827.8,5,5536.41,3670.82,1865.59,4.0
101065,2023-12-17,West,Sports,Dumbbells,Online,New Customer,1,4844.82,10,4360.34,2894.6,1465.74,
101066,2023-10-07,North,Grocery,Cooking Oil,Online,New Customer,4,538.63,0,2154.52,1378.13,776.39,4.0
101067,2023-12-16,North,Beauty,Shampoo,Online,Returning Customer,2,771.04,0,1542.08,1122.46,419.62,5.0
101068,2024-10-30,West,Beauty,Sunscreen,Online,Returning Customer,3,387.82,10,1047.11,856.55,190.56,4.0
101069,2023-09-19,West,Beauty,Lipstick,Online,Returning Customer,1,229.65,0,229.65,153.87,75.78,
101070,2024-02-27,West,Beauty,Shampoo,Online,New Customer,5,1109.53,0,5547.65,3522.35,2025.3,3.0
101071,2023-03-14,North,Beauty,Lipstick,Online,Returning Customer,1,320.38,0,320.38,204.15,116.23,4.0
101072,2023-10-29,West,Home & Kitchen,Cookware Set,In-Store,Returning Customer,1,4459.5,5,4236.52,3307.67,928.85,4.0
101073,2024-04-25,East,Grocery,Snacks Combo,Online,New Customer,3,165.06,10,445.66,353.02,92.64,4.0
101074,2023-10-01,North,Sports,Yoga Mat,Online,New Customer,3,1332.66,5,3798.08,2670.74,1127.34,
101075,2023-02-28,West,Sports,Cricket Bat,Online,Returning Customer,4,4692.72,10,16893.79,13634.09,3259.7,4.0
101076,2023-03-04,North,Electronics,Smartphone,Online,Returning Customer,1,22842.71,5,21700.57,15049.69,6650.88,4.0
101077,2023-01-28,East,Beauty,Lipstick,In-Store,Returning Customer,2,1576.85,5,2996.02,2184.93,811.09,5.0
101078,2023-02-07,East,Beauty,Sunscreen,In-Store,New Customer,4,704.05,0,2816.2,2089.38,726.82,4.0
101079,2023-11-12,North,Home & Kitchen,Air Fryer,In-Store,Returning Customer,1,4391.83,10,3952.65,2962.85,989.8,3.0
101080,2023-12-05,North,Beauty,Sunscreen,Online,New Customer,3,1387.48,5,3954.32,2376.61,1577.71,5.0
101081,2023-08-11,West,Sports,Running Shoes,In-Store,New Customer,5,5984.47,5,28426.23,19712.46,8713.77,3.0
101082,2024-06-27,East,Beauty,Lipstick,Online,Returning Customer,5,598.05,5,2840.74,2035.05,805.69,5.0
101083,2023-07-17,West,Electronics,Smartwatch,In-Store,,1,30890.65,5,29346.12,17984.82,11361.3,1.0
101084,2024-01-15,West,Beauty,Shampoo,Online,Returning Customer,2,569.13,15,967.52,785.44,182.08,4.0
101085,2023-09-15,North,Grocery,Cooking Oil,Online,Returning Customer,5,346.68,15,1473.39,1098.06,375.33,5.0
101086,2024-07-12,South,Grocery,Snacks Combo,In-Store,New Customer,5,567.18,10,2552.31,1785.03,767.28,
101087,2024-01-07,North,Electronics,Laptop,Online,New Customer,4,43348.37,10,156054.13,124432.68,31621.45,4.0
101088,2024-07-29,South,Beauty,Lipstick,In-Store,New Customer,5,1276.11,10,5742.5,4394.43,1348.07,5.0
101089,2023-10-14,East,Home & Kitchen,Mixer Grinder,Online,Returning Customer,1,11385.32,0,11385.32,6430.79,4954.53,5.0
101090,2024-10-20,South,Home & Kitchen,Mixer Grinder,Online,Returning Customer,2,10257.57,5,19489.38,12852.18,6637.2,5.0
101091,2024-12-19,East,Clothing,Dress,Online,Returning Customer,2,2636.78,5,5009.88,3651.54,1358.34,3.0
101092,2024-08-05,North,Beauty,Face Wash,Online,Returning Customer,1,504.79,0,504.79,295.96,208.83,
101093,2023-04-02,West,Sports,Running Shoes,Online,New Customer,1,483.27,0,483.27,279.63,203.64,5.0
101094,2023-12-08,South,Electronics,Bluetooth Speaker,In-Store,New Customer,4,4193.66,20,13419.71,9873.6,3546.11,5.0
101095,2024-02-16,North,Sports,Dumbbells,Online,New Customer,1,5899.45,0,5899.45,3939.9,1959.55,4.0
101096,2023-06-11,East,Clothing,Jacket,In-Store,New Customer,1,3412.05,0,3412.05,2071.21,1340.84,
101097,2023-03-23,East,Electronics,Smartphone,Online,Premium Member,3,38485.09,0,115455.27,80388.13,35067.14,4.0
101098,2023-10-16,East,Electronics,Bluetooth Speaker,Online,New Customer,2,17152.06,0,34304.12,24192.31,10111.81,3.0
101099,2024-06-12,North,Beauty,Lipstick,In-Store,New Customer,5,1233.18,0,6165.9,4417.11,1748.79,
101100,2023-05-29,North,Beauty,Shampoo,Online,Returning Customer,5,620.04,10,2790.18,1724.09,1066.09,
101101,2024-06-14,South,Electronics,Bluetooth Speaker,Online,Returning Customer,5,12246.36,0,61231.8,41586.07,19645.73,
101102,2023-06-03,North,Electronics,Bluetooth Speaker,Online,New Customer,5,34002.59,10,153011.66,100391.54,52620.12,5.0
101103,2023-03-05,South,Electronics,Laptop,Online,Returning Customer,2,10835.61,0,21671.22,15023.04,6648.18,2.0
101104,2023-11-25,South,Grocery,Tea Pack,Online,New Customer,1,630.6,0,630.6,349.17,281.43,4.0
101105,2024-02-10,South,Beauty,Sunscreen,Online,Premium Member,2,255.45,0,510.9,311.75,199.15,4.0
101106,2023-11-04,East,Clothing,T-Shirt,Online,Premium Member,3,2333.46,0,7000.38,4861.41,2138.97,4.0
101107,2024-09-09,South,Clothing,Jacket,In-Store,New Customer,2,1919.94,0,3839.88,2822.12,1017.76,5.0
101108,2023-04-27,West,Grocery,Snacks Combo,Online,New Customer,1,551.46,15,468.74,375.09,93.65,3.0
101109,2023-12-26,South,Clothing,T-Shirt,Online,New Customer,4,723.46,10,2604.46,1982.31,622.15,5.0
101110,2023-10-14,South,Electronics,Bluetooth Speaker,Online,Returning Customer,5,25587.77,10,115144.97,73806.16,41338.81,5.0
101111,2023-10-05,West,Electronics,Smartwatch,Online,Returning Customer,4,36974.42,0,147897.68,87409.16,60488.52,4.0
101112,2024-07-21,South,Clothing,Jeans,In-Store,Returning Customer,4,2681.88,10,9654.77,6431.4,3223.37,5.0
101113,2024-04-27,North,Sports,Yoga Mat,Online,New Customer,4,2668.87,0,10675.48,7137.6,3537.88,5.0
101114,2023-04-30,South,Clothing,Dress,Online,Premium Member,2,2970.25,0,5940.5,3994.64,1945.86,
101115,2023-11-26,North,Home & Kitchen,Vacuum Cleaner,Online,Returning Customer,1,6827.78,10,6145.0,4430.9,1714.1,
101116,2023-10-24,South,Grocery,Rice 5kg,Online,New Customer,5,614.08,0,3070.4,2235.32,835.08,5.0
101117,2023-08-24,North,Sports,Dumbbells,In-Store,Returning Customer,2,3731.53,0,7463.06,4142.55,3320.51,5.0
101118,2023-06-26,North,Clothing,T-Shirt,Online,Premium Member,5,402.46,0,2012.3,1342.05,670.25,3.0
101119,2023-04-03,North,Grocery,Cooking Oil,Online,New Customer,5,590.3,10,2656.35,1806.93,849.42,1.0
101120,2024-11-19,West,Home & Kitchen,Cookware Set,Online,Premium Member,3,11996.34,0,35989.02,25347.4,10641.62,
101121,2023-04-02,North,Home & Kitchen,Air Fryer,In-Store,New Customer,2,7039.14,15,11966.54,8630.14,3336.4,4.0
101122,2023-10-03,West,Home & Kitchen,Cookware Set,Online,New Customer,2,7261.39,10,13070.5,8552.81,4517.69,3.0
101123,2024-06-17,South,Electronics,Smartwatch,In-Store,Returning Customer,3,33465.57,5,95376.87,66650.07,28726.8,4.0
101124,2024-10-10,East,Sports,Yoga Mat,Online,Returning Customer,4,1132.07,5,4301.87,2720.35,1581.52,5.0
101125,2024-09-18,East,Electronics,Smartwatch,Online,Premium Member,3,31801.18,0,95403.54,63235.09,32168.45,4.0
101126,2024-08-26,East,Home & Kitchen,Vacuum Cleaner,Online,Returning Customer,2,7984.69,15,13573.97,10942.4,2631.57,2.0
101127,2024-10-21,North,Beauty,Shampoo,Online,Returning Customer,5,1674.73,10,7536.28,6165.13,1371.15,3.0
101128,2024-07-12,West,Sports,Running Shoes,Online,Returning Customer,5,3572.21,0,17861.05,11499.54,6361.51,5.0
101129,2023-05-27,South,Electronics,Laptop,Online,Returning Customer,5,42599.31,5,202346.72,127995.03,74351.69,5.0
101130,2023-06-15,East,Sports,Running Shoes,In-Store,Returning Customer,2,2982.39,0,5964.78,3865.6,2099.18,5.0
101131,2023-06-09,North,Clothing,Dress,Online,Returning Customer,2,722.86,5,1373.43,925.07,448.36,3.0
101132,2023-01-05,South,Electronics,Headphones,Online,Returning Customer,5,29722.22,0,148611.1,84169.21,64441.89,1.0
101133,2024-03-25,East,Grocery,Tea Pack,In-Store,Premium Member,2,326.19,5,619.76,412.07,207.69,
101134,2024-10-31,North,Sports,Cricket Bat,Online,Returning Customer,1,2532.96,5,2406.31,1631.35,774.96,5.0
101135,2024-06-14,South,Electronics,Bluetooth Speaker,In-Store,Returning Customer,3,24704.35,20,59290.44,49485.66,9804.78,
101136,2024-11-21,West,Beauty,Sunscreen,In-Store,Returning Customer,1,1749.37,0,1749.37,1105.56,643.81,4.0
101137,2024-02-16,south,Electronics,Laptop,Online,New Customer,5,19746.03,0,98730.15,70408.6,28321.55,3.0
101138,2024-02-04,East,Grocery,Tea Pack,In-Store,New Customer,3,609.93,0,1829.79,1331.68,498.11,4.0
101139,2023-03-14,South,Clothing,T-Shirt,In-Store,New Customer,3,3336.72,15,8508.64,6271.02,2237.62,3.0
101140,2024-12-30,West,Clothing,Jeans,Online,New Customer,5,2284.1,0,11420.5,6646.65,4773.85,
101141,2023-10-14,West,Grocery,Tea Pack,Online,Returning Customer,2,276.47,5,525.29,323.86,201.43,5.0
101142,2023-10-28,West,Sports,Running Shoes,Online,Premium Member,3,4666.11,0,13998.33,9193.98,4804.35,
101143,2024-12-25,North,Clothing,T-Shirt,In-Store,Premium Member,2,2097.38,5,3985.02,2619.47,1365.55,
101144,2024-10-17,East,Beauty,Lipstick,Online,Returning Customer,2,1257.65,20,2012.24,1429.02,583.22,4.0
101145,2023-03-27,East,Clothing,Jeans,In-Store,Returning Customer,4,2289.21,0,9156.84,5521.91,3634.93,5.0
101146,2023-07-22,West,Clothing,Sneakers,In-Store,Premium Member,1,2717.08,15,2309.52,1991.88,317.64,5.0
101147,2023-12-15,North,Beauty,Face Wash,Online,New Customer,5,1527.52,0,7637.6,4287.6,3350.0,
101148,2023-06-27,South,Home & Kitchen,Mixer Grinder,Online,New Customer,4,5431.17,5,20638.45,15001.44,5637.01,5.0
101149,2024-10-24,South,Clothing,Jacket,Online,New Customer,3,2086.85,0,6260.55,4021.03,2239.52,3.0
101150,2023-08-02,South,Home & Kitchen,Cookware Set,Online,Premium Member,4,4645.56,10,16724.02,11068.24,5655.78,1.0
101151,2024-09-20,South,Beauty,Shampoo,In-Store,,1,1630.11,15,1385.59,1003.66,381.93,5.0
101152,2023-01-01,South,Home & Kitchen,Mixer Grinder,Online,New Customer,1,6913.63,0,6913.63,4149.41,2764.22,4.0
101153,2023-02-13,East,Beauty,Face Wash,In-Store,New Customer,5,298.45,5,1417.64,854.69,562.95,
101154,2023-02-14,South,Home & Kitchen,Vacuum Cleaner,Online,Returning Customer,2,3739.83,0,7479.66,5558.57,1921.09,
101155,2023-12-26,North,Clothing,Sneakers,Online,Returning Customer,3,2180.54,0,6541.62,4322.48,2219.14,4.0
101156,2024-10-24,North,Electronics,Headphones,Online,Returning Customer,1,16427.76,0,16427.76,9163.06,7264.7,4.0
101157,2023-08-31,North,Sports,Yoga Mat,In-Store,New Customer,5,4893.73,10,22021.78,14912.75,7109.03,
101158,2023-10-10,West,Clothing,Jacket,Online,Returning Customer,5,2347.78,10,10565.01,8476.9,2088.11,
101159,2024-12-04,North,Electronics,Smartphone,Online,Returning Customer,3,34756.13,0,104268.39,74581.07,29687.32,
101160,2023-04-22,West,Grocery,Rice 5kg,Online,Returning Customer,2,226.15,15,384.46,285.27,99.19,3.0
101161,2023-12-26,South,Sports,Cricket Bat,Online,Premium Member,3,2852.41,10,7701.51,5727.6,1973.91,4.0
101162,2024-03-01,North,Home & Kitchen,Vacuum Cleaner,In-Store,New Customer,3,11127.44,10,30044.09,22297.92,7746.17,5.0
101163,2024-08-16,North,Home & Kitchen,Cookware Set,In-Store,Premium Member,1,7048.49,0,7048.49,4072.7,2975.79,
101164,2023-10-25,South,Sports,Running Shoes,Online,New Customer,3,3015.02,0,9045.06,5335.41,3709.65,3.0
101165,2023-09-30,South,Beauty,Lipstick,In-Store,New Customer,5,223.25,10,1004.62,834.93,169.69,3.0
101166,2024-04-02,East,Grocery,Cooking Oil,In-Store,New Customer,2,644.15,0,1288.3,849.12,439.18,
101167,2023-04-30,South,Electronics,Laptop,In-Store,Returning Customer,5,22605.33,15,96072.65,81273.78,14798.87,
101168,2023-08-18,North,Electronics,Headphones,Online,New Customer,1,17655.91,10,15890.32,11583.15,4307.17,4.0
101169,2024-06-05,North,Home & Kitchen,Air Fryer,In-Store,New Customer,1,7401.02,10,6660.92,4618.13,2042.79,3.0
101170,2024-09-27,East,Grocery,Cooking Oil,In-Store,Returning Customer,2,352.47,15,599.2,401.66,197.54,
101171,2024-01-24,North,Home & Kitchen,Mixer Grinder,Online,Premium Member,5,5475.72,10,24640.74,17211.45,7429.29,5.0
101172,2023-02-01,North,Electronics,Bluetooth Speaker,Online,Returning Customer,4,11298.12,5,42932.86,29926.07,13006.79,
101173,2023-06-16,North,Electronics,Headphones,Online,,5,7042.89,10,31693.01,20863.65,10829.36,5.0
101174,2023-04-26,North,Grocery,Rice 5kg,Online,Returning Customer,4,413.86,20,1324.35,1169.92,154.43,4.0
101175,2024-04-09,East,Sports,Cricket Bat,Online,Returning Customer,4,2655.3,0,10621.2,6693.27,3927.93,5.0
101176,2024-05-20,West,Electronics,Smartphone,In-Store,New Customer,1,25159.83,0,25159.83,15843.65,9316.18,
101177,2023-11-16,East,Electronics,Laptop,Online,Returning Customer,2,39891.53,0,79783.06,49299.12,30483.94,2.0
101178,2024-11-13,North,Clothing,Jacket,Online,New Customer,3,1502.08,0,4506.24,3117.71,1388.53,5.0
101179,2023-08-16,East,Clothing,Jeans,Online,Returning Customer,3,2982.68,5,8500.64,6156.2,2344.44,5.0
101180,2024-06-15,North,Grocery,Cooking Oil,Online,New Customer,2,823.13,5,1563.95,1101.05,462.9,4.0
101181,2023-01-26,South,Clothing,Jeans,Online,Returning Customer,2,2260.96,0,4521.92,2597.18,1924.74,5.0
101182,2023-04-13,North,Electronics,Bluetooth Speaker,Online,Returning Customer,1,25938.8,15,22047.98,18528.85,3519.13,
101183,2024-09-14,South,Electronics,Laptop,Online,New Customer,4,6059.88,0,24239.52,16210.77,8028.75,
101184,2023-02-16,East,Clothing,T-Shirt,Online,New Customer,3,3193.87,0,9581.61,7086.44,2495.17,4.0
101185,2024-01-09,West,Sports,Dumbbells,Online,Premium Member,5,3981.5,10,17916.75,12598.26,5318.49,
101186,2023-10-19,east,Grocery,Rice 5kg,In-Store,New Customer,1,745.61,10,671.05,449.72,221.33,
101187,2023-01-30,North,Grocery,Tea Pack,Online,New Customer,3,740.62,0,2221.86,1572.49,649.37,2.0
101188,2024-08-20,North,Beauty,Face Wash,In-Store,Premium Member,2,490.75,20,785.2,544.73,240.47,5.0
101189,2023-11-16,South,Clothing,T-Shirt,Online,New Customer,2,669.78,0,1339.56,940.52,399.04,3.0
101190,2024-11-06,South,Clothing,Jeans,Online,New Customer,1,371.98,15,316.18,256.25,59.93,5.0
101191,2023-02-01,West,Home & Kitchen,Cookware Set,Online,New Customer,2,5313.3,0,10626.6,7576.32,3050.28,2.0
101192,2023-08-26,South,Clothing,Dress,In-Store,Returning Customer,1,3496.0,0,3496.0,2131.72,1364.28,5.0
101193,2023-11-10,West,Grocery,Tea Pack,Online,Returning Customer,4,859.91,0,3439.64,1911.4,1528.24,5.0
101194,2024-12-31,North,Electronics,Smartphone,Online,New Customer,3,28219.52,5,80425.63,50257.88,30167.75,
101195,2023-12-17,South,Sports,Yoga Mat,In-Store,Returning Customer,2,4634.0,0,9268.0,5925.8,3342.2,4.0
101196,2024-07-02,East,Sports,Running Shoes,In-Store,New Customer,5,2999.89,15,12749.53,10953.76,1795.77,
101197,2024-11-05,South,Beauty,Shampoo,Online,New Customer,2,780.49,5,1482.93,880.33,602.6,
101198,2023-10-17,West,Electronics,Smartwatch,In-Store,Returning Customer,1,12970.26,10,11673.23,7482.96,4190.27,4.0
101199,2024-12-16,North,Grocery,Tea Pack,Online,Returning Customer,2,878.63,0,1757.26,1255.44,501.82,4.0
101200,2024-10-02,North,Clothing,Sneakers,Online,Returning Customer,2,1737.92,10,3128.26,2345.1,783.16,4.0
101201,2024-12-23,East,Beauty,Lipstick,In-Store,New Customer,5,159.23,0,796.15,476.74,319.41,
101202,2023-07-15,North,Sports,Yoga Mat,Online,Returning Customer,1,5258.81,0,5258.81,2981.35,2277.46,5.0
101203,2023-12-31,North,Home & Kitchen,Mixer Grinder,In-Store,,1,7901.37,0,7901.37,4428.22,3473.15,
101204,2023-12-29,North,Clothing,Jeans,Online,Premium Member,2,924.87,0,1849.74,1076.58,773.16,3.0
101205,2023-01-23,South,Electronics,Headphones,In-Store,Returning Customer,1,5347.22,10,4812.5,3731.66,1080.84,4.0
101206,2023-10-13,East,Grocery,Rice 5kg,Online,Premium Member,3,465.6,15,1187.28,831.11,356.17,3.0
101207,2023-07-15,West,Sports,Dumbbells,Online,Returning Customer,5,5970.95,0,29854.75,20754.84,9099.91,
101208,2024-04-28,East,Beauty,Lipstick,Online,Returning Customer,4,416.76,0,1667.04,1088.76,578.28,4.0
101209,2023-08-01,East,Sports,Yoga Mat,In-Store,Returning Customer,4,5493.3,0,21973.2,15627.13,6346.07,
101210,2024-03-30,North,Beauty,Lipstick,Online,Returning Customer,2,1798.5,10,3237.3,2510.49,726.81,5.0
101211,2023-07-16,East,Clothing,Dress,Online,New Customer,1,3137.55,10,2823.8,2341.89,481.91,
101212,2023-03-25,North,Beauty,Shampoo,In-Store,Premium Member,5,1400.14,5,6650.66,4018.41,2632.25,4.0
101213,2023-03-11,North,Electronics,Bluetooth Speaker,In-Store,Returning Customer,5,26805.85,20,107223.4,89852.88,17370.52,5.0
101214,2023-10-12,East,Beauty,Shampoo,In-Store,Returning Customer,5,921.97,0,4609.85,2757.67,1852.18,
101215,2024-02-03,North,Clothing,T-Shirt,Online,Returning Customer,4,843.12,0,3372.48,2339.31,1033.17,
101216,2023-10-16,West,Electronics,Smartphone,Online,Returning Customer,3,6628.54,5,18891.34,12277.24,6614.1,
101217,2023-05-11,South,Home & Kitchen,Air Fryer,In-Store,Returning Customer,3,11718.57,10,31640.14,22270.83,9369.31,4.0
101218,2024-03-10,West,Sports,Dumbbells,Online,New Customer,4,5196.8,10,18708.48,15107.69,3600.79,4.0
101219,2023-04-18,North,Grocery,Tea Pack,Online,New Customer,5,642.72,0,3213.6,1881.11,1332.49,
101220,2024-02-01,West,Electronics,Smartphone,In-Store,Returning Customer,5,18196.56,0,90982.8,64456.26,26526.54,3.0
101221,2024-11-01,West,Clothing,Sneakers,Online,New Customer,5,2704.39,0,13521.95,7905.98,5615.97,
101222,2023-01-14,East,Grocery,Cooking Oil,In-Store,New Customer,3,772.38,10,2085.43,1427.01,658.42,
101223,2023-12-18,South,Sports,Cricket Bat,Online,New Customer,1,1498.81,5,1423.87,960.14,463.73,5.0
101224,2023-08-28,East,Grocery,Cooking Oil,Online,Returning Customer,1,590.53,0,590.53,426.43,164.1,3.0
101225,2023-03-25,South,Electronics,Smartwatch,Online,New Customer,4,26291.21,5,99906.6,66865.86,33040.74,5.0
101226,2023-01-07,North,Grocery,Snacks Combo,Online,Premium Member,5,412.83,0,2064.15,1534.65,529.5,5.0
101227,2023-01-30,North,Sports,Dumbbells,In-Store,Returning Customer,1,4732.6,5,4495.97,3481.27,1014.7,3.0
101228,2024-04-26,East,Home & Kitchen,Mixer Grinder,In-Store,New Customer,2,10293.25,0,20586.5,13892.97,6693.53,
101229,2023-04-17,West,Clothing,Jeans,In-Store,Premium Member,4,1706.38,0,6825.52,4776.66,2048.86,4.0
101230,2024-04-03,East,Clothing,T-Shirt,Online,Returning Customer,5,3105.91,5,14753.07,9281.27,5471.8,5.0
101231,2023-04-06,North,Clothing,Dress,Online,Returning Customer,3,2253.32,10,6083.96,5061.03,1022.93,4.0
101232,2023-03-15,North,Clothing,Jacket,In-Store,Returning Customer,1,1931.18,5,1834.62,1218.33,616.29,
101233,2024-02-15,East,Clothing,Dress,Online,New Customer,3,3277.8,5,9341.73,6060.12,3281.61,5.0
101234,2024-09-18,North,Electronics,Laptop,In-Store,Returning Customer,2,20526.57,10,36947.83,22845.05,14102.78,4.0
101235,2023-09-30,North,Clothing,Jeans,In-Store,New Customer,1,2111.8,5,2006.21,1393.47,612.74,
101236,2023-08-22,West,Clothing,Dress,Online,New Customer,2,3179.84,0,6359.68,3943.24,2416.44,
101237,2024-02-06,West,Clothing,Jacket,In-Store,New Customer,1,1700.37,20,1360.3,1259.69,100.61,5.0
101238,2023-04-10,North,Beauty,Face Wash,Online,New Customer,3,850.53,10,2296.43,1851.25,445.18,
101239,2023-01-21,East,Home & Kitchen,Vacuum Cleaner,Online,Premium Member,3,11877.63,10,32069.6,22901.34,9168.26,4.0
101240,2024-08-02,South,Clothing,T-Shirt,Online,New Customer,4,2245.51,0,8982.04,6471.09,2510.95,4.0
101241,2024-01-29,South,Clothing,Dress,Online,Returning Customer,1,390.45,0,390.45,224.85,165.6,
101242,2024-09-16,South,Beauty,Lipstick,Online,New Customer,2,278.12,0,556.24,323.06,233.18,2.0
101243,2023-05-11,North,Beauty,Face Wash,Online,Returning Customer,5,886.89,0,4434.45,2531.49,1902.96,
101244,2023-11-15,North,Electronics,Smartphone,Online,Returning Customer,2,27722.18,5,52672.14,31667.37,21004.77,
101245,2024-05-24,South,Grocery,Cooking Oil,Online,Premium Member,1,656.34,5,623.52,427.97,195.55,3.0
101246,2023-11-23,North,Beauty,Face Wash,Online,Premium Member,4,891.97,10,3211.09,2077.66,1133.43,
101247,2023-08-06,West,Electronics,Bluetooth Speaker,Online,Returning Customer,1,1751.56,15,1488.83,1167.01,321.82,2.0
101248,2024-09-19,East,Beauty,Shampoo,In-Store,Premium Member,1,961.33,0,961.33,529.69,431.64,4.0
101249,2024-03-16,South,Electronics,Smartphone,Online,New Customer,1,22464.72,0,22464.72,12725.6,9739.12,4.0
101250,2024-07-06,East,Electronics,Laptop,Online,New Customer,5,2641.35,5,12546.41,8899.1,3647.31,4.0
101251,2023-10-19,North,Sports,Running Shoes,In-Store,Premium Member,4,5327.47,5,20244.39,12071.17,8173.22,4.0
101252,2023-08-20,East,Home & Kitchen,Mixer Grinder,Online,Returning Customer,1,7473.04,0,7473.04,4948.81,2524.23,4.0
101253,2024-03-03,West,Electronics,Bluetooth Speaker,Online,Returning Customer,4,35225.21,0,140900.84,78605.48,62295.36,2.0
101254,2023-11-18,East,Beauty,Shampoo,Online,Premium Member,4,217.46,0,869.84,632.33,237.51,5.0
101255,2024-08-09,West,Home & Kitchen,Cookware Set,In-Store,New Customer,4,4068.42,10,14646.31,11437.18,3209.13,
101256,2024-09-13,North,Home & Kitchen,Cookware Set,Online,Premium Member,2,3150.06,20,5040.1,4349.54,690.56,3.0
101257,2024-10-20,West,Grocery,Tea Pack,Online,New Customer,3,464.2,20,1114.08,1013.47,100.61,1.0
101258,2023-11-05,north,Beauty,Shampoo,In-Store,Premium Member,5,912.3,0,4561.5,2873.19,1688.31,3.0
101259,2024-04-07,West,Grocery,Cooking Oil,Online,Returning Customer,4,303.53,5,1153.41,837.89,315.52,4.0
101260,2023-12-09,North,Clothing,Sneakers,Online,Returning Customer,1,902.71,5,857.57,639.7,217.87,
101261,2024-09-24,South,Home & Kitchen,Mixer Grinder,In-Store,Returning Customer,1,2546.29,10,2291.66,1433.17,858.49,
101262,2024-01-10,West,Home & Kitchen,Cookware Set,Online,Premium Member,4,5208.07,5,19790.67,14750.15,5040.52,3.0
101263,2024-12-30,East,Electronics,Smartwatch,In-Store,New Customer,4,7886.2,10,28390.32,19592.16,8798.16,
101264,2023-08-07,North,Grocery,Snacks Combo,Online,New Customer,1,695.76,0,695.76,482.12,213.64,4.0
101265,2024-05-09,South,Clothing,T-Shirt,Online,Returning Customer,1,350.48,10,315.43,254.36,61.07,4.0
101266,2023-03-06,East,Home & Kitchen,Mixer Grinder,In-Store,Premium Member,5,7357.43,10,33108.44,20260.27,12848.17,
101267,2023-02-17,East,Home & Kitchen,Vacuum Cleaner,Online,New Customer,4,2925.61,0,11702.44,7785.78,3916.66,4.0
101268,2023-02-08,West,Sports,Cricket Bat,In-Store,New Customer,4,1199.6,0,4798.4,2746.81,2051.59,4.0
101269,2023-02-18,East,Grocery,Rice 5kg,In-Store,Premium Member,5,297.37,5,1412.51,949.3,463.21,4.0
101270,2024-12-27,North,Home & Kitchen,Air Fryer,In-Store,New Customer,4,5552.87,0,22211.48,13630.29,8581.19,2.0
101271,2023-08-30,South,Grocery,Cooking Oil,Online,Returning Customer,5,270.21,0,1351.05,744.72,606.33,4.0
101272,2023-08-17,East,Clothing,Sneakers,In-Store,Returning Customer,4,2913.95,0,11655.8,6759.6,4896.2,
101273,2023-05-23,East,Beauty,Lipstick,In-Store,Premium Member,3,1783.68,10,4815.94,3259.79,1556.15,
101274,2023-01-01,North,Sports,Running Shoes,Online,Returning Customer,3,1530.85,15,3903.67,3148.43,755.24,4.0
101275,2023-10-24,South,Beauty,Sunscreen,Online,Returning Customer,2,512.59,0,1025.18,715.34,309.84,
101276,2023-02-24,South,Clothing,T-Shirt,Online,New Customer,4,2539.06,0,10156.24,6847.49,3308.75,5.0
101277,2024-02-13,East,Grocery,Cooking Oil,In-Store,Premium Member,3,335.03,0,1005.09,687.0,318.09,4.0
101278,2024-06-11,West,Home & Kitchen,Mixer Grinder,Online,New Customer,2,4399.15,20,7038.64,5116.54,1922.1,4.0
101279,2024-10-12,South,Grocery,Tea Pack,In-Store,Returning Customer,4,810.29,0,3241.16,2083.75,1157.41,5.0
101280,2024-09-03,North,Clothing,Sneakers,Online,New Customer,1,914.04,10,822.64,512.54,310.1,1.0
101281,2023-03-26,North,Grocery,Snacks Combo,Online,Premium Member,3,429.44,15,1095.07,764.68,330.39,
101282,2023-10-20,West,Grocery,Rice 5kg,Online,New Customer,4,190.25,0,761.0,519.37,241.63,4.0
101283,2024-07-19,East,Grocery,Rice 5kg,In-Store,New Customer,3,718.45,0,2155.35,1477.79,677.56,5.0
101284,2024-10-29,East,Beauty,Shampoo,Online,Premium Member,1,1053.59,5,1000.91,644.99,355.92,4.0
101285,2024-10-30,South,Grocery,Rice 5kg,Online,Returning Customer,5,211.48,0,1057.4,662.21,395.19,5.0
101286,2023-07-01,North,Grocery,Tea Pack,In-Store,Returning Customer,5,667.81,15,2838.19,2263.01,575.18,3.0
101287,2024-10-27,East,Clothing,T-Shirt,Online,Returning Customer,4,2378.48,5,9038.22,6328.18,2710.04,3.0
101288,2023-02-11,South,Home & Kitchen,Mixer Grinder,Online,Premium Member,4,2502.32,0,10009.28,5706.28,4303.0,4.0
101289,2024-05-22,West,Grocery,Tea Pack,Online,New Customer,1,671.24,5,637.68,445.05,192.63,4.0
101290,2024-07-01,North,Electronics,Headphones,Online,New Customer,3,22667.22,0,68001.66,38273.99,29727.67,4.0
101291,2023-10-20,North,Electronics,Bluetooth Speaker,Online,Returning Customer,1,18896.51,10,17006.86,13280.46,3726.4,5.0
101292,2024-09-16,north,Grocery,Tea Pack,Online,New Customer,2,403.58,0,807.16,489.96,317.2,3.0
101293,2023-05-26,North,Home & Kitchen,Mixer Grinder,Online,Returning Customer,4,5295.1,10,19062.36,15360.17,3702.19,3.0
101294,2024-05-05,South,Sports,Dumbbells,In-Store,Returning Customer,2,3109.62,0,6219.24,4170.56,2048.68,4.0
101295,2024-03-16,North,Beauty,Shampoo,In-Store,New Customer,5,425.62,0,2128.1,1224.96,903.14,3.0
101296,2024-02-03,North,Electronics,Smartwatch,In-Store,Returning Customer,3,31104.75,5,88648.54,62362.45,26286.09,4.0
101297,2023-09-06,East,Sports,Yoga Mat,Online,New Customer,2,1991.16,10,3584.09,2276.86,1307.23,5.0
101298,2023-03-15,North,Home & Kitchen,Cookware Set,In-Store,Returning Customer,3,5918.18,0,17754.54,10326.89,7427.65,
101299,2023-07-21,South,Grocery,Cooking Oil,In-Store,Returning Customer,5,689.89,10,3104.5,1937.51,1166.99,4.0
101300,2024-07-06,North,Sports,Running Shoes,Online,Returning Customer,5,4944.14,10,22248.63,16413.1,5835.53,1.0
101301,2024-12-15,South,Clothing,T-Shirt,Online,Returning Customer,2,2649.28,20,4238.85,3002.66,1236.19,
101302,2023-09-20,East,Grocery,Rice 5kg,Online,,2,503.42,0,1006.84,618.52,388.32,
101303,2023-12-01,North,Electronics,Smartwatch,In-Store,,4,37860.94,0,151443.76,109783.9,41659.86,
101304,2023-12-26,South,Sports,Cricket Bat,Online,Returning Customer,4,1949.08,20,6237.06,4691.44,1545.62,1.0
101305,2023-05-07,South,Electronics,Laptop,Online,Premium Member,3,9681.14,0,29043.42,20229.44,8813.98,4.0
101306,2024-12-25,North,Beauty,Lipstick,In-Store,New Customer,5,1045.46,10,4704.57,2912.92,1791.65,5.0
101307,2024-08-17,East,Clothing,Dress,Online,Returning Customer,5,1871.96,0,9359.8,6551.84,2807.96,
101308,2023-01-27,East,Home & Kitchen,Cookware Set,Online,New Customer,5,9135.28,10,41108.76,26570.47,14538.29,4.0
101309,2023-01-29,South,Beauty,Lipstick,Online,New Customer,2,315.97,0,631.94,411.68,220.26,5.0
101310,2023-09-18,West,Sports,Yoga Mat,Online,Returning Customer,1,2032.06,15,1727.25,1523.64,203.61,1.0
101311,2024-12-26,North,Beauty,Sunscreen,Online,Returning Customer,5,278.78,5,1324.2,884.83,439.37,4.0
101312,2023-06-05,West,Clothing,Jacket,Online,New Customer,2,1067.4,15,1814.58,1588.79,225.79,5.0
101313,2023-03-13,North,Electronics,Bluetooth Speaker,Online,Returning Customer,1,36345.92,10,32711.33,20910.96,11800.37,2.0
101314,2024-01-25,North,Home & Kitchen,Cookware Set,Online,New Customer,5,11550.25,5,54863.69,36391.36,18472.33,4.0
101315,2024-09-19,South,Grocery,Snacks Combo,Online,Premium Member,3,664.43,15,1694.3,1244.28,450.02,
101316,2023-10-27,East,Grocery,Rice 5kg,In-Store,Returning Customer,2,248.31,10,446.96,352.97,93.99,4.0
101317,2023-01-28,West,Electronics,Smartphone,Online,New Customer,2,42970.15,10,77346.27,58609.98,18736.29,4.0
101318,2023-11-07,East,Sports,Cricket Bat,Online,Returning Customer,4,2613.26,0,10453.04,6456.92,3996.12,
101319,2024-12-18,North,Electronics,Smartwatch,Online,Premium Member,2,36814.67,10,66266.41,53603.71,12662.7,4.0
101320,2023-03-17,South,Clothing,T-Shirt,In-Store,Returning Customer,4,1502.83,5,5710.75,4438.71,1272.04,4.0
101321,2024-05-16,East,Grocery,Cooking Oil,Online,Returning Customer,3,89.72,0,269.16,165.53,103.63,4.0
101322,2023-06-23,West,Sports,Dumbbells,Online,New Customer,3,3881.62,0,11644.86,7639.48,4005.38,5.0
101323,2023-07-04,East,Electronics,Headphones,In-Store,New Customer,1,37531.69,10,33778.52,24959.04,8819.48,
101324,2023-07-24,South,Beauty,Sunscreen,Online,New Customer,3,348.93,0,1046.79,727.71,319.08,4.0
101325,2023-04-12,West,Grocery,Tea Pack,Online,New Customer,4,129.83,0,519.32,329.88,189.44,4.0
101326,2024-05-01,North,Electronics,Headphones,In-Store,Premium Member,4,28922.43,10,104120.75,67351.17,36769.58,4.0
101327,2023-09-17,North,Beauty,Lipstick,Online,Returning Customer,3,1669.46,0,5008.38,3664.26,1344.12,5.0
101328,2024-03-16,North,Sports,Running Shoes,In-Store,Returning Customer,3,5555.1,15,14165.51,9683.58,4481.93,
101329,2024-11-06,South,Electronics,Smartphone,In-Store,Premium Member,2,11564.69,15,19659.97,16512.15,3147.82,4.0
101330,2024-11-18,North,Grocery,Snacks Combo,In-Store,New Customer,5,343.57,10,1546.06,1274.72,271.34,
101331,2024-02-08,West,Beauty,Lipstick,In-Store,Premium Member,4,1055.75,0,4223.0,2356.45,1866.55,
101332,2024-07-20,South,Electronics,Headphones,Online,New Customer,3,24735.27,5,70495.52,50229.02,20266.5,5.0
101333,2023-03-28,East,Electronics,Bluetooth Speaker,In-Store,New Customer,1,25750.87,20,20600.7,16832.39,3768.31,5.0
101334,2024-05-25,East,Home & Kitchen,Cookware Set,Online,Returning Customer,4,3875.21,0,15500.84,11070.25,4430.59,
101335,2023-07-10,North,Electronics,Smartphone,Online,Returning Customer,3,17913.03,5,51052.14,32444.94,18607.2,4.0
101336,2023-08-29,North,Sports,Dumbbells,In-Store,Returning Customer,2,1914.34,10,3445.81,2299.85,1145.96,2.0
101337,2023-09-07,North,Sports,Dumbbells,In-Store,New Customer,3,2406.15,0,7218.45,5064.57,2153.88,4.0
101338,2024-02-11,North,Beauty,Sunscreen,Online,New Customer,5,361.23,10,1625.54,1070.88,554.66,5.0
101339,2024-08-02,South,Sports,Dumbbells,In-Store,Returning Customer,5,3955.73,0,19778.65,14474.18,5304.47,5.0
101340,2023-03-18,North,Beauty,Face Wash,Online,New Customer,1,1109.96,5,1054.46,683.94,370.52,4.0
101341,2024-11-10,East,Clothing,Jacket,Online,Returning Customer,1,1457.76,0,1457.76,1054.48,403.28,3.0
101342,2023-05-20,North,Beauty,Sunscreen,Online,Returning Customer,2,584.32,10,1051.78,801.2,250.58,2.0
101343,2024-01-19,North,Grocery,Rice 5kg,Online,Premium Member,3,172.06,10,464.56,381.39,83.17,4.0
101344,2024-08-21,East,Home & Kitchen,Air Fryer,Online,Returning Customer,2,1944.33,5,3694.23,2551.13,1143.1,
101345,2023-01-15,North,Beauty,Sunscreen,In-Store,New Customer,1,676.02,0,676.02,425.31,250.71,
101346,2024-08-26,East,Clothing,Jacket,In-Store,Returning Customer,1,1001.98,10,901.78,702.89,198.89,3.0
101347,2023-03-18,West,Beauty,Shampoo,Online,Returning Customer,2,1683.43,0,3366.86,1896.96,1469.9,3.0
101348,2023-08-08,West,Beauty,Lipstick,Online,Returning Customer,4,1505.54,0,6022.16,3693.4,2328.76,5.0
101349,2024-04-09,South,Grocery,Rice 5kg,Online,Returning Customer,1,490.71,0,490.71,323.07,167.64,
101350,2023-12-29,North,Grocery,Tea Pack,In-Store,New Customer,1,597.87,0,597.87,386.98,210.89,
101351,2024-06-01,West,Electronics,Smartwatch,Online,New Customer,2,40497.54,5,76945.33,48339.1,28606.23,3.0
101352,2023-07-14,North,Clothing,Sneakers,Online,Returning Customer,2,2624.71,0,5249.42,3341.79,1907.63,4.0
101353,2023-05-25,East,Clothing,Sneakers,In-Store,New Customer,3,331.91,0,995.73,627.04,368.69,2.0
101354,2023-08-19,South,Electronics,Laptop,Online,New Customer,3,14054.36,0,42163.08,25430.63,16732.45,
101355,2024-04-23,North,Beauty,Lipstick,Online,New Customer,4,1108.96,20,3548.67,2458.73,1089.94,4.0
101356,2024-10-13,West,Beauty,Sunscreen,In-Store,Premium Member,2,1552.82,15,2639.79,2081.55,558.24,
101357,2024-09-24,East,Grocery,Tea Pack,Online,Premium Member,5,411.7,0,2058.5,1228.68,829.82,4.0
101358,2024-01-19,East,Beauty,Shampoo,In-Store,Premium Member,2,303.19,5,576.06,359.4,216.66,4.0
101359,2024-12-01,North,Beauty,Shampoo,In-Store,New Customer,5,1687.64,5,8016.29,5157.02,2859.27,3.0
101360,2024-09-15,North,Electronics,Smartphone,Online,New Customer,1,40076.4,5,38072.58,27504.71,10567.87,2.0
101361,2023-03-30,West,Clothing,Sneakers,Online,Returning Customer,3,1247.18,0,3741.54,2776.91,964.63,
101362,2023-07-18,East,Clothing,T-Shirt,Online,Premium Member,5,3040.4,0,15202.0,9555.22,5646.78,2.0
101363,2024-04-03,South,Electronics,Headphones,In-Store,Returning Customer,3,25507.92,0,76523.76,45113.79,31409.97,2.0
101364,2023-06-07,South,Home & Kitchen,Vacuum Cleaner,In-Store,New Customer,1,8373.88,0,8373.88,5930.43,2443.45,4.0
101365,2023-04-24,North,Grocery,Rice 5kg,Online,Returning Customer,4,814.59,10,2932.52,2272.73,659.79,
101366,2023-06-25,South,Grocery,Cooking Oil,Online,New Customer,2,782.82,0,1565.64,1113.48,452.16,
101367,2023-07-17,East,Grocery,Rice 5kg,Online,New Customer,2,145.17,5,275.82,180.63,95.19,5.0
101368,2024-03-19,North,Home & Kitchen,Air Fryer,Online,New Customer,1,11305.92,10,10175.33,7464.14,2711.19,5.0
101369,2023-10-22,East,Sports,Cricket Bat,Online,Returning Customer,4,3034.42,0,12137.68,7512.92,4624.76,4.0
101370,2023-02-08,West,Home & Kitchen,Mixer Grinder,In-Store,Returning Customer,4,1216.36,0,4865.44,3568.61,1296.83,3.0
101371,2023-09-02,South,Grocery,Cooking Oil,Online,New Customer,5,260.51,10,1172.3,896.15,276.15,5.0
101372,2024-01-08,East,Sports,Dumbbells,Online,Returning Customer,2,1004.27,15,1707.26,1221.6,485.66,4.0
101373,2023-04-20,West,Home & Kitchen,Air Fryer,In-Store,Premium Member,1,5212.05,10,4690.84,3082.48,1608.36,2.0
101374,2023-02-01,East,Grocery,Cooking Oil,Online,Premium Member,5,611.02,0,3055.1,1835.32,1219.78,3.0
101375,2023-07-26,North,Beauty,Lipstick,Online,Returning Customer,1,612.65,20,490.12,359.32,130.8,2.0
101376,2023-11-30,South,Electronics,Smartphone,Online,Premium Member,1,14355.91,5,13638.11,9232.66,4405.45,5.0
101377,2023-06-02,South,Electronics,Bluetooth Speaker,Online,Premium Member,2,19988.89,15,33981.11,27542.07,6439.04,
101378,2023-11-22,North,Electronics,Smartwatch,Online,New Customer,3,11594.36,5,33043.93,25086.22,7957.71,
101379,2023-03-04,East,Electronics,Smartwatch,Online,Premium Member,2,36891.18,15,62715.01,50951.06,11763.95,
101380,2023-11-20,East,Beauty,Face Wash,In-Store,Premium Member,4,698.88,5,2655.74,1814.27,841.47,5.0
101381,2023-10-28,North,Beauty,Face Wash,Online,Returning Customer,3,1744.32,20,4186.37,2919.08,1267.29,5.0
101382,2024-04-02,North,Clothing,Dress,Online,Premium Member,2,3097.75,0,6195.5,3801.22,2394.28,5.0
101383,2024-06-20,South,Sports,Cricket Bat,Online,Returning Customer,5,5242.9,0,26214.5,16417.45,9797.05,
101384,2024-05-20,South,Clothing,Jeans,In-Store,Returning Customer,2,2471.33,5,4695.53,3265.06,1430.47,5.0
101385,2024-03-26,South,Grocery,Rice 5kg,In-Store,Returning Customer,1,123.18,0,123.18,82.49,40.69,4.0
101386,2023-06-05,South,Sports,Yoga Mat,Online,Returning Customer,2,3109.86,10,5597.75,4607.44,990.31,
101387,2024-10-21,West,Sports,Dumbbells,In-Store,Returning Customer,3,3349.8,5,9546.93,7096.32,2450.61,1.0
101388,2023-05-10,West,Sports,Running Shoes,In-Store,Returning Customer,4,4693.59,0,18774.36,10406.21,8368.15,5.0
101389,2024-11-11,North,Home & Kitchen,Vacuum Cleaner,In-Store,Premium Member,4,11108.37,15,37768.46,28498.7,9269.76,3.0
101390,2024-04-27,North,Home & Kitchen,Cookware Set,In-Store,New Customer,1,10979.79,0,10979.79,7671.6,3308.19,5.0
101391,2023-10-04,East,Clothing,Jacket,Online,Returning Customer,5,2687.81,20,10751.24,10078.79,672.45,4.0
101392,2023-10-16,North,Electronics,Bluetooth Speaker,Online,New Customer,1,7371.4,15,6265.69,4922.21,1343.48,5.0
101393,2024-10-08,South,Clothing,Sneakers,In-Store,New Customer,3,370.25,15,944.14,811.46,132.68,4.0
101394,2024-05-23,East,Clothing,Jacket,Online,Returning Customer,5,634.15,5,3012.21,2056.4,955.81,3.0
101395,2023-03-01,East,Clothing,Sneakers,In-Store,Returning Customer,4,761.32,15,2588.49,1847.98,740.51,4.0
101396,2023-01-29,East,Clothing,Jacket,In-Store,New Customer,5,349.94,0,1749.7,1143.79,605.91,4.0
101397,2024-02-11,North,Grocery,Tea Pack,In-Store,Premium Member,1,153.79,0,153.79,114.49,39.3,4.0
101398,2023-07-05,East,Beauty,Face Wash,In-Store,Returning Customer,1,1551.7,10,1396.53,1012.42,384.11,5.0
101399,2024-06-18,South,Grocery,Tea Pack,Online,Returning Customer,1,447.79,0,447.79,335.37,112.42,4.0
101400,2024-04-26,North,Beauty,Shampoo,Online,New Customer,4,270.42,15,919.43,687.99,231.44,4.0
101401,2023-10-23,North,Beauty,Face Wash,Online,Premium Member,3,399.71,10,1079.22,688.79,390.43,
101402,2023-12-24,South,Home & Kitchen,Vacuum Cleaner,In-Store,Premium Member,2,2400.01,15,4080.02,3022.99,1057.03,
101403,2024-12-25,West,Grocery,Tea Pack,In-Store,Returning Customer,1,358.98,0,358.98,266.11,92.87,5.0
101404,2023-06-19,North,Sports,Cricket Bat,In-Store,New Customer,2,4078.12,10,7340.62,5382.34,1958.28,4.0
101405,2024-12-11,North,Clothing,Sneakers,Online,Premium Member,4,981.34,0,3925.36,2376.34,1549.02,
101406,2023-09-14,South,Clothing,Jeans,Online,Premium Member,2,1786.81,0,3573.62,2309.76,1263.86,
101407,2024-10-18,South,Clothing,Dress,Online,New Customer,4,910.3,5,3459.14,2595.6,863.54,5.0
101408,2024-10-13,North,Home & Kitchen,Cookware Set,Online,New Customer,4,9655.39,10,34759.4,28931.57,5827.83,
101409,2024-11-24,South,Beauty,Sunscreen,Online,Premium Member,1,289.85,10,260.86,199.62,61.24,
101410,2024-10-26,East,Clothing,Sneakers,Online,New Customer,2,2887.24,15,4908.31,3189.39,1718.92,5.0
101411,2024-04-07,East,Electronics,Smartphone,In-Store,New Customer,3,24322.42,0,72967.26,53390.07,19577.19,3.0
101412,2024-08-17,North,Beauty,Shampoo,Online,Returning Customer,5,1718.89,10,7735.01,5393.7,2341.31,4.0
101413,2024-10-17,South,Clothing,Sneakers,Online,New Customer,4,1799.95,0,7199.8,4156.99,3042.81,4.0
101414,2023-03-22,East,Electronics,Smartphone,Online,New Customer,3,10881.34,0,32644.02,24349.92,8294.1,5.0
101415,2024-06-27,North,Grocery,Cooking Oil,Online,New Customer,3,200.03,0,600.09,400.07,200.02,5.0
101416,2023-08-01,East,Electronics,Headphones,Online,New Customer,2,24163.73,5,45911.09,29573.32,16337.77,
101417,2023-01-10,West,Grocery,Rice 5kg,In-Store,New Customer,4,116.36,0,465.44,308.98,156.46,4.0
101418,2023-02-07,East,Grocery,Rice 5kg,Online,Premium Member,3,631.22,20,1514.93,1225.43,289.5,3.0
101419,2024-10-29,East,Grocery,Cooking Oil,In-Store,Returning Customer,1,247.79,10,223.01,174.17,48.84,5.0
101420,2023-12-13,East,Sports,Dumbbells,In-Store,New Customer,3,1087.34,20,2609.62,1874.28,735.34,
101421,2024-11-29,East,Grocery,Rice 5kg,Online,Returning Customer,2,503.39,10,906.1,563.38,342.72,4.0
101422,2024-08-25,North,Sports,Yoga Mat,Online,Returning Customer,4,2274.08,0,9096.32,6702.43,2393.89,
101423,2024-10-23,North,Electronics,Smartphone,In-Store,Returning Customer,5,2905.3,0,14526.5,10405.53,4120.97,4.0
101424,2024-09-25,east,Electronics,Smartphone,In-Store,Returning Customer,3,15956.83,5,45476.97,29066.27,16410.7,5.0
101425,2024-08-11,North,Home & Kitchen,Cookware Set,Online,New Customer,5,9119.96,0,45599.8,33825.63,11774.17,2.0
101426,2024-01-07,West,Home & Kitchen,Vacuum Cleaner,In-Store,Premium Member,5,8810.15,0,44050.75,32308.37,11742.38,4.0
101427,2023-10-24,East,Clothing,Jacket,Online,Premium Member,4,2761.54,10,9941.54,8204.98,1736.56,5.0
101428,2023-04-01,East,Clothing,Sneakers,In-Store,New Customer,4,2731.38,10,9832.97,6871.86,2961.11,4.0
101429,2024-07-26,North,Clothing,Jacket,In-Store,New Customer,2,2511.06,10,4519.91,3607.5,912.41,
101430,2024-01-20,North,Home & Kitchen,Mixer Grinder,Online,New Customer,4,1612.63,0,6450.52,3582.88,2867.64,4.0
101431,2023-12-11,South,Sports,Running Shoes,Online,New Customer,3,3751.39,0,11254.17,6357.25,4896.92,
101432,2023-03-28,East,Electronics,Smartwatch,In-Store,Premium Member,2,12340.1,10,22212.18,14884.5,7327.68,
101433,2023-11-30,East,Clothing,Jeans,In-Store,New Customer,5,2194.61,5,10424.4,7119.11,3305.29,4.0
101434,2024-03-05,North,Home & Kitchen,Air Fryer,Online,Returning Customer,1,1668.2,0,1668.2,1024.6,643.6,3.0
101435,2023-07-20,South,Home & Kitchen,Cookware Set,Online,New Customer,1,5639.55,5,5357.57,4041.55,1316.02,5.0
101436,2024-05-30,North,Sports,Yoga Mat,In-Store,New Customer,1,2552.69,10,2297.42,1704.53,592.89,
101437,2023-05-13,East,Grocery,Cooking Oil,In-Store,New Customer,2,872.08,5,1656.95,1124.53,532.42,5.0
101438,2023-07-06,South,Home & Kitchen,Mixer Grinder,Online,New Customer,5,2814.3,0,14071.5,10360.45,3711.05,
101439,2024-09-14,South,Electronics,Laptop,Online,Returning Customer,1,36267.32,20,29013.86,21504.78,7509.08,
101440,2024-08-11,South,Electronics,Headphones,Online,Premium Member,1,19601.89,20,15681.51,13504.16,2177.35,4.0
101441,2023-09-25,East,Electronics,Headphones,In-Store,Returning Customer,2,13920.0,0,27840.0,19671.66,8168.34,
101442,2024-01-22,East,Home & Kitchen,Cookware Set,Online,Returning Customer,5,2893.39,5,13743.6,8774.2,4969.4,1.0
101443,2024-05-16,North,Home & Kitchen,Mixer Grinder,Online,New Customer,3,8035.32,0,24105.96,16506.56,7599.4,4.0
101444,2024-12-30,South,Grocery,Rice 5kg,Online,New Customer,1,314.23,0,314.23,220.52,93.71,
101445,2023-12-02,North,Beauty,Shampoo,Online,Premium Member,4,1313.56,5,4991.53,3382.94,1608.59,4.0
101446,2024-05-24,East,Home & Kitchen,Mixer Grinder,In-Store,Returning Customer,3,10576.18,5,30142.11,18526.42,11615.69,5.0
101447,2023-03-14,West,Home & Kitchen,Cookware Set,In-Store,New Customer,4,1836.85,10,6612.66,4143.32,2469.34,3.0
101448,2024-03-10,West,Electronics,Smartphone,Online,New Customer,4,2532.5,10,9117.0,7225.52,1891.48,5.0
101449,2024-06-10,North,Electronics,Bluetooth Speaker,Online,New Customer,4,27578.37,20,88250.78,68727.1,19523.68,3.0
101450,2024-09-06,South,Home & Kitchen,Air Fryer,In-Store,New Customer,1,1003.9,0,1003.9,651.75,352.15,3.0
101451,2024-09-29,North,Home & Kitchen,Air Fryer,Online,Returning Customer,5,7128.2,5,33858.95,25934.71,7924.24,5.0
101452,2024-10-24,North,Beauty,Sunscreen,Online,New Customer,3,1677.91,0,5033.73,2820.45,2213.28,5.0
101453,2024-10-20,South,Home & Kitchen,Cookware Set,Online,New Customer,1,10406.9,5,9886.55,6578.64,3307.91,5.0
101454,2023-02-24,South,Home & Kitchen,Vacuum Cleaner,Online,Returning Customer,2,8507.47,10,15313.45,10450.62,4862.83,4.0
101455,2023-10-14,North,Clothing,T-Shirt,In-Store,Premium Member,2,2980.44,15,5066.75,3834.21,1232.54,
101456,2024-12-16,West,Sports,Yoga Mat,In-Store,New Customer,2,4187.82,0,8375.64,5466.3,2909.34,3.0
101457,2023-08-15,West,Electronics,Bluetooth Speaker,In-Store,Premium Member,4,14245.83,15,48435.82,33069.32,15366.5,
101458,2024-12-11,North,Home & Kitchen,Cookware Set,In-Store,Returning Customer,3,11427.47,0,34282.41,25014.36,9268.05,1.0
101459,2023-05-01,South,Grocery,Rice 5kg,In-Store,Returning Customer,4,247.19,0,988.76,640.52,348.24,5.0
101460,2023-10-24,North,Sports,Cricket Bat,Online,New Customer,2,4531.88,5,8610.57,5628.71,2981.86,5.0
101461,2023-05-17,North,Home & Kitchen,Vacuum Cleaner,Online,New Customer,2,2845.14,0,5690.28,3385.82,2304.46,4.0
101462,2023-03-08,South,Clothing,Dress,Online,Returning Customer,2,880.24,5,1672.46,1198.38,474.08,
101463,2023-07-21,West,Sports,Yoga Mat,Online,Returning Customer,3,4266.11,15,10878.58,8866.53,2012.05,
101464,2023-09-26,North,Beauty,Face Wash,In-Store,Returning Customer,3,1575.29,0,4725.87,3398.65,1327.22,1.0
101465,2024-01-10,North,Home & Kitchen,Cookware Set,Online,New Customer,1,10749.08,10,9674.17,7600.5,2073.67,3.0
101466,2023-04-26,South,Clothing,Sneakers,In-Store,Premium Member,1,2466.91,5,2343.56,1712.37,631.19,3.0
101467,2023-11-13,South,Clothing,Jacket,Online,Premium Member,3,3446.42,0,10339.26,7498.92,2840.34,5.0
101468,2024-03-22,West,Electronics,Smartwatch,In-Store,New Customer,3,44529.42,10,120229.43,99177.94,21051.49,5.0
101469,2023-04-06,North,Grocery,Snacks Combo,In-Store,New Customer,5,771.99,10,3473.96,2358.11,1115.85,
101470,2023-02-18,East,Grocery,Snacks Combo,Online,Returning Customer,3,834.71,0,2504.13,1745.69,758.44,5.0
101471,2024-06-27,East,Sports,Cricket Bat,In-Store,New Customer,4,5589.59,0,22358.36,15755.45,6602.91,
101472,2024-12-21,South,Electronics,Smartphone,In-Store,Returning Customer,5,20142.66,0,100713.3,56978.21,43735.09,4.0
101473,2023-03-04,East,Sports,Yoga Mat,Online,New Customer,5,3918.36,10,17632.62,13208.3,4424.32,5.0
101474,2023-05-18,East,Electronics,Bluetooth Speaker,Online,Returning Customer,5,1588.34,0,7941.7,5134.9,2806.8,
101475,2024-09-15,South,Sports,Cricket Bat,In-Store,Premium Member,2,1357.07,5,2578.43,1686.18,892.25,3.0
101476,2024-12-08,South,Grocery,Tea Pack,Online,Premium Member,5,304.53,20,1218.12,1088.63,129.49,5.0
101477,2023-10-02,West,Electronics,Bluetooth Speaker,In-Store,New Customer,4,17474.9,0,69899.6,40043.01,29856.59,4.0
101478,2023-11-24,East,Beauty,Face Wash,In-Store,Premium Member,5,664.75,15,2825.19,2217.01,608.18,
101479,2024-08-17,West,Clothing,Sneakers,In-Store,Returning Customer,2,548.1,10,986.58,633.47,353.11,3.0
101480,2024-11-22,East,Grocery,Snacks Combo,In-Store,Returning Customer,1,251.99,0,251.99,182.44,69.55,4.0
101481,2024-05-02,North,Home & Kitchen,Mixer Grinder,Online,Returning Customer,3,5787.3,0,17361.9,11115.8,6246.1,4.0
101482,2023-07-03,North,Electronics,Laptop,Online,Returning Customer,1,39975.39,0,39975.39,29441.48,10533.91,4.0
101483,2024-05-03,West,Beauty,Face Wash,Online,Returning Customer,4,430.68,5,1636.58,1109.9,526.68,5.0
101484,2024-09-19,North,Beauty,Face Wash,Online,Returning Customer,1,968.45,0,968.45,610.1,358.35,2.0
101485,2024-10-12,East,Grocery,Snacks Combo,Online,Returning Customer,1,603.25,5,573.09,359.47,213.62,4.0
101486,2024-02-29,West,Beauty,Lipstick,Online,New Customer,2,733.5,5,1393.65,982.78,410.87,4.0
101487,2024-08-01,South,Electronics,Smartphone,In-Store,Premium Member,2,26198.2,5,49776.58,34598.26,15178.32,
101488,2024-12-28,North,Grocery,Tea Pack,Online,Returning Customer,1,364.77,0,364.77,225.99,138.78,4.0
101489,2024-05-03,East,Beauty,Face Wash,Online,Premium Member,4,1303.96,0,5215.84,3320.59,1895.25,
101490,2024-04-24,North,Home & Kitchen,Cookware Set,Online,New Customer,3,7970.92,20,19130.21,17356.77,1773.44,
101491,2023-09-27,North,Grocery,Cooking Oil,Online,Returning Customer,5,843.66,15,3585.56,2891.25,694.31,4.0
101492,2024-04-12,West,Grocery,Rice 5kg,Online,Premium Member,3,327.91,15,836.17,544.43,291.74,
101493,2023-03-05,South,Beauty,Shampoo,Online,Returning Customer,2,1538.16,10,2768.69,2121.31,647.38,4.0
101494,2024-05-07,North,Clothing,Sneakers,Online,,5,3145.48,0,15727.4,9811.79,5915.61,5.0
101495,2023-11-13,South,Beauty,Face Wash,Online,Returning Customer,1,668.23,0,668.23,456.68,211.55,4.0
101496,2024-08-19,East,Grocery,Snacks Combo,In-Store,New Customer,4,603.75,5,2294.25,1699.39,594.86,5.0
101497,2023-04-22,West,Beauty,Sunscreen,In-Store,Returning Customer,5,1506.9,5,7157.78,4473.14,2684.64,4.0
101498,2023-05-30,South,Sports,Running Shoes,In-Store,New Customer,3,4233.45,0,12700.35,9485.26,3215.09,5.0
101499,2023-11-17,West,Sports,Yoga Mat,Online,Returning Customer,3,1534.67,15,3913.41,3322.51,590.9,
101500,2023-08-22,West,Sports,Yoga Mat,In-Store,New Customer,5,1439.22,10,6476.49,4540.92,1935.57,5.0
101501,2024-12-15,North,Electronics,Laptop,Online,Returning Customer,3,3329.88,10,8990.68,7066.35,1924.33,5.0
101502,2023-03-03,West,Home & Kitchen,Vacuum Cleaner,Online,New Customer,5,3981.2,0,19906.0,14618.38,5287.62,
101503,2024-08-10,North,Beauty,Face Wash,Online,Premium Member,1,790.69,0,790.69,498.0,292.69,5.0
101504,2024-03-29,South,Grocery,Rice 5kg,Online,New Customer,2,890.23,5,1691.44,1002.85,688.59,5.0
101505,2023-07-10,West,Clothing,Jeans,Online,,5,2535.43,0,12677.15,7246.32,5430.83,4.0
101506,2024-01-05,West,Grocery,Rice 5kg,Online,New Customer,5,130.82,15,555.98,473.42,82.56,2.0
101507,2023-06-26,South,Grocery,Cooking Oil,Online,New Customer,5,819.64,20,3278.56,2944.24,334.32,4.0
101508,2023-05-17,North,Electronics,Smartwatch,Online,New Customer,5,27904.66,10,125570.97,77436.13,48134.84,4.0
101509,2024-03-16,North,Home & Kitchen,Air Fryer,Online,Premium Member,3,5937.76,20,14250.62,10507.43,3743.19,
101510,2024-09-06,East,Electronics,Smartphone,Online,Returning Customer,1,33548.91,0,33548.91,18565.25,14983.66,3.0
101511,2024-01-23,West,Home & Kitchen,Vacuum Cleaner,In-Store,Returning Customer,3,5118.14,15,13051.26,11177.39,1873.87,4.0
101512,2024-12-09,South,Electronics,Bluetooth Speaker,In-Store,Returning Customer,3,24889.65,0,74668.95,55617.73,19051.22,3.0
101513,2024-03-17,East,Electronics,Bluetooth Speaker,In-Store,Premium Member,4,4317.54,5,16406.65,10501.28,5905.37,5.0
101514,2024-03-04,South,Sports,Dumbbells,Online,Returning Customer,2,5978.04,0,11956.08,8741.8,3214.28,
101515,2024-07-15,North,Sports,Running Shoes,Online,New Customer,5,1960.32,0,9801.6,5649.35,4152.25,4.0
101516,2023-12-12,West,Electronics,Bluetooth Speaker,In-Store,Returning Customer,5,36695.61,5,174304.15,126658.54,47645.61,3.0
101517,2024-08-09,West,Home & Kitchen,Vacuum Cleaner,Online,Premium Member,1,8049.99,0,8049.99,5063.21,2986.78,4.0
101518,2024-07-26,South,Grocery,Snacks Combo,Online,Returning Customer,3,665.92,10,1797.98,1240.6,557.38,5.0
101519,2024-01-06,west,Electronics,Bluetooth Speaker,In-Store,Returning Customer,1,13663.76,5,12980.57,7851.84,5128.73,4.0
101520,2024-10-19,North,Clothing,T-Shirt,Online,New Customer,4,370.85,5,1409.23,890.14,519.09,
101521,2024-02-21,North,Grocery,Tea Pack,Online,New Customer,4,108.04,10,388.94,255.0,133.94,4.0
101522,2024-01-28,West,Clothing,Jeans,Online,New Customer,3,951.53,0,2854.59,1892.35,962.24,
101523,2023-12-18,North,Sports,Dumbbells,Online,Returning Customer,4,1168.42,0,4673.68,2642.42,2031.26,
101524,2023-06-17,North,Clothing,T-Shirt,Online,New Customer,4,667.08,15,2268.07,1622.82,645.25,5.0
101525,2024-02-22,West,Electronics,Bluetooth Speaker,In-Store,New Customer,1,23668.47,10,21301.62,17312.49,3989.13,5.0
101526,2024-06-03,North,Sports,Yoga Mat,Online,New Customer,4,2823.15,0,11292.6,7345.91,3946.69,4.0
101527,2023-11-18,West,Home & Kitchen,Cookware Set,In-Store,Premium Member,5,4908.93,10,22090.18,15882.22,6207.96,
101528,2024-03-24,West,Beauty,Sunscreen,In-Store,New Customer,5,895.95,0,4479.75,2975.76,1503.99,
101529,2023-01-21,South,Grocery,Cooking Oil,In-Store,Premium Member,3,745.48,10,2012.8,1338.2,674.6,4.0
101530,2023-12-05,North,Electronics,Bluetooth Speaker,In-Store,Returning Customer,5,30611.55,10,137751.98,91846.87,45905.11,5.0
101531,2024-10-18,North,Beauty,Shampoo,In-Store,Returning Customer,4,488.64,10,1759.1,1364.72,394.38,
101532,2023-01-21,East,Beauty,Lipstick,Online,Premium Member,1,1459.02,10,1313.12,997.31,315.81,5.0
101533,2024-10-04,East,Home & Kitchen,Mixer Grinder,Online,Returning Customer,3,7139.73,0,21419.19,15192.36,6226.83,3.0
101534,2024-05-25,South,Grocery,Tea Pack,Online,New Customer,3,689.09,5,1963.91,1243.1,720.81,4.0
101535,2024-03-24,North,Electronics,Laptop,Online,Premium Member,4,3930.56,0,15722.24,10881.95,4840.29,5.0
101536,2024-06-18,West,Beauty,Lipstick,Online,New Customer,2,1425.68,0,2851.36,2070.77,780.59,1.0
101537,2024-12-08,South,Home & Kitchen,Mixer Grinder,In-Store,Premium Member,3,8950.86,10,24167.32,19620.64,4546.68,
101538,2023-06-10,West,Home & Kitchen,Cookware Set,Online,Returning Customer,2,7986.89,10,14376.4,10646.85,3729.55,
101539,2024-10-08,South,Beauty,Lipstick,In-Store,Returning Customer,3,1619.01,5,4614.18,3393.96,1220.22,
101540,2024-08-01,West,Clothing,T-Shirt,Online,New Customer,5,1067.18,0,5335.9,3673.14,1662.76,
101541,2024-04-02,South,Electronics,Headphones,Online,Returning Customer,5,28111.65,0,140558.25,103501.15,37057.1,4.0
101542,2023-02-05,North,Clothing,T-Shirt,Online,Returning Customer,4,681.3,0,2725.2,1553.44,1171.76,5.0
101543,2024-01-02,South,Home & Kitchen,Cookware Set,Online,Returning Customer,5,2333.04,15,9915.42,8645.47,1269.95,5.0
101544,2023-07-18,North,Home & Kitchen,Vacuum Cleaner,Online,New Customer,2,9895.54,0,19791.08,12967.81,6823.27,
101545,2024-04-15,East,Beauty,Lipstick,In-Store,Returning Customer,3,923.76,0,2771.28,2035.01,736.27,3.0
101546,2023-11-21,West,Grocery,Rice 5kg,Online,Returning Customer,3,501.09,5,1428.11,884.31,543.8,
101547,2024-02-22,West,Electronics,Headphones,In-Store,Premium Member,3,34957.91,0,104873.73,58257.05,46616.68,
101548,2024-05-20,West,Clothing,Jeans,Online,New Customer,1,560.51,10,504.46,333.7,170.76,
101549,2023-05-26,south,Grocery,Cooking Oil,Online,Returning Customer,5,252.99,5,1201.7,867.9,333.8,
101550,2024-11-25,North,Beauty,Face Wash,Online,Returning Customer,5,694.94,0,3474.7,2241.43,1233.27,5.0
101551,2024-05-13,North,Clothing,T-Shirt,In-Store,New Customer,4,1843.91,10,6638.08,5244.06,1394.02,5.0
101552,2024-11-28,South,Grocery,Snacks Combo,Online,Returning Customer,1,224.2,10,201.78,146.35,55.43,
101553,2023-03-07,North,Grocery,Cooking Oil,Online,Returning Customer,5,140.22,0,701.1,419.68,281.42,
101554,2024-08-23,West,Grocery,Tea Pack,Online,New Customer,4,94.02,5,357.28,224.0,133.28,
101555,2023-12-27,West,Grocery,Snacks Combo,Online,New Customer,5,846.07,0,4230.35,3069.83,1160.52,
101556,2023-05-22,East,Clothing,Sneakers,Online,Premium Member,4,3304.43,20,10574.18,9805.42,768.76,
101557,2023-11-12,North,Beauty,Shampoo,Online,Returning Customer,3,1016.39,5,2896.71,1914.29,982.42,5.0
101558,2023-01-08,South,Clothing,Dress,Online,Returning Customer,5,3155.55,5,14988.86,11154.17,3834.69,5.0
101559,2024-06-10,North,Grocery,Tea Pack,In-Store,Premium Member,3,302.66,0,907.98,593.28,314.7,
101560,2024-08-27,East,Clothing,Jeans,In-Store,New Customer,1,2110.03,0,2110.03,1371.09,738.94,4.0
101561,2024-10-06,South,Electronics,Smartwatch,Online,New Customer,3,11442.56,0,34327.68,18884.03,15443.65,4.0
101562,2023-03-20,West,Clothing,T-Shirt,In-Store,Returning Customer,2,2381.84,0,4763.68,3538.24,1225.44,5.0
101563,2024-04-21,West,Home & Kitchen,Mixer Grinder,Online,Returning Customer,1,5299.15,5,5034.19,3947.12,1087.07,2.0
101564,2023-10-04,west,Sports,Yoga Mat,In-Store,New Customer,4,4273.78,0,17095.12,12695.47,4399.65,2.0
101565,2024-04-19,West,Sports,Yoga Mat,In-Store,Premium Member,4,826.1,5,3139.18,2432.85,706.33,5.0
101566,2024-01-21,South,Electronics,Laptop,Online,New Customer,1,13857.45,10,12471.71,7703.62,4768.09,3.0
101567,2023-03-16,East,Electronics,Smartwatch,Online,New Customer,3,11143.99,5,31760.37,22695.55,9064.82,
101568,2024-11-11,North,Clothing,T-Shirt,In-Store,Returning Customer,1,1791.57,0,1791.57,1259.66,531.91,
101569,2023-08-04,South,Sports,Cricket Bat,In-Store,Returning Customer,4,418.92,10,1508.11,1201.06,307.05,3.0
101570,2024-12-12,West,Home & Kitchen,Cookware Set,Online,New Customer,5,2343.39,10,10545.26,8738.91,1806.35,4.0
101571,2023-04-18,West,Clothing,T-Shirt,Online,Premium Member,4,736.43,0,2945.72,2116.86,828.86,
101572,2023-02-03,East,Grocery,Cooking Oil,In-Store,New Customer,3,592.01,10,1598.43,1149.99,448.44,
101573,2024-11-27,South,Home & Kitchen,Mixer Grinder,In-Store,New Customer,3,10755.54,0,32266.62,17833.15,14433.47,5.0
101574,2024-12-15,West,Electronics,Laptop,In-Store,New Customer,5,28876.77,5,137164.66,88632.0,48532.66,
101575,2023-06-24,South,Home & Kitchen,Cookware Set,Online,Returning Customer,3,8465.83,5,24127.62,14745.22,9382.4,5.0
101576,2023-11-26,East,Sports,Yoga Mat,Online,,3,2179.6,0,6538.8,4574.4,1964.4,4.0
101577,2023-01-21,East,Beauty,Sunscreen,Online,New Customer,4,810.73,0,3242.92,2010.53,1232.39,5.0
101578,2024-05-11,North,Grocery,Snacks Combo,In-Store,Returning Customer,4,142.8,10,514.08,418.35,95.73,3.0
101579,2023-11-01,West,Grocery,Rice 5kg,In-Store,Returning Customer,3,108.7,10,293.49,180.85,112.64,5.0
101580,2024-04-06,East,Beauty,Sunscreen,In-Store,New Customer,2,921.89,0,1843.78,1175.64,668.14,2.0
101581,2023-06-09,West,Electronics,Smartphone,Online,New Customer,2,39148.98,0,78297.96,53705.42,24592.54,4.0
101582,2024-12-05,South,Sports,Cricket Bat,In-Store,Returning Customer,2,5430.25,5,10317.48,7582.41,2735.07,5.0
101583,2024-11-22,East,Clothing,Sneakers,Online,Returning Customer,2,3123.21,0,6246.42,3919.6,2326.82,4.0
101584,2024-06-07,East,Electronics,Smartphone,Online,Returning Customer,2,1514.24,0,3028.48,1865.81,1162.67,4.0
101585,2023-03-13,East,Electronics,Bluetooth Speaker,Online,Returning Customer,4,28376.53,5,107830.81,66827.15,41003.66,1.0
101586,2024-11-15,North,Electronics,Headphones,Online,Returning Customer,2,17175.57,5,32633.58,20482.98,12150.6,4.0
101587,2023-09-24,North,Electronics,Headphones,In-Store,New Customer,1,4989.11,0,4989.11,3117.52,1871.59,3.0
101588,2023-02-19,West,Electronics,Smartwatch,In-Store,New Customer,3,35804.42,0,107413.26,67503.82,39909.44,
101589,2023-05-04,South,Sports,Running Shoes,In-Store,New Customer,2,1565.25,0,3130.5,2064.03,1066.47,5.0
101590,2024-09-23,East,Beauty,Sunscreen,Online,New Customer,4,1248.52,0,4994.08,3690.11,1303.97,4.0
101591,2024-12-03,North,Clothing,Dress,In-Store,Premium Member,2,1416.37,10,2549.47,2078.51,470.96,5.0
101592,2023-07-02,West,Grocery,Rice 5kg,Online,Returning Customer,1,299.11,0,299.11,195.32,103.79,1.0
101593,2023-12-13,East,Beauty,Sunscreen,Online,Premium Member,3,473.19,0,1419.57,944.18,475.39,3.0
101594,2023-11-30,South,Clothing,Jeans,In-Store,Returning Customer,2,2062.92,0,4125.84,2507.56,1618.28,
101595,2023-04-10,North,Sports,Cricket Bat,Online,Returning Customer,5,3845.27,5,18265.03,11062.92,7202.11,
101596,2023-05-10,East,Clothing,Jeans,Online,Premium Member,2,570.55,0,1141.1,749.89,391.21,4.0
101597,2024-03-09,East,Electronics,Laptop,Online,Returning Customer,1,13026.11,0,13026.11,9435.17,3590.94,1.0
101598,2024-02-23,South,Clothing,Jeans,Online,Returning Customer,4,3265.72,5,12409.74,9384.39,3025.35,3.0
101599,2024-12-15,South,Home & Kitchen,Air Fryer,Online,Returning Customer,4,6004.89,20,19215.65,16467.8,2747.85,3.0
101600,2024-05-22,East,Beauty,Lipstick,In-Store,Returning Customer,4,858.2,15,2917.88,2086.08,831.8,
101601,2024-07-12,East,Electronics,Smartphone,In-Store,New Customer,1,2340.09,0,2340.09,1649.38,690.71,
101602,2023-08-26,North,Grocery,Snacks Combo,In-Store,New Customer,5,319.41,5,1517.2,1107.49,409.71,3.0
101603,2024-09-19,West,Beauty,Sunscreen,Online,Returning Customer,3,1693.86,0,5081.58,3204.31,1877.27,4.0
101604,2024-01-28,West,Home & Kitchen,Air Fryer,Online,Premium Member,5,837.78,0,4188.9,2798.56,1390.34,
101605,2023-11-22,East,Grocery,Snacks Combo,Online,New Customer,3,530.63,10,1432.7,961.26,471.44,4.0
101606,2024-06-06,East,Clothing,Jacket,Online,New Customer,5,1255.79,0,6278.95,3967.14,2311.81,
101607,2024-07-19,West,Electronics,Laptop,Online,Returning Customer,5,11392.62,0,56963.1,40365.31,16597.79,4.0
101608,2024-12-28,West,Grocery,Rice 5kg,In-Store,Returning Customer,2,642.3,10,1156.14,766.28,389.86,5.0
101609,2024-03-22,West,Sports,Yoga Mat,Online,New Customer,4,4650.91,10,16743.28,13665.1,3078.18,2.0
101610,2024-11-27,East,Grocery,Cooking Oil,Online,Returning Customer,2,431.08,5,819.05,597.07,221.98,5.0
101611,2024-09-07,East,Grocery,Snacks Combo,In-Store,New Customer,2,261.6,0,523.2,331.37,191.83,4.0
101612,2024-01-27,South,Beauty,Face Wash,In-Store,Returning Customer,4,899.48,15,3058.23,2478.59,579.64,2.0
101613,2023-06-19,East,Sports,Dumbbells,In-Store,Returning Customer,4,3848.42,5,14624.0,9237.75,5386.25,2.0
101614,2023-03-20,North,Electronics,Headphones,Online,New Customer,5,5534.11,10,24903.5,16618.03,8285.47,3.0
101615,2023-12-01,East,Electronics,Laptop,Online,,1,39708.15,5,37722.74,24104.09,13618.65,5.0
101616,2023-04-06,North,Home & Kitchen,Cookware Set,In-Store,New Customer,5,8067.1,5,38318.72,28806.35,9512.37,
101617,2024-05-05,South,Beauty,Lipstick,Online,Premium Member,1,663.64,5,630.46,462.21,168.25,2.0
101618,2023-03-21,East,Electronics,Headphones,In-Store,Returning Customer,1,4041.47,0,4041.47,2278.2,1763.27,5.0
101619,2024-04-30,West,Grocery,Tea Pack,Online,New Customer,4,703.73,0,2814.92,1643.68,1171.24,5.0
101620,2024-04-13,North,Grocery,Snacks Combo,Online,Premium Member,5,476.25,10,2143.12,1341.83,801.29,
101621,2024-06-08,South,Grocery,Snacks Combo,Online,New Customer,3,714.29,0,2142.87,1368.93,773.94,
101622,2024-01-21,South,Electronics,Smartwatch,Online,New Customer,1,21280.88,0,21280.88,13809.53,7471.35,
101623,2023-10-25,South,Electronics,Smartwatch,Online,Premium Member,2,41729.37,15,70939.93,51606.84,19333.09,1.0
101624,2023-05-06,South,Beauty,Lipstick,In-Store,New Customer,2,427.0,0,854.0,482.22,371.78,
101625,2024-12-21,West,Sports,Yoga Mat,Online,Returning Customer,1,3163.7,5,3005.52,1824.19,1181.33,
101626,2023-02-06,North,Beauty,Sunscreen,In-Store,Returning Customer,5,1366.46,5,6490.68,3927.81,2562.87,4.0
101627,2023-09-13,North,Sports,Dumbbells,Online,New Customer,2,3144.72,0,6289.44,3529.06,2760.38,4.0
101628,2024-07-30,North,Clothing,Sneakers,Online,New Customer,4,635.23,10,2286.83,1604.94,681.89,
101629,2024-01-11,West,Electronics,Bluetooth Speaker,In-Store,New Customer,5,1840.73,15,7823.1,5346.53,2476.57,5.0
101630,2024-07-20,West,Grocery,Tea Pack,Online,Returning Customer,2,100.95,5,191.8,112.31,79.49,2.0
101631,2023-12-06,East,Clothing,Jacket,In-Store,Returning Customer,5,2185.88,0,10929.4,6578.17,4351.23,4.0
101632,2023-06-15,West,Grocery,Cooking Oil,Online,New Customer,4,354.43,0,1417.72,822.61,595.11,5.0
101633,2023-11-06,North,Sports,Dumbbells,In-Store,Premium Member,5,4831.51,5,22949.67,14568.48,8381.19,4.0
101634,2023-12-23,East,Electronics,Smartwatch,Online,Returning Customer,2,26788.78,0,53577.56,29835.93,23741.63,3.0
101635,2024-07-07,West,Beauty,Face Wash,In-Store,New Customer,1,1234.83,15,1049.61,899.56,150.05,4.0
101636,2024-08-11,East,Beauty,Lipstick,Online,Returning Customer,5,1027.77,5,4881.91,3230.78,1651.13,5.0
101637,2024-04-22,West,Clothing,Jacket,Online,Premium Member,3,3388.84,20,8133.22,6050.47,2082.75,4.0
101638,2023-04-11,West,Grocery,Snacks Combo,Online,New Customer,2,391.56,0,783.12,483.2,299.92,3.0
101639,2024-12-01,South,Electronics,Headphones,In-Store,Returning Customer,5,2839.52,10,12777.84,8109.78,4668.06,3.0
101640,2023-04-14,South,Electronics,Laptop,Online,Returning Customer,3,12301.95,15,31369.97,23692.25,7677.72,
101641,2023-10-22,South,Sports,Running Shoes,In-Store,Premium Member,4,4935.31,5,18754.18,12399.72,6354.46,
101642,2023-12-15,North,Beauty,Face Wash,Online,Returning Customer,3,1297.5,0,3892.5,2708.22,1184.28,5.0
101643,2024-03-17,East,Clothing,T-Shirt,Online,Returning Customer,5,1432.82,20,5731.28,4562.82,1168.46,
101644,2023-02-01,North,Clothing,Jeans,Online,New Customer,1,2311.65,15,1964.9,1390.11,574.79,4.0
101645,2024-01-06,North,Home & Kitchen,Air Fryer,In-Store,Premium Member,4,4735.6,5,17995.28,12851.03,5144.25,3.0
101646,2024-06-16,North,Electronics,Smartwatch,Online,New Customer,1,44474.75,0,44474.75,25738.45,18736.3,3.0
101647,2024-01-25,East,Sports,Dumbbells,In-Store,Premium Member,3,2232.74,10,6028.4,4272.2,1756.2,
101648,2024-07-27,South,Sports,Yoga Mat,Online,Returning Customer,1,1343.12,10,1208.81,854.06,354.75,5.0
101649,2023-05-18,North,Home & Kitchen,Air Fryer,Online,New Customer,4,10044.64,15,34151.78,29628.11,4523.67,2.0
101650,2023-03-28,South,Sports,Yoga Mat,In-Store,New Customer,4,3237.59,5,12302.84,9424.57,2878.27,3.0
101651,2023-03-31,South,Clothing,Jacket,Online,Premium Member,2,958.25,5,1820.68,1219.49,601.19,4.0
101652,2024-06-09,West,Clothing,T-Shirt,Online,Returning Customer,2,2812.94,10,5063.29,3493.3,1569.99,5.0
101653,2024-09-08,North,Beauty,Shampoo,In-Store,Returning Customer,3,799.26,0,2397.78,1526.27,871.51,5.0
101654,2023-08-05,East,Sports,Cricket Bat,Online,Returning Customer,2,4999.35,5,9498.76,5957.87,3540.89,3.0
101655,2024-12-30,East,Grocery,Rice 5kg,In-Store,Premium Member,2,755.46,5,1435.37,1045.3,390.07,5.0
101656,2023-01-17,North,Beauty,Lipstick,In-Store,Returning Customer,4,382.38,10,1376.57,936.75,439.82,5.0
101657,2023-10-30,West,Clothing,Jacket,Online,New Customer,3,2309.4,20,5542.56,4555.09,987.47,4.0
101658,2023-11-27,East,Home & Kitchen,Vacuum Cleaner,In-Store,Returning Customer,4,11946.04,0,47784.16,35230.75,12553.41,
101659,2024-05-08,south,Grocery,Tea Pack,Online,Returning Customer,4,112.36,5,426.97,258.28,168.69,4.0
101660,2024-05-03,West,Grocery,Tea Pack,Online,New Customer,5,855.19,0,4275.95,3124.02,1151.93,
101661,2023-01-02,West,Beauty,Lipstick,Online,New Customer,4,1328.92,5,5049.9,3039.3,2010.6,5.0
101662,2023-06-03,West,Home & Kitchen,Cookware Set,In-Store,New Customer,1,3044.04,5,2891.84,1942.23,949.61,3.0
101663,2023-09-30,West,Grocery,Snacks Combo,Online,Returning Customer,5,159.45,0,797.25,446.72,350.53,5.0
101664,2024-07-05,South,Electronics,Laptop,Online,Returning Customer,4,30039.04,5,114148.35,76025.61,38122.74,2.0
101665,2023-07-11,East,Grocery,Cooking Oil,In-Store,New Customer,1,844.43,0,844.43,589.83,254.6,
101666,2023-07-22,West,Beauty,Face Wash,Online,Premium Member,3,1483.38,5,4227.63,2608.5,1619.13,4.0
101667,2024-07-14,West,Home & Kitchen,Air Fryer,In-Store,New Customer,2,2992.78,10,5387.0,4303.39,1083.61,
101668,2023-07-28,North,Electronics,Laptop,In-Store,Returning Customer,3,31926.57,0,95779.71,52682.2,43097.51,
101669,2024-01-16,East,Beauty,Shampoo,Online,Returning Customer,5,1464.38,15,6223.62,5265.89,957.73,1.0
101670,2024-01-03,North,Grocery,Tea Pack,Online,Returning Customer,2,90.51,20,144.82,128.4,16.42,
101671,2023-11-20,East,Clothing,Dress,Online,New Customer,4,3065.11,10,11034.4,6799.42,4234.98,
101672,2024-02-14,East,Sports,Yoga Mat,In-Store,Premium Member,2,2359.6,5,4483.24,2957.52,1525.72,
101673,2023-11-17,East,Sports,Cricket Bat,Online,Returning Customer,2,4599.1,0,9198.2,5083.76,4114.44,3.0
101674,2024-11-19,East,Grocery,Snacks Combo,In-Store,Returning Customer,4,831.16,5,3158.41,2007.85,1150.56,
101675,2023-12-24,South,Electronics,Smartwatch,Online,Returning Customer,3,18294.66,10,49395.58,32978.24,16417.34,3.0
101676,2024-07-17,North,Sports,Running Shoes,Online,Premium Member,5,894.38,0,4471.9,2597.88,1874.02,3.0
101677,2024-10-06,North,Clothing,Jeans,Online,Returning Customer,3,1974.72,10,5331.74,3913.91,1417.83,
101678,2023-11-25,East,Beauty,Lipstick,Online,Premium Member,1,417.91,0,417.91,310.55,107.36,
101679,2024-09-03,South,Beauty,Shampoo,In-Store,Returning Customer,4,649.37,15,2207.86,1703.49,504.37,2.0
101680,2024-06-17,South,Beauty,Face Wash,Online,Returning Customer,2,1153.05,0,2306.1,1501.63,804.47,4.0
101681,2023-01-27,East,Electronics,Headphones,Online,Returning Customer,4,31127.52,0,124510.08,83389.96,41120.12,3.0
101682,2023-02-26,South,Clothing,T-Shirt,Online,Returning Customer,5,2415.69,10,10870.61,8344.03,2526.58,4.0
101683,2024-11-07,South,Sports,Dumbbells,Online,Returning Customer,4,5651.64,10,20345.9,16310.66,4035.24,5.0
101684,2024-04-24,West,Electronics,Smartphone,Online,Returning Customer,5,4476.09,20,17904.36,15329.7,2574.66,5.0
101685,2023-04-26,North,Home & Kitchen,Air Fryer,In-Store,Returning Customer,4,8610.41,0,34441.64,19414.43,15027.21,3.0
101686,2023-09-28,East,Beauty,Sunscreen,Online,New Customer,2,773.68,10,1392.62,906.51,486.11,
101687,2024-01-09,west,Clothing,Jeans,Online,Returning Customer,4,1681.66,0,6726.64,4570.86,2155.78,5.0
101688,2024-09-03,South,Sports,Cricket Bat,Online,Returning Customer,2,2612.7,0,5225.4,2975.4,2250.0,3.0
101689,2023-11-19,East,Beauty,Shampoo,In-Store,New Customer,3,1471.36,5,4193.38,2483.23,1710.15,5.0
101690,2024-04-23,East,Clothing,T-Shirt,Online,New Customer,1,2142.36,0,2142.36,1380.12,762.24,3.0
101691,2023-02-07,North,Beauty,Sunscreen,Online,Returning Customer,5,443.21,10,1994.44,1589.29,405.15,4.0
101692,2024-07-24,East,Sports,Running Shoes,In-Store,New Customer,3,5351.03,0,16053.09,10865.69,5187.4,5.0
101693,2023-09-23,South,Clothing,Sneakers,In-Store,Returning Customer,4,384.11,5,1459.62,1078.14,381.48,4.0
101694,2024-06-15,South,Grocery,Cooking Oil,Online,Returning Customer,1,509.48,0,509.48,293.46,216.02,4.0
101695,2023-05-13,East,Clothing,T-Shirt,Online,Returning Customer,2,300.81,10,541.46,420.75,120.71,4.0
101696,2024-11-08,North,Clothing,Jacket,Online,Premium Member,2,3489.81,10,6281.66,5169.37,1112.29,
101697,2023-02-10,North,Clothing,Jacket,In-Store,Premium Member,1,1977.55,0,1977.55,1415.61,561.94,
101698,2024-03-29,East,Clothing,Jacket,Online,Returning Customer,1,2347.05,20,1877.64,1752.01,125.63,4.0
101699,2023-09-29,East,Home & Kitchen,Mixer Grinder,In-Store,Returning Customer,2,1446.98,0,2893.96,1710.28,1183.68,
101700,2024-08-14,North,Electronics,Headphones,Online,New Customer,2,24116.95,0,48233.9,31601.82,16632.08,
101701,2023-12-21,East,Sports,Running Shoes,Online,New Customer,2,4172.71,0,8345.42,5891.28,2454.14,
101702,2023-11-19,West,Beauty,Shampoo,Online,Returning Customer,4,633.68,5,2407.98,1509.84,898.14,2.0
101703,2023-09-23,North,Sports,Running Shoes,In-Store,New Customer,4,2351.57,10,8465.65,6393.31,2072.34,
101704,2024-05-15,South,Electronics,Headphones,Online,Premium Member,4,16903.73,0,67614.92,41592.19,26022.73,
101705,2023-03-18,South,Grocery,Cooking Oil,Online,New Customer,1,84.87,0,84.87,47.1,37.77,5.0
101706,2023-11-03,East,Home & Kitchen,Air Fryer,Online,Returning Customer,2,9668.99,5,18371.08,13266.68,5104.4,4.0
101707,2024-08-16,West,Sports,Cricket Bat,In-Store,Returning Customer,2,2313.05,0,4626.1,2909.9,1716.2,5.0
101708,2023-06-20,West,Clothing,Sneakers,Online,New Customer,3,2984.84,10,8059.07,5586.47,2472.6,4.0
101709,2024-05-10,North,Sports,Running Shoes,Online,New Customer,1,725.91,15,617.02,441.2,175.82,
101710,2024-06-20,North,Electronics,Laptop,Online,Returning Customer,1,32867.4,0,32867.4,21925.53,10941.87,4.0
101711,2024-03-05,East,Home & Kitchen,Air Fryer,In-Store,New Customer,1,11183.17,0,11183.17,6670.69,4512.48,
101712,2023-03-16,South,Clothing,Jeans,In-Store,Returning Customer,5,2869.66,5,13630.88,10185.89,3444.99,4.0
101713,2024-01-28,East,Grocery,Tea Pack,Online,Returning Customer,1,831.93,5,790.33,548.32,242.01,5.0
101714,2023-01-18,South,Home & Kitchen,Mixer Grinder,In-Store,Premium Member,1,6673.01,10,6005.71,3818.49,2187.22,5.0
101715,2024-11-15,West,Home & Kitchen,Vacuum Cleaner,Online,Returning Customer,5,7899.15,5,37520.96,28826.89,8694.07,4.0
101716,2023-08-21,South,Beauty,Sunscreen,In-Store,Returning Customer,1,505.5,5,480.22,302.36,177.86,5.0
101717,2024-03-09,South,Home & Kitchen,Air Fryer,In-Store,New Customer,4,6951.27,0,27805.08,18896.99,8908.09,5.0
101718,2023-06-29,West,Electronics,Laptop,Online,Returning Customer,2,23031.75,5,43760.32,30756.08,13004.24,2.0
101719,2024-10-10,East,Electronics,Smartwatch,Online,Returning Customer,5,20866.44,0,104332.2,69891.34,34440.86,
101720,2023-09-13,North,Sports,Dumbbells,In-Store,Returning Customer,3,773.33,10,2087.99,1502.83,585.16,4.0
101721,2024-03-19,South,Electronics,Laptop,In-Store,New Customer,3,23882.69,10,64483.26,50254.42,14228.84,4.0
101722,2024-09-08,North,Electronics,Smartwatch,Online,Premium Member,5,35745.48,10,160854.66,132262.69,28591.97,3.0
101723,2023-10-31,East,Clothing,Sneakers,Online,Premium Member,4,3176.41,10,11435.08,9201.94,2233.14,
101724,2024-09-02,East,Grocery,Snacks Combo,Online,Premium Member,2,100.27,15,170.46,113.14,57.32,2.0
101725,2024-07-11,East,Beauty,Sunscreen,In-Store,Returning Customer,1,1630.14,0,1630.14,1124.41,505.73,5.0
101726,2024-10-03,South,Electronics,Laptop,Online,Premium Member,2,5638.49,0,11276.98,8187.57,3089.41,5.0
101727,2023-01-18,South,Electronics,Laptop,In-Store,New Customer,5,30410.01,10,136845.04,111030.94,25814.1,
101728,2024-03-25,East,Sports,Running Shoes,Online,Returning Customer,1,1823.66,5,1732.48,1299.34,433.14,4.0
101729,2024-05-05,East,Grocery,Tea Pack,In-Store,Returning Customer,2,875.24,0,1750.48,1241.63,508.85,5.0
101730,2023-01-31,West,Sports,Running Shoes,In-Store,New Customer,1,3867.86,10,3481.07,2258.89,1222.18,2.0
101731,2024-01-30,South,Clothing,Jeans,In-Store,Premium Member,5,3107.57,0,15537.85,11096.16,4441.69,4.0
101732,2024-02-24,East,Home & Kitchen,Air Fryer,Online,New Customer,3,1597.44,15,4073.47,3369.79,703.68,
101733,2023-10-18,East,Clothing,Jeans,In-Store,Returning Customer,4,2502.33,20,8007.46,5977.47,2029.99,
101734,2024-04-27,South,Sports,Dumbbells,Online,New Customer,4,2464.85,0,9859.4,6304.91,3554.49,4.0
101735,2024-11-07,East,Sports,Dumbbells,Online,Returning Customer,1,4696.41,5,4461.59,3353.3,1108.29,4.0
101736,2024-07-26,South,Clothing,Sneakers,In-Store,Premium Member,1,3034.38,5,2882.66,2045.6,837.06,
101737,2024-10-06,east,Home & Kitchen,Mixer Grinder,Online,New Customer,4,6780.83,0,27123.32,18953.17,8170.15,3.0
101738,2024-05-29,West,Clothing,Dress,Online,Returning Customer,5,1883.12,0,9415.6,5779.02,3636.58,5.0
101739,2024-04-12,South,Clothing,Jeans,In-Store,New Customer,4,1359.13,0,5436.52,3217.54,2218.98,4.0
101740,2024-07-10,North,Home & Kitchen,Air Fryer,Online,New Customer,4,10271.2,10,36976.32,30466.39,6509.93,2.0
101741,2023-05-23,East,Home & Kitchen,Cookware Set,Online,New Customer,4,10496.67,5,39887.35,26293.26,13594.09,5.0
101742,2023-11-04,West,Beauty,Lipstick,Online,Premium Member,2,1256.82,0,2513.64,1758.31,755.33,5.0
101743,2024-04-14,East,Grocery,Cooking Oil,Online,New Customer,1,340.01,15,289.01,241.59,47.42,4.0
101744,2024-07-05,South,Sports,Dumbbells,Online,Premium Member,1,5063.25,0,5063.25,2927.6,2135.65,5.0
101745,2024-09-25,East,Grocery,Snacks Combo,Online,Returning Customer,4,650.25,0,2601.0,1477.92,1123.08,
101746,2023-09-05,North,Electronics,Smartwatch,Online,Returning Customer,2,26017.14,0,52034.28,38922.54,13111.74,4.0
101747,2024-07-26,North,Electronics,Headphones,Online,Premium Member,1,25807.45,5,24517.08,19137.84,5379.24,4.0
101748,2023-02-03,North,Electronics,Headphones,In-Store,Returning Customer,4,7479.85,0,29919.4,20879.49,9039.91,5.0
101749,2023-01-30,East,Grocery,Cooking Oil,In-Store,Returning Customer,5,627.55,0,3137.75,2055.46,1082.29,5.0
101750,2024-09-24,North,Home & Kitchen,Air Fryer,Online,Returning Customer,1,11256.96,10,10131.26,6712.14,3419.12,2.0
101751,2023-03-07,North,Electronics,Bluetooth Speaker,In-Store,Returning Customer,4,28144.68,5,106949.78,62792.18,44157.6,
101752,2024-09-01,West,Sports,Dumbbells,In-Store,Returning Customer,3,4045.42,0,12136.26,6877.54,5258.72,
101753,2023-09-12,North,Home & Kitchen,Air Fryer,In-Store,New Customer,4,9764.59,5,37105.44,25964.93,11140.51,
101754,2024-06-06,South,Grocery,Tea Pack,Online,Returning Customer,5,860.74,5,4088.51,2968.61,1119.9,5.0
101755,2024-07-02,West,Beauty,Lipstick,Online,Returning Customer,4,1255.32,10,4519.15,2996.87,1522.28,2.0
101756,2024-09-05,West,Home & Kitchen,Vacuum Cleaner,Online,Returning Customer,3,4540.96,10,12260.59,9168.43,3092.16,4.0
101757,2023-07-18,North,Grocery,Tea Pack,Online,Premium Member,1,205.21,0,205.21,136.25,68.96,2.0
101758,2023-04-11,North,Home & Kitchen,Cookware Set,Online,New Customer,5,8256.65,10,37154.93,27876.23,9278.7,4.0
101759,2024-01-12,West,Clothing,Jacket,In-Store,Returning Customer,4,981.36,5,3729.17,2937.63,791.54,
101760,2024-05-13,South,Grocery,Rice 5kg,Online,Returning Customer,2,176.47,5,335.29,214.17,121.12,
101761,2023-08-05,West,Clothing,Dress,In-Store,Returning Customer,4,2318.41,20,7418.91,5800.38,1618.53,4.0
101762,2023-09-14,East,Clothing,T-Shirt,In-Store,New Customer,4,353.25,10,1271.7,844.53,427.17,
101763,2024-06-26,West,Clothing,Jacket,Online,New Customer,1,922.58,10,830.32,538.85,291.47,4.0
101764,2024-09-09,East,Home & Kitchen,Vacuum Cleaner,Online,New Customer,5,8961.54,10,40326.93,31551.55,8775.38,4.0
101765,2024-12-26,South,Home & Kitchen,Cookware Set,In-Store,New Customer,5,2531.6,0,12658.0,7975.24,4682.76,4.0
101766,2023-04-04,North,Grocery,Tea Pack,In-Store,Premium Member,2,567.53,5,1078.31,700.29,378.02,4.0
101767,2024-07-08,North,Electronics,Smartphone,In-Store,Returning Customer,1,37822.71,5,35931.57,25738.35,10193.22,4.0
101768,2024-07-12,East,Electronics,Smartwatch,In-Store,New Customer,3,38120.8,5,108644.28,71414.06,37230.22,
101769,2024-07-13,South,Grocery,Rice 5kg,Online,Returning Customer,1,401.23,10,361.11,246.69,114.42,4.0
101770,2024-03-18,South,Beauty,Sunscreen,Online,Premium Member,2,919.9,0,1839.8,1217.28,622.52,
101771,2023-12-18,West,Beauty,Face Wash,Online,Returning Customer,4,252.42,0,1009.68,722.81,286.87,
101772,2024-02-23,East,Clothing,Jacket,In-Store,Returning Customer,5,2205.44,10,9924.48,7180.75,2743.73,4.0
101773,2023-03-03,East,Clothing,Sneakers,Online,Returning Customer,5,1532.4,0,7662.0,5154.11,2507.89,
101774,2023-01-08,West,Beauty,Face Wash,Online,Returning Customer,2,960.03,0,1920.06,1189.83,730.23,4.0
101775,2023-02-25,North,Beauty,Shampoo,Online,New Customer,2,178.95,10,322.11,241.07,81.04,4.0
101776,2024-07-15,South,Beauty,Face Wash,Online,Returning Customer,1,963.93,5,915.73,565.05,350.68,4.0
101777,2023-02-21,North,Electronics,Bluetooth Speaker,Online,New Customer,3,29154.57,5,83090.52,52057.57,31032.95,5.0
101778,2023-03-22,west,Sports,Yoga Mat,In-Store,Premium Member,2,4502.8,0,9005.6,5617.23,3388.37,5.0
101779,2024-01-23,East,Beauty,Shampoo,In-Store,Returning Customer,5,1743.39,0,8716.95,6051.75,2665.2,5.0
101780,2024-03-29,East,Clothing,Dress,In-Store,Returning Customer,2,907.62,10,1633.72,1119.3,514.42,4.0
101781,2024-01-21,West,Sports,Cricket Bat,Online,Premium Member,2,2847.7,0,5695.4,3383.01,2312.39,4.0
101782,2024-09-29,East,Home & Kitchen,Cookware Set,In-Store,,1,4069.39,5,3865.92,2328.04,1537.88,3.0
101783,2023-12-30,East,Home & Kitchen,Cookware Set,Online,Returning Customer,4,11102.9,5,42191.02,27950.37,14240.65,4.0
101784,2024-02-06,North,Clothing,Sneakers,In-Store,Returning Customer,2,384.28,20,614.85,465.57,149.28,5.0
101785,2024-03-22,West,Home & Kitchen,Vacuum Cleaner,Online,Premium Member,3,9168.53,20,22004.47,17805.01,4199.46,4.0
101786,2023-04-30,West,Electronics,Smartphone,In-Store,Returning Customer,1,4379.43,0,4379.43,2871.94,1507.49,3.0
101787,2023-07-05,South,Clothing,T-Shirt,In-Store,Returning Customer,5,1253.34,5,5953.36,4075.68,1877.68,2.0
101788,2023-03-14,North,Sports,Cricket Bat,Online,Returning Customer,3,5907.73,0,17723.19,10112.19,7611.0,1.0
101789,2024-09-12,East,Home & Kitchen,Air Fryer,Online,New Customer,4,4522.64,10,16281.5,12179.63,4101.87,5.0
101790,2023-08-02,North,Electronics,Headphones,Online,Returning Customer,1,38452.19,15,32684.36,28298.14,4386.22,
101791,2024-08-21,North,Sports,Cricket Bat,Online,Premium Member,1,3786.37,5,3597.05,2790.08,806.97,
101792,2023-07-04,East,Beauty,Shampoo,Online,Returning Customer,1,318.57,15,270.78,215.37,55.41,
101793,2024-06-25,East,Clothing,Dress,Online,New Customer,1,1831.0,5,1739.45,1225.34,514.11,3.0
101794,2023-10-17,East,Sports,Dumbbells,Online,Returning Customer,3,5349.94,5,15247.33,10891.93,4355.4,3.0
101795,2023-08-29,East,Sports,Yoga Mat,Online,Returning Customer,3,5710.84,0,17132.52,11200.03,5932.49,5.0
101796,2024-08-30,East,Grocery,Cooking Oil,In-Store,Returning Customer,5,249.7,0,1248.5,778.71,469.79,4.0
101797,2023-12-17,South,Grocery,Cooking Oil,Online,Returning Customer,5,206.25,10,928.12,765.23,162.89,4.0
101798,2024-07-22,West,Beauty,Sunscreen,Online,New Customer,4,1633.04,10,5878.94,4612.9,1266.04,5.0
101799,2023-05-12,North,Electronics,Smartwatch,Online,New Customer,2,2414.37,0,4828.74,2720.66,2108.08,4.0
101800,2023-07-19,North,Clothing,T-Shirt,In-Store,Returning Customer,5,1149.04,10,5170.68,3802.19,1368.49,2.0
101801,2024-04-14,West,Electronics,Headphones,In-Store,Returning Customer,5,35470.85,10,159618.83,104023.2,55595.63,
101802,2024-10-23,West,Clothing,Jacket,In-Store,New Customer,2,2812.31,0,5624.62,3923.53,1701.09,3.0
101803,2023-01-12,East,Home & Kitchen,Vacuum Cleaner,Online,Returning Customer,1,4931.84,10,4438.66,3076.95,1361.71,3.0
101804,2024-08-25,West,Clothing,Dress,Online,Premium Member,5,941.72,0,4708.6,3249.5,1459.1,5.0
101805,2023-03-25,South,Grocery,Cooking Oil,Online,New Customer,5,453.68,5,2154.98,1255.02,899.96,
101806,2024-12-16,West,Home & Kitchen,Cookware Set,Online,New Customer,5,4847.0,0,24235.0,13552.03,10682.97,5.0
101807,2024-06-22,South,Home & Kitchen,Mixer Grinder,Online,,2,3457.56,5,6569.36,5170.62,1398.74,
101808,2024-12-02,West,Home & Kitchen,Vacuum Cleaner,Online,Premium Member,1,2791.4,15,2372.69,1835.64,537.05,5.0
101809,2023-07-22,South,Sports,Running Shoes,Online,Returning Customer,5,1046.63,5,4971.49,3473.1,1498.39,4.0
101810,2024-04-26,East,Grocery,Snacks Combo,Online,Returning Customer,5,367.88,15,1563.49,1362.95,200.54,5.0
101811,2024-09-06,South,Sports,Yoga Mat,Online,New Customer,5,5317.45,10,23928.52,17642.35,6286.17,5.0
101812,2023-04-12,West,Grocery,Tea Pack,In-Store,Returning Customer,1,209.35,0,209.35,154.61,54.74,2.0
101813,2023-09-16,East,Beauty,Face Wash,In-Store,New Customer,1,1533.02,5,1456.37,976.53,479.84,
101814,2024-10-06,South,Home & Kitchen,Air Fryer,Online,Premium Member,1,9679.4,5,9195.43,5579.04,3616.39,2.0
101815,2023-04-02,West,Electronics,Bluetooth Speaker,Online,New Customer,5,27434.74,0,137173.7,88603.61,48570.09,4.0
101816,2024-02-11,South,Beauty,Sunscreen,In-Store,Returning Customer,1,188.1,10,169.29,135.25,34.04,2.0
101817,2024-03-13,West,Sports,Yoga Mat,Online,Returning Customer,4,5956.54,15,20252.24,14554.9,5697.34,1.0
101818,2023-06-30,South,Electronics,Bluetooth Speaker,Online,New Customer,2,33614.32,10,60505.78,48289.67,12216.11,4.0
101819,2023-09-05,South,Beauty,Sunscreen,In-Store,Returning Customer,3,576.58,0,1729.74,1103.26,626.48,4.0
101820,2024-02-05,East,Beauty,Face Wash,Online,New Customer,1,278.67,5,264.74,177.18,87.56,
101821,2023-11-05,West,Sports,Running Shoes,In-Store,New Customer,1,1954.67,15,1661.47,1257.68,403.79,3.0
101822,2023-08-02,North,Home & Kitchen,Mixer Grinder,Online,Returning Customer,3,4367.91,10,11793.36,9753.05,2040.31,5.0
101823,2024-10-07,North,Clothing,Jeans,In-Store,Returning Customer,2,816.39,10,1469.5,1162.18,307.32,5.0
101824,2023-02-18,North,Grocery,Snacks Combo,Online,New Customer,1,448.91,10,404.02,320.11,83.91,
101825,2023-09-26,East,Sports,Dumbbells,Online,Returning Customer,3,1619.47,0,4858.41,3020.3,1838.11,4.0
101826,2023-12-26,East,Sports,Running Shoes,Online,Premium Member,3,1709.66,0,5128.98,3261.27,1867.71,5.0
101827,2024-12-17,East,Grocery,Cooking Oil,Online,Premium Member,3,892.13,0,2676.39,1724.42,951.97,2.0
101828,2024-08-22,West,Electronics,Smartwatch,Online,Premium Member,5,5145.24,20,20580.96,16987.17,3593.79,4.0
101829,2023-08-26,North,Clothing,Jeans,Online,New Customer,3,2521.26,15,6429.21,5031.33,1397.88,4.0
101830,2024-05-04,South,Grocery,Snacks Combo,In-Store,Premium Member,4,679.85,5,2583.43,1624.83,958.6,
101831,2024-11-05,South,Beauty,Sunscreen,In-Store,Premium Member,3,419.18,0,1257.54,921.81,335.73,5.0
101832,2023-05-31,East,Sports,Running Shoes,In-Store,Premium Member,2,1231.1,10,2215.98,1405.87,810.11,5.0
101833,2023-06-29,West,Home & Kitchen,Cookware Set,Online,Returning Customer,3,1787.62,0,5362.86,3376.12,1986.74,5.0
101834,2023-09-14,South,Grocery,Cooking Oil,Online,Returning Customer,5,167.22,0,836.1,521.76,314.34,5.0
101835,2024-09-19,West,Electronics,Laptop,Online,Returning Customer,3,15401.45,0,46204.35,31398.71,14805.64,
101836,2023-01-01,West,Clothing,Jeans,Online,Returning Customer,3,2818.27,10,7609.33,5438.46,2170.87,5.0
101837,2023-11-21,North,Electronics,Bluetooth Speaker,Online,New Customer,4,18467.8,0,73871.2,46642.44,27228.76,4.0
101838,2024-12-31,North,Clothing,Sneakers,Online,Premium Member,4,1478.61,15,5027.27,4146.3,880.97,1.0
101839,2024-01-15,North,Home & Kitchen,Vacuum Cleaner,Online,New Customer,4,5658.65,0,22634.6,14889.44,7745.16,5.0
101840,2024-08-24,West,Sports,Yoga Mat,Online,New Customer,1,4509.45,5,4283.98,2659.3,1624.68,4.0
101841,2023-02-02,East,Clothing,Jeans,Online,Returning Customer,1,1880.54,0,1880.54,1098.29,782.25,
101842,2024-03-28,East,Home & Kitchen,Vacuum Cleaner,Online,Premium Member,3,8696.91,10,23481.66,17984.9,5496.76,5.0
101843,2023-12-15,East,Clothing,Sneakers,In-Store,Returning Customer,5,2076.76,15,8826.23,6405.93,2420.3,5.0
101844,2023-10-24,East,Beauty,Sunscreen,In-Store,Premium Member,3,1035.59,0,3106.77,1866.31,1240.46,1.0
101845,2024-01-26,West,Beauty,Lipstick,Online,Returning Customer,2,558.57,0,1117.14,833.0,284.14,4.0
101846,2023-12-14,South,Clothing,Jacket,In-Store,Returning Customer,4,1147.28,5,4359.66,3067.93,1291.73,
101847,2024-01-19,South,Sports,Running Shoes,In-Store,Returning Customer,1,4848.32,0,4848.32,3594.14,1254.18,5.0
101848,2023-12-26,North,Sports,Cricket Bat,In-Store,Premium Member,5,3606.3,5,17129.92,10301.38,6828.54,5.0
101849,2023-06-29,East,Beauty,Lipstick,Online,Returning Customer,2,377.16,0,754.32,444.01,310.31,
101850,2023-03-26,East,Grocery,Tea Pack,Online,Returning Customer,1,761.25,15,647.06,550.97,96.09,5.0
101851,2023-01-19,North,Sports,Yoga Mat,In-Store,Premium Member,5,4194.97,0,20974.85,13498.47,7476.38,4.0
101852,2024-10-07,North,Home & Kitchen,Air Fryer,Online,New Customer,5,5159.71,10,23218.7,19250.89,3967.81,3.0
101853,2024-11-14,South,Electronics,Headphones,Online,Premium Member,1,14954.02,5,14206.32,8824.42,5381.9,4.0
101854,2023-02-05,North,Sports,Dumbbells,In-Store,New Customer,1,2739.46,0,2739.46,1783.98,955.48,
101855,2024-12-23,West,Beauty,Shampoo,Online,Premium Member,3,1344.92,10,3631.28,2922.71,708.57,5.0
101856,2023-06-18,North,Beauty,Lipstick,Online,Returning Customer,2,1158.02,10,2084.44,1545.21,539.23,5.0
101857,2023-02-04,South,Electronics,Bluetooth Speaker,Online,New Customer,4,42481.5,20,135940.8,96687.13,39253.67,2.0
101858,2023-04-12,East,Grocery,Rice 5kg,Online,Returning Customer,4,596.24,10,2146.46,1661.71,484.75,5.0
101859,2023-01-23,South,Beauty,Lipstick,In-Store,New Customer,1,171.65,0,171.65,121.18,50.47,4.0
101860,2024-07-10,West,Grocery,Cooking Oil,In-Store,Returning Customer,4,872.63,0,3490.52,2331.56,1158.96,
101861,2024-01-02,North,Beauty,Shampoo,Online,Premium Member,1,772.52,10,695.27,475.86,219.41,5.0
101862,2023-08-07,North,Electronics,Laptop,Online,New Customer,3,25968.3,5,74009.65,44833.38,29176.27,3.0
101863,2024-11-28,North,Home & Kitchen,Cookware Set,In-Store,Returning Customer,3,8311.7,5,23688.34,18155.95,5532.39,4.0
101864,2024-05-20,East,Home & Kitchen,Mixer Grinder,Online,Premium Member,5,8880.46,5,42182.18,31402.46,10779.72,
101865,2023-02-19,East,Clothing,T-Shirt,Online,New Customer,4,1405.52,0,5622.08,3744.19,1877.89,3.0
101866,2023-12-30,West,Home & Kitchen,Vacuum Cleaner,In-Store,Returning Customer,1,9588.37,0,9588.37,5642.82,3945.55,4.0
101867,2023-06-07,North,Electronics,Smartwatch,Online,New Customer,4,8486.69,0,33946.76,20808.75,13138.01,4.0
101868,2023-01-31,North,Beauty,Shampoo,Online,Returning Customer,3,702.25,0,2106.75,1243.53,863.22,3.0
101869,2023-11-20,East,Home & Kitchen,Vacuum Cleaner,Online,Returning Customer,5,6169.41,5,29304.7,21404.18,7900.52,4.0
101870,2024-04-21,South,Electronics,Bluetooth Speaker,Online,New Customer,4,42808.96,15,145550.46,99507.39,46043.07,
101871,2024-08-04,East,Beauty,Lipstick,In-Store,Returning Customer,1,1291.14,0,1291.14,901.16,389.98,5.0
101872,2023-09-14,South,Beauty,Lipstick,Online,New Customer,4,227.18,20,726.98,650.4,76.58,
101873,2023-01-17,East,Electronics,Bluetooth Speaker,In-Store,New Customer,1,43143.07,0,43143.07,30161.91,12981.16,4.0
101874,2024-10-23,East,Home & Kitchen,Cookware Set,Online,New Customer,2,6445.6,10,11602.08,8325.76,3276.32,
101875,2023-11-23,South,Home & Kitchen,Mixer Grinder,Online,Returning Customer,4,9721.93,0,38887.72,29157.57,9730.15,4.0
101876,2024-06-24,North,Grocery,Cooking Oil,In-Store,New Customer,1,684.44,15,581.77,408.02,173.75,
101877,2023-03-25,East,Grocery,Tea Pack,Online,Returning Customer,1,398.49,20,318.79,280.38,38.41,
101878,2023-04-25,North,Grocery,Rice 5kg,In-Store,Premium Member,1,709.44,5,673.97,511.43,162.54,5.0
101879,2023-06-20,West,Home & Kitchen,Mixer Grinder,Online,Premium Member,5,4580.06,5,21755.29,15741.78,6013.51,4.0
101880,2024-06-08,South,Beauty,Face Wash,Online,,5,967.5,15,4111.88,3249.52,862.36,
101881,2024-11-07,West,Electronics,Smartphone,Online,New Customer,1,32305.52,5,30690.24,23881.51,6808.73,
101882,2023-08-27,West,Clothing,T-Shirt,In-Store,Returning Customer,4,1954.4,0,7817.6,5330.14,2487.46,4.0
101883,2024-11-15,North,Home & Kitchen,Cookware Set,Online,Premium Member,4,8597.14,0,34388.56,19191.13,15197.43,
101884,2023-08-11,South,Clothing,Jeans,Online,Returning Customer,3,823.41,0,2470.23,1780.79,689.44,4.0
101885,2023-04-09,South,Home & Kitchen,Air Fryer,Online,Premium Member,2,11632.24,15,19774.81,17373.16,2401.65,5.0
101886,2024-06-28,North,Beauty,Sunscreen,In-Store,Premium Member,1,1316.05,5,1250.25,956.73,293.52,
101887,2023-05-08,South,Grocery,Rice 5kg,Online,Returning Customer,1,356.28,10,320.65,207.62,113.03,4.0
101888,2024-11-23,East,Electronics,Bluetooth Speaker,Online,Premium Member,1,43967.0,0,43967.0,30492.81,13474.19,
101889,2023-01-23,South,Grocery,Tea Pack,Online,New Customer,4,571.86,10,2058.7,1601.92,456.78,
101890,2024-01-22,North,Home & Kitchen,Mixer Grinder,Online,Returning Customer,4,10431.31,0,41725.24,31000.68,10724.56,
101891,2024-05-10,West,Clothing,T-Shirt,Online,Returning Customer,1,2728.98,15,2319.63,1828.81,490.82,4.0
101892,2023-09-17,West,Electronics,Laptop,Online,Returning Customer,1,21706.33,10,19535.7,16256.58,3279.12,4.0
101893,2024-02-16,East,Clothing,Dress,Online,New Customer,4,3123.26,0,12493.04,8141.33,4351.71,4.0
101894,2024-07-19,East,Grocery,Cooking Oil,Online,Returning Customer,4,186.87,10,672.73,466.83,205.9,4.0
101895,2024-09-06,West,Electronics,Headphones,Online,,5,30609.55,0,153047.75,99485.9,53561.85,5.0
101896,2024-03-09,West,Sports,Running Shoes,Online,Returning Customer,4,2650.47,10,9541.69,7628.98,1912.71,3.0
101897,2024-08-25,West,Electronics,Smartwatch,In-Store,New Customer,2,26424.89,0,52849.78,29503.57,23346.21,5.0
101898,2024-12-05,South,Home & Kitchen,Mixer Grinder,In-Store,Returning Customer,4,9964.6,20,31886.72,24167.6,7719.12,1.0
101899,2023-08-10,North,Sports,Yoga Mat,Online,Returning Customer,5,680.95,15,2894.04,2452.83,441.21,4.0
101900,2024-10-23,South,Electronics,Laptop,Online,Returning Customer,3,42123.65,10,113733.86,85776.74,27957.12,
101901,2024-12-24,North,Home & Kitchen,Vacuum Cleaner,In-Store,Returning Customer,2,6478.89,0,12957.78,7981.2,4976.58,
101902,2023-04-19,North,Sports,Yoga Mat,Online,Returning Customer,5,1157.28,0,5786.4,3552.96,2233.44,4.0
101903,2024-07-17,West,Beauty,Lipstick,Online,Returning Customer,3,735.19,0,2205.57,1418.91,786.66,5.0
101904,2024-12-19,South,Home & Kitchen,Vacuum Cleaner,In-Store,New Customer,4,9556.76,0,38227.04,22128.12,16098.92,2.0
101905,2024-12-06,North,Sports,Yoga Mat,Online,Returning Customer,1,450.42,0,450.42,300.64,149.78,4.0
101906,2023-03-16,North,Grocery,Cooking Oil,Online,Returning Customer,5,485.5,15,2063.38,1518.22,545.16,
101907,2023-08-27,East,Beauty,Lipstick,Online,Premium Member,3,1531.69,10,4135.56,2667.65,1467.91,2.0
101908,2023-03-15,West,Electronics,Smartphone,Online,Returning Customer,4,22273.57,10,80184.85,63842.63,16342.22,5.0
101909,2024-12-13,North,Home & Kitchen,Cookware Set,In-Store,Premium Member,2,3559.36,5,6762.78,4117.25,2645.53,4.0
101910,2024-07-29,North,Grocery,Snacks Combo,In-Store,Returning Customer,3,768.12,10,2073.92,1543.36,530.56,5.0
101911,2024-04-24,West,Clothing,Sneakers,Online,New Customer,1,2028.34,5,1926.92,1520.32,406.6,5.0
101912,2023-01-19,West,Electronics,Smartphone,Online,Returning Customer,1,34608.75,0,34608.75,24314.48,10294.27,3.0
101913,2024-10-08,West,Grocery,Rice 5kg,In-Store,Returning Customer,5,709.11,20,2836.44,1988.28,848.16,
101914,2024-10-24,South,Home & Kitchen,Vacuum Cleaner,Online,New Customer,1,4611.11,0,4611.11,3047.67,1563.44,
101915,2024-06-12,South,Beauty,Shampoo,Online,Returning Customer,2,704.33,10,1267.79,849.47,418.32,5.0
101916,2023-10-14,South,Electronics,Laptop,In-Store,Premium Member,5,4593.54,10,20670.93,15092.07,5578.86,
101917,2024-11-23,West,Beauty,Sunscreen,In-Store,Premium Member,3,1525.29,0,4575.87,2664.81,1911.06,5.0
101918,2023-11-14,South,Beauty,Sunscreen,In-Store,Returning Customer,1,975.1,15,828.84,624.86,203.98,
101919,2024-01-10,East,Clothing,Jeans,In-Store,Premium Member,1,3484.1,0,3484.1,2543.29,940.81,
101920,2024-03-28,East,Home & Kitchen,Mixer Grinder,Online,New Customer,2,4103.17,0,8206.34,5780.25,2426.09,
101921,2024-11-17,North,Electronics,Bluetooth Speaker,Online,Returning Customer,3,39926.67,10,107802.01,80872.83,26929.18,2.0
101922,2023-05-25,West,Beauty,Shampoo,In-Store,Premium Member,3,665.1,10,1795.77,1179.94,615.83,5.0
101923,2024-03-22,North,Clothing,Dress,Online,New Customer,3,3136.04,10,8467.31,5445.72,3021.59,5.0
101924,2024-06-30,North,Sports,Dumbbells,In-Store,New Customer,4,5819.61,0,23278.44,15506.82,7771.62,4.0
101925,2024-02-06,North,Sports,Running Shoes,Online,Returning Customer,3,2792.78,5,7959.42,5032.61,2926.81,5.0
101926,2023-08-19,East,Beauty,Shampoo,Online,New Customer,4,1733.5,0,6934.0,3912.2,3021.8,3.0
101927,2024-05-03,South,Beauty,Shampoo,Online,Premium Member,4,1723.94,0,6895.76,4404.87,2490.89,5.0
101928,2024-10-15,East,Beauty,Face Wash,Online,New Customer,2,1210.36,15,2057.61,1590.61,467.0,
101929,2023-10-08,South,Beauty,Face Wash,Online,,2,561.92,15,955.26,832.52,122.74,5.0
101930,2023-05-21,South,Electronics,Smartphone,In-Store,Returning Customer,5,44222.96,10,199003.32,164751.84,34251.48,
101931,2023-02-02,North,Sports,Yoga Mat,In-Store,New Customer,3,5866.13,0,17598.39,11188.79,6409.6,
101932,2023-05-20,South,Clothing,T-Shirt,In-Store,New Customer,4,2837.54,0,11350.16,7235.67,4114.49,
101933,2024-11-04,North,Beauty,Sunscreen,Online,New Customer,1,323.23,20,258.58,197.01,61.57,
101934,2023-02-01,East,Beauty,Face Wash,Online,Premium Member,2,568.69,0,1137.38,686.49,450.89,3.0
101935,2024-08-24,South,Electronics,Smartphone,Online,New Customer,4,30538.78,5,116047.36,85784.99,30262.37,5.0
101936,2024-03-05,South,Grocery,Cooking Oil,In-Store,Returning Customer,1,175.4,15,149.09,103.96,45.13,5.0
101937,2024-04-30,North,Clothing,T-Shirt,In-Store,Returning Customer,5,2037.87,5,9679.88,5819.69,3860.19,3.0
101938,2023-08-31,South,Sports,Cricket Bat,In-Store,New Customer,5,2380.93,10,10714.18,7724.3,2989.88,
101939,2024-10-30,South,Grocery,Tea Pack,Online,New Customer,1,704.0,10,633.6,514.49,119.11,
101940,2023-08-26,North,Sports,Dumbbells,Online,Returning Customer,3,1514.97,5,4317.66,3085.43,1232.23,
101941,2024-07-31,West,Grocery,Rice 5kg,In-Store,New Customer,4,190.26,5,722.99,426.1,296.89,5.0
101942,2024-07-02,East,Home & Kitchen,Air Fryer,In-Store,New Customer,5,1046.58,0,5232.9,3439.45,1793.45,3.0
101943,2023-09-16,East,Sports,Cricket Bat,In-Store,New Customer,3,3199.89,10,8639.7,5819.22,2820.48,4.0
101944,2024-03-23,North,Home & Kitchen,Mixer Grinder,In-Store,Returning Customer,5,3286.89,20,13147.56,9448.53,3699.03,3.0
101945,2023-07-19,North,Grocery,Cooking Oil,In-Store,Returning Customer,5,738.34,5,3507.12,2656.06,851.06,3.0
101946,2023-08-29,North,Home & Kitchen,Mixer Grinder,Online,Returning Customer,4,10482.86,0,41931.44,25802.79,16128.65,
101947,2023-12-13,East,Electronics,Smartphone,In-Store,,2,13821.27,0,27642.54,16475.36,11167.18,3.0
101948,2024-10-19,North,Grocery,Tea Pack,Online,Premium Member,2,888.74,0,1777.48,1158.3,619.18,4.0
101949,2024-04-17,North,Clothing,Jacket,Online,Returning Customer,5,1582.1,10,7119.45,5245.94,1873.51,5.0
101950,2023-02-11,East,Home & Kitchen,Vacuum Cleaner,Online,Premium Member,5,11792.84,15,50119.57,43904.37,6215.2,5.0
101951,2023-01-30,North,Grocery,Snacks Combo,In-Store,Premium Member,5,895.94,10,4031.73,2525.53,1506.2,
101952,2024-02-15,North,Beauty,Lipstick,In-Store,Returning Customer,4,460.66,0,1842.64,1083.01,759.63,3.0
101953,2023-12-21,South,Clothing,Jacket,In-Store,Returning Customer,2,645.17,0,1290.34,929.77,360.57,4.0
101954,2024-11-02,West,Beauty,Shampoo,Online,Premium Member,4,324.7,15,1103.98,920.2,183.78,5.0
101955,2023-07-24,North,Electronics,Smartphone,Online,New Customer,5,12806.16,10,57627.72,43003.99,14623.73,
101956,2024-08-14,South,Clothing,Sneakers,Online,New Customer,3,1412.75,20,3390.6,2691.95,698.65,
101957,2023-08-19,East,Home & Kitchen,Vacuum Cleaner,Online,Returning Customer,3,6924.23,0,20772.69,14513.4,6259.29,4.0
101958,2023-12-24,North,Sports,Cricket Bat,In-Store,Premium Member,5,5886.44,10,26488.98,19695.24,6793.74,5.0
101959,2024-04-11,North,Grocery,Cooking Oil,In-Store,New Customer,3,508.46,5,1449.11,920.82,528.29,3.0
101960,2023-02-17,West,Sports,Cricket Bat,In-Store,Returning Customer,2,5897.33,5,11204.93,8700.91,2504.02,4.0
101961,2024-11-06,West,Beauty,Sunscreen,In-Store,New Customer,1,1259.59,10,1133.63,739.19,394.44,4.0
101962,2023-07-22,North,Electronics,Laptop,Online,New Customer,3,12091.64,10,32647.43,24586.26,8061.17,5.0
101963,2023-06-23,West,Beauty,Lipstick,Online,New Customer,5,1011.7,0,5058.5,3505.41,1553.09,4.0
101964,2023-04-17,West,Electronics,Smartphone,Online,Returning Customer,3,36781.75,5,104827.99,64886.4,39941.59,4.0
101965,2024-06-09,East,Grocery,Snacks Combo,In-Store,Premium Member,3,347.32,5,989.86,608.55,381.31,
101966,2024-11-25,North,Beauty,Lipstick,In-Store,Returning Customer,3,1722.75,20,4134.6,3278.71,855.89,5.0
101967,2024-02-20,East,Beauty,Shampoo,Online,New Customer,1,697.79,15,593.12,446.99,146.13,3.0
101968,2023-03-30,West,Clothing,T-Shirt,Online,New Customer,3,929.05,20,2229.72,1866.34,363.38,5.0
101969,2024-05-11,North,Clothing,Sneakers,Online,Returning Customer,4,744.63,15,2531.74,2191.43,340.31,4.0
101970,2024-05-24,East,Home & Kitchen,Vacuum Cleaner,In-Store,Premium Member,4,10405.25,0,41621.0,30826.81,10794.19,4.0
101971,2024-08-07,East,Beauty,Face Wash,Online,Returning Customer,2,739.16,15,1256.57,824.3,432.27,
101972,2023-08-10,East,Electronics,Bluetooth Speaker,Online,New Customer,4,3124.46,0,12497.84,7400.76,5097.08,
101973,2024-11-07,East,Home & Kitchen,Mixer Grinder,In-Store,New Customer,5,10150.59,5,48215.3,32192.25,16023.05,3.0
101974,2024-01-04,North,Sports,Cricket Bat,In-Store,New Customer,1,3959.65,10,3563.68,2787.62,776.06,4.0
101975,2023-07-26,West,Beauty,Shampoo,Online,Premium Member,2,428.96,5,815.02,596.3,218.72,
101976,2023-05-25,east,Clothing,T-Shirt,In-Store,Returning Customer,1,3490.88,0,3490.88,2433.46,1057.42,4.0
101977,2023-03-25,North,Home & Kitchen,Mixer Grinder,Online,Premium Member,5,8963.5,20,35854.0,31671.83,4182.17,4.0
101978,2023-05-13,North,Sports,Dumbbells,In-Store,Premium Member,2,1119.89,0,2239.78,1270.2,969.58,4.0
101979,2023-11-10,West,Electronics,Bluetooth Speaker,Online,New Customer,1,38847.35,5,36904.98,28374.93,8530.05,4.0
101980,2023-12-25,West,Electronics,Smartphone,Online,Returning Customer,3,29430.2,10,79461.54,62445.54,17016.0,
101981,2024-06-10,North,Sports,Cricket Bat,In-Store,Premium Member,3,5528.95,10,14928.16,9727.5,5200.66,5.0
101982,2024-04-07,East,Sports,Yoga Mat,Online,New Customer,5,5310.59,0,26552.95,16807.8,9745.15,
101983,2024-11-02,North,Grocery,Cooking Oil,Online,New Customer,4,198.54,5,754.45,475.94,278.51,4.0
101984,2023-06-27,East,Grocery,Rice 5kg,Online,Returning Customer,4,694.33,0,2777.32,2055.27,722.05,4.0
101985,2023-11-02,South,Sports,Running Shoes,In-Store,Premium Member,2,4986.58,5,9474.5,5541.55,3932.95,
101986,2023-07-13,South,Beauty,Lipstick,Online,Returning Customer,5,1326.29,10,5968.3,4007.41,1960.89,
101987,2024-03-26,East,Clothing,Sneakers,Online,New Customer,3,600.37,0,1801.11,1019.02,782.09,5.0
101988,2023-12-08,West,Sports,Yoga Mat,In-Store,Premium Member,2,1132.65,0,2265.3,1596.02,669.28,5.0
101989,2023-02-23,North,Sports,Dumbbells,Online,Premium Member,1,2233.87,5,2122.18,1431.99,690.19,5.0
101990,2023-07-18,West,Grocery,Cooking Oil,Online,New Customer,4,556.51,0,2226.04,1322.56,903.48,
101991,2023-06-24,West,Home & Kitchen,Vacuum Cleaner,Online,Returning Customer,2,5728.37,0,11456.74,7595.2,3861.54,
101992,2023-10-16,West,Grocery,Tea Pack,Online,Returning Customer,2,639.31,5,1214.69,831.88,382.81,5.0
101993,2024-12-05,West,Grocery,Snacks Combo,Online,Returning Customer,1,879.9,0,879.9,543.93,335.97,1.0
101994,2023-08-17,West,Clothing,T-Shirt,Online,Premium Member,1,695.81,5,661.02,521.38,139.64,
101995,2024-04-29,West,Grocery,Tea Pack,Online,New Customer,2,884.85,10,1592.73,1084.75,507.98,3.0
101996,2024-12-28,South,Beauty,Shampoo,Online,Returning Customer,4,1226.68,0,4906.72,3024.25,1882.47,5.0
101997,2023-03-06,South,Grocery,Tea Pack,In-Store,New Customer,2,530.01,0,1060.02,794.87,265.15,4.0
101998,2023-09-20,North,Beauty,Sunscreen,Online,New Customer,4,1248.13,15,4243.64,3430.2,813.44,3.0
101999,2024-11-14,North,Sports,Running Shoes,Online,Returning Customer,3,5580.87,5,15905.48,11855.42,4050.06,
102000,2024-10-31,West,Home & Kitchen,Cookware Set,Online,Returning Customer,3,5584.59,0,16753.77,10710.13,6043.64,4.0
102001,2024-08-17,North,Clothing,Dress,Online,New Customer,2,3133.92,10,5641.06,4195.63,1445.43,
102002,2024-07-26,West,Beauty,Face Wash,Online,Returning Customer,3,1379.5,0,4138.5,2566.99,1571.51,
102003,2024-06-21,West,Electronics,Laptop,In-Store,Returning Customer,3,32860.65,20,78865.56,71211.95,7653.61,
102004,2023-09-17,West,Sports,Dumbbells,In-Store,New Customer,2,1712.58,0,3425.16,1918.46,1506.7,5.0
102005,2024-06-19,South,Beauty,Shampoo,Online,New Customer,3,466.47,10,1259.47,858.98,400.49,2.0
102006,2024-05-15,East,Home & Kitchen,Cookware Set,Online,Returning Customer,1,6103.3,20,4882.64,3882.91,999.73,4.0
102007,2024-10-12,North,Sports,Yoga Mat,In-Store,Returning Customer,5,2408.22,15,10234.93,7542.38,2692.55,4.0
102008,2024-11-29,North,Home & Kitchen,Mixer Grinder,Online,Premium Member,1,6189.21,15,5260.83,3922.79,1338.04,
102009,2024-10-21,East,Beauty,Sunscreen,Online,Returning Customer,4,628.1,0,2512.4,1720.6,791.8,4.0
102010,2023-10-14,East,Beauty,Face Wash,In-Store,Returning Customer,4,821.5,5,3121.7,1934.0,1187.7,
102011,2023-02-02,West,Clothing,Dress,Online,Premium Member,3,2132.37,15,5437.54,4040.54,1397.0,5.0
102012,2024-01-30,South,Home & Kitchen,Cookware Set,Online,Returning Customer,3,10465.89,15,26688.02,20224.44,6463.58,5.0
102013,2023-06-06,North,Grocery,Tea Pack,Online,Returning Customer,1,182.4,0,182.4,131.41,50.99,5.0
102014,2023-12-04,East,Grocery,Cooking Oil,Online,New Customer,5,650.63,5,3090.49,1801.32,1289.17,5.0
102015,2024-01-15,North,Electronics,Headphones,Online,Premium Member,4,19166.98,10,69001.13,48004.03,20997.1,
102016,2024-05-30,North,Grocery,Rice 5kg,In-Store,Returning Customer,1,610.1,10,549.09,366.69,182.4,4.0
102017,2023-01-14,East,Beauty,Shampoo,In-Store,Returning Customer,4,854.29,0,3417.16,2196.73,1220.43,
102018,2023-07-16,South,Home & Kitchen,Air Fryer,Online,New Customer,4,9196.29,5,34945.9,23596.18,11349.72,3.0
102019,2023-06-11,North,Clothing,Dress,Online,Returning Customer,5,2541.26,0,12706.3,7123.34,5582.96,5.0
102020,2024-09-06,South,Electronics,Headphones,Online,Returning Customer,5,14128.22,5,67109.04,45727.31,21381.73,4.0
102021,2024-08-07,South,Grocery,Rice 5kg,Online,Returning Customer,5,768.48,0,3842.4,2199.95,1642.45,
102022,2023-10-08,North,Grocery,Tea Pack,Online,New Customer,5,886.46,5,4210.69,2625.73,1584.96,4.0
102023,2024-11-05,South,Grocery,Cooking Oil,Online,Returning Customer,3,367.69,5,1047.92,607.56,440.36,3.0
102024,2023-01-26,East,Clothing,Dress,Online,Premium Member,2,1546.49,5,2938.33,1901.95,1036.38,4.0
102025,2024-07-14,South,Beauty,Lipstick,Online,Returning Customer,4,1069.46,5,4063.95,3121.61,942.34,3.0
102026,2023-10-14,North,Clothing,Sneakers,Online,New Customer,3,2323.49,10,6273.42,4244.92,2028.5,4.0
102027,2024-11-07,South,Sports,Yoga Mat,In-Store,Returning Customer,1,3514.93,0,3514.93,2521.76,993.17,4.0
102028,2023-08-17,South,Grocery,Tea Pack,In-Store,Premium Member,5,523.68,0,2618.4,1846.23,772.17,5.0
102029,2023-09-19,South,Grocery,Cooking Oil,Online,Returning Customer,1,498.53,5,473.6,341.24,132.36,
102030,2023-02-22,North,Sports,Yoga Mat,Online,Premium Member,4,4886.03,15,16612.5,11657.32,4955.18,
102031,2024-10-08,South,Home & Kitchen,Vacuum Cleaner,Online,Returning Customer,4,3323.68,0,13294.72,8878.83,4415.89,3.0
102032,2024-11-16,North,Beauty,Face Wash,Online,New Customer,3,1024.27,0,3072.81,2179.26,893.55,
102033,2024-07-31,East,Sports,Dumbbells,Online,Returning Customer,4,1570.8,20,5026.56,4427.75,598.81,4.0
102034,2024-11-20,North,Home & Kitchen,Air Fryer,In-Store,Returning Customer,5,4783.26,5,22720.48,14400.62,8319.86,
102035,2023-03-07,East,Beauty,Shampoo,In-Store,Returning Customer,3,416.54,5,1187.14,918.44,268.7,
102036,2023-12-16,West,Clothing,Jacket,In-Store,New Customer,3,2508.75,0,7526.25,4313.19,3213.06,4.0
102037,2024-01-31,North,Beauty,Face Wash,Online,Returning Customer,1,325.83,0,325.83,183.26,142.57,
102038,2024-08-08,South,Grocery,Tea Pack,In-Store,Returning Customer,3,885.09,0,2655.27,1598.14,1057.13,
102039,2023-09-13,West,Clothing,Sneakers,Online,Premium Member,4,859.39,5,3265.68,2156.81,1108.87,
102040,2024-05-28,North,Sports,Running Shoes,Online,Premium Member,5,1907.26,10,8582.67,5700.37,2882.3,4.0
102041,2024-06-01,North,Beauty,Shampoo,In-Store,Returning Customer,2,1094.85,0,2189.7,1638.46,551.24,2.0
102042,2024-03-07,South,Sports,Yoga Mat,Online,New Customer,5,2995.61,5,14229.15,11092.16,3136.99,4.0
102043,2023-08-17,East,Home & Kitchen,Mixer Grinder,Online,Returning Customer,5,5440.16,5,25840.76,17800.66,8040.1,
102044,2023-06-08,North,Sports,Yoga Mat,In-Store,Returning Customer,5,1142.48,15,4855.54,3555.82,1299.72,1.0
102045,2024-03-26,East,Grocery,Snacks Combo,Online,Premium Member,2,279.68,0,559.36,357.1,202.26,5.0
102046,2023-01-26,West,Sports,Dumbbells,Online,Premium Member,4,5710.16,5,21698.61,14127.25,7571.36,4.0
102047,2023-05-21,East,Home & Kitchen,Vacuum Cleaner,Online,Premium Member,1,1324.32,0,1324.32,845.8,478.52,
102048,2023-09-15,North,Grocery,Snacks Combo,In-Store,Returning Customer,3,713.18,5,2032.56,1446.78,585.78,5.0
102049,2023-12-19,South,Home & Kitchen,Air Fryer,Online,New Customer,1,10834.42,0,10834.42,6371.42,4463.0,
102050,2024-04-21,South,Beauty,Face Wash,In-Store,Returning Customer,4,194.24,0,776.96,463.6,313.36,4.0
102051,2023-05-30,North,Clothing,Dress,Online,New Customer,2,2578.51,0,5157.02,3461.8,1695.22,4.0
102052,2023-04-26,North,Grocery,Cooking Oil,In-Store,New Customer,1,776.45,0,776.45,467.53,308.92,5.0
102053,2024-04-03,West,Grocery,Snacks Combo,In-Store,Returning Customer,3,738.62,10,1994.27,1615.57,378.7,5.0
102054,2024-07-17,East,Grocery,Tea Pack,Online,Returning Customer,4,834.31,5,3170.38,2031.32,1139.06,4.0
102055,2023-07-12,North,Home & Kitchen,Cookware Set,In-Store,Premium Member,3,4111.1,10,11099.97,6868.0,4231.97,
102056,2023-04-10,West,Home & Kitchen,Mixer Grinder,In-Store,Returning Customer,5,9684.32,0,48421.6,31206.75,17214.85,
102057,2024-06-24,North,Clothing,Sneakers,In-Store,Premium Member,4,1610.59,5,6120.24,4286.68,1833.56,3.0
102058,2024-07-30,West,Electronics,Bluetooth Speaker,Online,Returning Customer,2,22897.17,5,43504.62,31398.89,12105.73,5.0
102059,2023-11-09,West,Electronics,Smartphone,In-Store,New Customer,3,33237.43,20,79769.83,57169.16,22600.67,3.0
102060,2024-03-15,South,Home & Kitchen,Cookware Set,In-Store,Premium Member,4,2293.95,15,7799.43,5766.3,2033.13,4.0
102061,2024-12-19,North,Sports,Yoga Mat,Online,New Customer,2,2267.69,5,4308.61,3315.78,992.83,4.0
102062,2023-11-20,North,Grocery,Tea Pack,In-Store,Premium Member,2,644.19,10,1159.54,863.51,296.03,5.0
102063,2023-08-22,South,Clothing,Dress,Online,New Customer,5,3414.48,15,14511.54,9443.02,5068.52,5.0
102064,2024-10-23,East,Clothing,Jeans,In-Store,Premium Member,3,2359.31,0,7077.93,4636.81,2441.12,4.0
102065,2024-03-25,South,Grocery,Snacks Combo,Online,Returning Customer,5,117.24,0,586.2,367.47,218.73,
102066,2024-05-29,North,Home & Kitchen,Air Fryer,In-Store,Returning Customer,4,11690.08,5,44422.3,27909.54,16512.76,
102067,2024-05-18,North,Grocery,Rice 5kg,In-Store,Returning Customer,4,606.49,10,2183.36,1514.71,668.65,5.0
102068,2023-09-05,North,Electronics,Laptop,In-Store,New Customer,3,22553.2,0,67659.6,48954.55,18705.05,
102069,2023-03-24,North,Home & Kitchen,Mixer Grinder,Online,New Customer,2,10131.23,0,20262.46,14202.45,6060.01,3.0
102070,2023-11-10,East,Grocery,Tea Pack,Online,Premium Member,4,427.64,0,1710.56,964.77,745.79,4.0
102071,2024-12-16,South,Grocery,Snacks Combo,In-Store,Premium Member,3,332.05,10,896.54,722.91,173.63,4.0
102072,2023-10-30,South,Clothing,Jeans,In-Store,Returning Customer,5,1076.55,5,5113.61,3211.9,1901.71,5.0
102073,2024-01-27,West,Sports,Running Shoes,Online,Returning Customer,1,2864.74,5,2721.5,1615.88,1105.62,5.0
102074,2023-02-06,South,Beauty,Sunscreen,In-Store,Returning Customer,3,1679.98,0,5039.94,2886.1,2153.84,4.0
102075,2024-11-21,South,Beauty,Lipstick,Online,Premium Member,5,1795.62,10,8080.29,5429.36,2650.93,
102076,2024-04-11,East,Home & Kitchen,Vacuum Cleaner,Online,New Customer,2,7966.84,0,15933.68,9461.88,6471.8,5.0
102077,2024-12-31,North,Grocery,Cooking Oil,In-Store,Premium Member,5,747.41,5,3550.2,2736.68,813.52,1.0
102078,2024-07-02,West,Home & Kitchen,Air Fryer,Online,New Customer,3,10249.35,0,30748.05,20938.53,9809.52,
102079,2023-10-13,East,Clothing,Sneakers,Online,Premium Member,2,1359.13,5,2582.35,1703.98,878.37,
102080,2024-06-10,North,Beauty,Face Wash,In-Store,New Customer,3,1167.12,5,3326.29,2278.02,1048.27,4.0
102081,2023-04-18,North,Grocery,Snacks Combo,Online,Returning Customer,1,579.43,0,579.43,394.15,185.28,5.0
102082,2023-10-28,South,Clothing,T-Shirt,Online,Premium Member,4,2063.73,20,6603.94,6160.23,443.71,
102083,2024-09-08,North,Clothing,T-Shirt,Online,New Customer,3,1996.7,0,5990.1,3714.12,2275.98,
102084,2023-10-29,North,Beauty,Shampoo,In-Store,New Customer,4,848.12,0,3392.48,2533.11,859.37,1.0
102085,2023-05-17,West,Sports,Cricket Bat,In-Store,Premium Member,4,1107.34,0,4429.36,3032.46,1396.9,
102086,2023-07-05,South,Clothing,Dress,Online,,1,1803.21,0,1803.21,1333.64,469.57,2.0
102087,2023-08-28,South,Electronics,Smartphone,Online,Returning Customer,3,41496.69,0,124490.07,76999.88,47490.19,
102088,2023-07-31,North,Sports,Running Shoes,In-Store,New Customer,4,4707.33,5,17887.85,13218.06,4669.79,
102089,2024-09-14,East,Beauty,Shampoo,Online,New Customer,1,1315.53,5,1249.75,782.4,467.35,4.0
102090,2024-11-15,East,Beauty,Sunscreen,In-Store,New Customer,5,864.61,5,4106.9,3232.61,874.29,
102091,2023-04-14,East,Home & Kitchen,Mixer Grinder,Online,New Customer,4,10485.78,0,41943.12,28547.19,13395.93,2.0
102092,2024-10-04,East,Clothing,Sneakers,Online,Premium Member,2,2278.61,5,4329.36,2801.15,1528.21,
102093,2023-02-27,East,Sports,Running Shoes,In-Store,New Customer,4,3249.4,15,11047.96,9383.14,1664.82,5.0
102094,2023-08-31,East,Clothing,Dress,Online,Returning Customer,2,1716.12,5,3260.63,1975.87,1284.76,2.0
102095,2024-03-23,North,Grocery,Rice 5kg,In-Store,Returning Customer,1,96.71,10,87.04,71.15,15.89,
102096,2023-09-17,South,Beauty,Face Wash,Online,Returning Customer,2,1454.91,0,2909.82,2058.67,851.15,3.0
102097,2023-02-01,South,Beauty,Sunscreen,Online,New Customer,4,1604.31,15,5454.65,4625.48,829.17,5.0
102098,2024-05-18,East,Home & Kitchen,Mixer Grinder,In-Store,Returning Customer,5,5868.08,15,24939.34,20217.93,4721.41,5.0
102099,2024-04-25,North,Home & Kitchen,Mixer Grinder,Online,Returning Customer,2,8079.67,15,13735.44,9710.4,4025.04,
102100,2023-09-22,East,Sports,Dumbbells,In-Store,Returning Customer,1,2150.45,15,1827.88,1599.51,228.37,3.0
102101,2023-05-04,North,Beauty,Lipstick,Online,Premium Member,3,1249.06,15,3185.1,2459.66,725.44,
102102,2023-09-13,South,Beauty,Sunscreen,Online,,1,906.78,5,861.44,627.04,234.4,5.0
102103,2023-04-30,North,Beauty,Face Wash,Online,Returning Customer,2,1496.06,0,2992.12,1647.76,1344.36,4.0
102104,2024-08-28,East,Clothing,Jeans,In-Store,New Customer,5,2772.98,5,13171.66,9521.25,3650.41,
102105,2023-08-21,East,Clothing,Sneakers,Online,New Customer,4,2139.86,10,7703.5,5289.13,2414.37,2.0
102106,2023-12-06,East,Electronics,Bluetooth Speaker,Online,Returning Customer,5,27892.07,10,125514.32,95468.72,30045.6,3.0
102107,2023-04-26,West,Beauty,Face Wash,In-Store,Returning Customer,3,1610.36,0,4831.08,3018.91,1812.17,5.0
102108,2024-09-04,East,Clothing,Jacket,Online,Returning Customer,5,1800.59,10,8102.65,6603.5,1499.15,3.0
102109,2024-11-18,West,Electronics,Headphones,In-Store,Premium Member,2,18410.78,10,33139.4,20373.54,12765.86,
102110,2023-05-08,North,Grocery,Rice 5kg,Online,Premium Member,3,597.89,0,1793.67,1029.68,763.99,
102111,2023-12-23,North,Clothing,Sneakers,In-Store,Returning Customer,4,2854.72,15,9706.05,6462.96,3243.09,2.0
102112,2024-04-03,South,Grocery,Rice 5kg,In-Store,Premium Member,3,701.28,0,2103.84,1268.27,835.57,1.0
102113,2023-04-02,West,Sports,Yoga Mat,Online,Returning Customer,5,932.61,5,4429.9,3278.5,1151.4,
102114,2024-07-04,South,Beauty,Sunscreen,In-Store,Returning Customer,5,767.73,0,3838.65,2664.27,1174.38,5.0
102115,2024-09-14,East,Electronics,Laptop,In-Store,New Customer,2,7278.99,0,14557.98,9545.58,5012.4,5.0
102116,2024-07-30,East,Grocery,Tea Pack,Online,Premium Member,1,220.38,5,209.36,147.49,61.87,
102117,2023-01-27,South,Electronics,Smartphone,Online,Returning Customer,3,30132.35,5,85877.2,65041.75,20835.45,4.0
102118,2023-11-02,East,Electronics,Smartwatch,In-Store,Premium Member,4,31519.84,0,126079.36,76425.79,49653.57,4.0
102119,2024-10-26,East,Electronics,Laptop,Online,Premium Member,5,20276.32,20,81105.28,59716.69,21388.59,
102120,2024-11-05,East,Grocery,Rice 5kg,Online,Returning Customer,5,335.65,0,1678.25,1085.08,593.17,4.0
102121,2023-04-10,South,Beauty,Face Wash,Online,Premium Member,5,213.14,15,905.84,746.46,159.38,
102122,2024-11-13,North,Grocery,Snacks Combo,Online,Returning Customer,4,675.27,0,2701.08,1767.88,933.2,
102123,2023-11-02,North,Beauty,Face Wash,Online,Returning Customer,3,1212.66,20,2910.38,2227.73,682.65,
102124,2023-09-23,West,Grocery,Tea Pack,Online,Returning Customer,1,688.96,5,654.51,401.27,253.24,4.0
102125,2024-03-11,North,Electronics,Smartwatch,Online,,3,6485.5,20,15565.2,13914.61,1650.59,4.0
102126,2024-06-07,North,Grocery,Tea Pack,Online,Returning Customer,2,770.95,20,1233.52,961.02,272.5,3.0
102127,2024-05-23,East,Sports,Running Shoes,In-Store,,2,4625.74,10,8326.33,5334.81,2991.52,4.0
102128,2023-04-09,North,Beauty,Lipstick,Online,Returning Customer,1,1122.27,0,1122.27,769.81,352.46,3.0
102129,2023-01-22,East,Home & Kitchen,Mixer Grinder,Online,Premium Member,3,8724.21,10,23555.37,15053.55,8501.82,3.0
102130,2023-10-19,East,Electronics,Laptop,Online,Returning Customer,4,13953.6,15,47442.24,39023.31,8418.93,
102131,2024-01-11,South,Clothing,Sneakers,Online,Premium Member,3,2913.19,5,8302.59,6412.04,1890.55,5.0
102132,2023-11-25,West,Electronics,Smartphone,Online,Premium Member,5,15628.85,10,70329.82,56265.48,14064.34,1.0
102133,2024-05-16,East,Clothing,Jeans,Online,Premium Member,4,3490.64,20,11170.05,10305.85,864.2,5.0
102134,2024-02-19,North,Electronics,Smartwatch,Online,Returning Customer,3,43662.29,15,111338.84,82017.89,29320.95,4.0
102135,2024-07-22,South,Sports,Dumbbells,Online,Returning Customer,4,2802.21,20,8967.07,6557.87,2409.2,
102136,2023-03-20,West,Home & Kitchen,Cookware Set,In-Store,Returning Customer,5,7109.67,0,35548.35,23787.78,11760.57,
102137,2024-07-02,West,Grocery,Snacks Combo,In-Store,,1,268.06,5,254.66,194.14,60.52,
102138,2024-05-17,North,Grocery,Tea Pack,Online,Premium Member,4,92.28,0,369.12,215.7,153.42,
102139,2024-03-24,North,Sports,Running Shoes,Online,New Customer,5,3475.12,15,14769.26,9576.2,5193.06,
102140,2023-09-04,West,Clothing,T-Shirt,Online,Returning Customer,4,658.75,10,2371.5,1972.42,399.08,4.0
102141,2024-03-19,North,Electronics,Headphones,In-Store,Returning Customer,2,18059.22,0,36118.44,23214.06,12904.38,4.0
102142,2023-03-12,West,Clothing,Sneakers,Online,New Customer,5,3224.79,10,14511.56,10502.77,4008.79,5.0
102143,2024-12-20,North,Home & Kitchen,Air Fryer,Online,New Customer,5,11548.13,5,54853.62,43225.39,11628.23,5.0
102144,2024-05-28,west,Beauty,Sunscreen,Online,New Customer,1,1492.48,0,1492.48,846.84,645.64,4.0
102145,2023-09-15,East,Electronics,Bluetooth Speaker,Online,New Customer,4,5067.48,20,16215.94,12750.02,3465.92,5.0
102146,2024-10-15,South,Clothing,Sneakers,Online,Premium Member,3,1104.22,15,2815.76,2016.77,798.99,2.0
102147,2023-10-23,West,Clothing,Dress,Online,New Customer,4,1308.07,0,5232.28,2887.78,2344.5,2.0
102148,2024-11-22,East,Clothing,Dress,Online,Returning Customer,1,1972.22,5,1873.61,1230.57,643.04,
102149,2023-08-22,West,Home & Kitchen,Air Fryer,Online,Returning Customer,2,6188.82,10,11139.88,6989.67,4150.21,
102150,2023-11-16,West,Grocery,Tea Pack,Online,Returning Customer,4,605.75,0,2423.0,1732.71,690.29,
102151,2024-02-05,South,Home & Kitchen,Mixer Grinder,Online,Returning Customer,1,8825.61,20,7060.49,4943.17,2117.32,
102152,2023-01-23,West,Grocery,Snacks Combo,Online,Premium Member,1,645.68,0,645.68,464.12,181.56,
102153,2023-02-04,East,Sports,Dumbbells,Online,New Customer,1,1751.68,10,1576.51,1166.08,410.43,5.0
102154,2024-11-10,South,Beauty,Shampoo,Online,Premium Member,1,188.57,5,179.14,111.94,67.2,4.0
102155,2024-01-10,East,Sports,Running Shoes,In-Store,Returning Customer,3,1681.37,0,5044.11,2859.78,2184.33,5.0
102156,2024-03-27,South,Electronics,Bluetooth Speaker,Online,Premium Member,1,15033.42,5,14281.75,8667.85,5613.9,
102157,2024-07-05,North,Sports,Dumbbells,Online,New Customer,5,5861.0,0,29305.0,19797.67,9507.33,5.0
102158,2023-12-25,South,Electronics,Headphones,Online,New Customer,1,39306.99,5,37341.64,26857.5,10484.14,4.0
102159,2024-09-17,North,Beauty,Sunscreen,Online,Returning Customer,3,1147.12,0,3441.36,2401.36,1040.0,3.0
102160,2024-10-03,East,Clothing,Sneakers,Online,Returning Customer,4,2170.13,0,8680.52,6053.66,2626.86,4.0
102161,2024-03-11,North,Electronics,Smartwatch,Online,Returning Customer,3,28259.29,0,84777.87,47259.94,37517.93,5.0
102162,2024-03-09,West,Home & Kitchen,Air Fryer,In-Store,New Customer,3,3176.4,10,8576.28,7048.53,1527.75,
102163,2023-07-12,South,Beauty,Sunscreen,Online,Premium Member,2,1165.19,0,2330.38,1291.27,1039.11,5.0
102164,2023-01-18,North,Electronics,Headphones,Online,Returning Customer,1,32555.3,0,32555.3,21146.01,11409.29,2.0
102165,2023-03-12,West,Sports,Yoga Mat,Online,Premium Member,3,3550.13,10,9585.35,7981.02,1604.33,
102166,2024-09-09,East,Grocery,Snacks Combo,Online,Returning Customer,2,455.0,0,910.0,658.13,251.87,4.0
102167,2024-05-03,North,Clothing,Dress,Online,Returning Customer,4,2621.81,0,10487.24,7244.13,3243.11,3.0
102168,2024-01-17,East,Sports,Cricket Bat,Online,Premium Member,2,5481.17,5,10414.22,6991.14,3423.08,5.0
102169,2023-07-24,West,Grocery,Rice 5kg,In-Store,Returning Customer,3,236.06,15,601.95,496.8,105.15,4.0
102170,2024-10-19,North,Electronics,Bluetooth Speaker,Online,New Customer,1,3019.24,5,2868.28,2119.22,749.06,5.0
102171,2023-07-19,south,Beauty,Sunscreen,In-Store,Premium Member,2,730.92,0,1461.84,865.23,596.61,5.0
102172,2024-02-11,East,Sports,Dumbbells,In-Store,New Customer,1,2924.59,0,2924.59,1672.74,1251.85,4.0
102173,2023-12-12,North,Sports,Dumbbells,In-Store,Returning Customer,5,460.05,0,2300.25,1448.62,851.63,5.0
102174,2024-11-09,East,Electronics,Laptop,Online,Premium Member,3,11041.62,5,31468.62,19406.71,12061.91,5.0
102175,2023-10-05,East,Electronics,Headphones,Online,New Customer,3,8760.02,10,23652.05,18613.45,5038.6,
102176,2024-04-20,South,Clothing,Dress,In-Store,Returning Customer,3,581.14,10,1569.08,1298.1,270.98,4.0
102177,2024-07-24,East,Beauty,Lipstick,Online,Returning Customer,1,938.03,15,797.33,516.34,280.99,
102178,2023-08-25,North,Clothing,Dress,Online,Returning Customer,5,3218.62,10,14483.79,10122.6,4361.19,
102179,2024-09-16,South,Home & Kitchen,Mixer Grinder,Online,New Customer,5,9836.73,0,49183.65,30299.67,18883.98,3.0
102180,2023-10-15,South,Grocery,Cooking Oil,Online,New Customer,1,734.62,0,734.62,521.53,213.09,
102181,2024-03-20,North,Grocery,Tea Pack,Online,Returning Customer,2,479.21,10,862.58,662.54,200.04,5.0
102182,2023-10-29,North,Electronics,Headphones,In-Store,New Customer,5,26742.48,5,127026.78,91131.89,35894.89,5.0
102183,2024-11-01,North,Grocery,Rice 5kg,Online,New Customer,2,623.1,5,1183.89,849.65,334.24,4.0
102184,2023-01-18,North,Home & Kitchen,Mixer Grinder,Online,New Customer,4,4187.5,5,15912.5,11991.3,3921.2,5.0
102185,2024-10-29,East,Clothing,Jeans,Online,New Customer,5,977.97,0,4889.85,2835.14,2054.71,4.0
102186,2024-07-26,South,Clothing,Jacket,Online,Returning Customer,4,1228.8,5,4669.44,3034.69,1634.75,4.0
102187,2024-06-01,North,Clothing,Sneakers,Online,New Customer,4,518.26,0,2073.04,1370.76,702.28,4.0
102188,2024-04-01,East,Beauty,Shampoo,In-Store,New Customer,4,1082.73,5,4114.37,2718.42,1395.95,5.0
102189,2024-07-10,South,Home & Kitchen,Cookware Set,Online,New Customer,1,10186.63,10,9167.97,5913.48,3254.49,4.0
102190,2023-03-18,South,Sports,Cricket Bat,Online,Returning Customer,1,5710.22,10,5139.2,4227.18,912.02,4.0
102191,2023-06-21,West,Grocery,Cooking Oil,Online,New Customer,1,680.89,10,612.8,376.99,235.81,2.0
102192,2024-07-06,North,Electronics,Headphones,In-Store,New Customer,5,22445.31,5,106615.22,65320.45,41294.77,5.0
102193,2023-04-21,North,Grocery,Rice 5kg,Online,Premium Member,4,801.65,5,3046.27,1994.03,1052.24,1.0
102194,2023-06-25,East,Home & Kitchen,Air Fryer,Online,Premium Member,2,6125.42,0,12250.84,8456.21,3794.63,4.0
102195,2023-09-27,North,Grocery,Cooking Oil,In-Store,Returning Customer,5,520.78,0,2603.9,1565.82,1038.08,
102196,2024-06-15,North,Home & Kitchen,Vacuum Cleaner,In-Store,Returning Customer,2,11142.15,0,22284.3,16207.21,6077.09,3.0
102197,2024-10-30,North,Sports,Yoga Mat,Online,Returning Customer,4,4578.69,0,18314.76,12813.72,5501.04,5.0
102198,2024-04-24,South,Home & Kitchen,Cookware Set,In-Store,Premium Member,2,1035.03,0,2070.06,1324.47,745.59,
102199,2023-01-21,East,Electronics,Laptop,In-Store,Premium Member,2,3511.53,10,6320.75,4017.32,2303.43,4.0
102200,2023-09-03,East,Clothing,Sneakers,In-Store,New Customer,3,3147.77,0,9443.31,5976.33,3466.98,
102201,2023-09-05,North,Grocery,Rice 5kg,Online,Premium Member,2,462.86,0,925.72,657.22,268.5,2.0
102202,2024-11-15,North,Clothing,Jacket,Online,Returning Customer,1,3126.19,0,3126.19,1779.26,1346.93,5.0
102203,2024-03-31,West,Grocery,Tea Pack,In-Store,New Customer,2,553.12,0,1106.24,741.72,364.52,5.0
102204,2023-03-28,West,Sports,Running Shoes,Online,Returning Customer,4,4483.56,0,17934.24,11673.91,6260.33,4.0
102205,2023-05-23,West,Sports,Dumbbells,Online,Premium Member,4,4881.4,15,16596.76,12046.38,4550.38,4.0
102206,2023-02-08,East,Electronics,Headphones,Online,Returning Customer,2,43738.54,20,69981.66,52324.32,17657.34,5.0
102207,2024-02-15,East,Electronics,Smartphone,Online,Returning Customer,3,9002.03,0,27006.09,16686.07,10320.02,4.0
102208,2023-10-20,West,Grocery,Cooking Oil,Online,Returning Customer,3,852.22,0,2556.66,1628.18,928.48,4.0
102209,2023-06-06,East,Electronics,Headphones,In-Store,New Customer,2,38523.68,5,73194.99,55796.19,17398.8,
102210,2023-08-27,East,Sports,Cricket Bat,Online,New Customer,2,5413.79,5,10286.2,7376.29,2909.91,
102211,2023-09-27,West,Electronics,Smartwatch,Online,Returning Customer,3,33068.11,0,99204.33,55535.57,43668.76,5.0
102212,2024-06-23,East,Sports,Yoga Mat,Online,Returning Customer,1,891.46,15,757.74,631.69,126.05,1.0
102213,2024-04-15,West,Clothing,Sneakers,Online,Returning Customer,3,920.81,10,2486.19,1834.82,651.37,4.0
102214,2023-10-29,West,Electronics,Laptop,Online,Returning Customer,2,27075.64,5,51443.72,36107.19,15336.53,4.0
102215,2024-07-09,West,Electronics,Laptop,In-Store,New Customer,2,41318.79,0,82637.58,61357.83,21279.75,1.0
102216,2023-02-22,West,Home & Kitchen,Cookware Set,In-Store,Returning Customer,2,6132.22,5,11651.22,8176.69,3474.53,2.0
102217,2024-06-02,north,Clothing,Jacket,In-Store,Returning Customer,4,2700.74,0,10802.96,7133.61,3669.35,
102218,2024-07-14,West,Sports,Dumbbells,Online,Returning Customer,3,4364.01,0,13092.03,9064.88,4027.15,5.0
102219,2023-08-13,West,Sports,Yoga Mat,Online,Returning Customer,5,4349.88,10,19574.46,14836.71,4737.75,
102220,2024-04-01,South,Electronics,Headphones,In-Store,Returning Customer,1,8983.82,20,7187.06,6421.05,766.01,2.0
102221,2024-02-09,North,Clothing,Dress,Online,Premium Member,1,358.88,0,358.88,223.58,135.3,
102222,2024-07-07,South,Electronics,Smartwatch,In-Store,Premium Member,4,21589.78,15,73405.25,60945.0,12460.25,3.0
102223,2024-02-29,North,Beauty,Face Wash,Online,New Customer,4,1343.41,15,4567.59,2964.95,1602.64,4.0
102224,2023-12-07,North,Grocery,Rice 5kg,Online,Returning Customer,5,724.64,0,3623.2,2308.42,1314.78,5.0
102225,2024-06-14,West,Sports,Yoga Mat,In-Store,Returning Customer,4,4422.99,5,16807.36,11392.46,5414.9,4.0
102226,2024-12-12,North,Grocery,Cooking Oil,In-Store,Premium Member,1,886.93,0,886.93,566.03,320.9,
102227,2024-12-04,West,Electronics,Laptop,Online,Returning Customer,1,9927.25,15,8438.16,5934.91,2503.25,1.0
102228,2023-02-24,West,Clothing,T-Shirt,Online,Returning Customer,4,3430.1,20,10976.32,9672.1,1304.22,3.0
102229,2024-10-23,South,Electronics,Laptop,Online,Returning Customer,5,23997.17,20,95988.68,78544.2,17444.48,
102230,2023-10-08,South,Grocery,Cooking Oil,In-Store,,3,286.94,15,731.7,564.44,167.26,5.0
102231,2023-12-28,South,Beauty,Face Wash,Online,New Customer,1,925.48,0,925.48,512.46,413.02,4.0
102232,2023-05-14,East,Electronics,Laptop,Online,Returning Customer,4,34542.87,0,138171.48,93619.63,44551.85,5.0
102233,2023-02-05,North,Electronics,Smartphone,Online,New Customer,3,27753.71,5,79098.07,52537.65,26560.42,4.0
102234,2023-03-07,East,Sports,Running Shoes,In-Store,New Customer,5,4797.53,0,23987.65,15453.46,8534.19,
102235,2024-03-14,East,Electronics,Smartwatch,Online,New Customer,3,3454.63,0,10363.89,6879.52,3484.37,4.0
102236,2024-01-15,East,Sports,Cricket Bat,Online,Returning Customer,5,5038.63,5,23933.49,15345.72,8587.77,5.0
102237,2024-04-23,South,Sports,Dumbbells,In-Store,Returning Customer,5,563.47,5,2676.48,1720.46,956.02,4.0
102238,2024-11-16,South,Home & Kitchen,Air Fryer,Online,New Customer,5,8097.84,5,38464.74,26444.65,12020.09,5.0
102239,2024-10-07,West,Clothing,Dress,Online,Returning Customer,4,1129.42,10,4065.91,3169.77,896.14,5.0
102240,2023-09-16,South,Beauty,Face Wash,In-Store,Returning Customer,4,1371.65,10,4937.94,3045.84,1892.1,3.0
102241,2024-12-31,North,Sports,Yoga Mat,In-Store,Returning Customer,5,1410.84,20,5643.36,3963.25,1680.11,5.0
102242,2024-02-03,East,Clothing,Sneakers,Online,New Customer,1,2996.71,5,2846.87,1924.73,922.14,
102243,2023-07-22,East,Clothing,Sneakers,Online,New Customer,1,3276.96,5,3113.11,1961.9,1151.21,3.0
102244,2024-11-02,North,Electronics,Smartwatch,Online,Premium Member,5,38193.76,20,152775.04,141056.75,11718.29,
102245,2023-02-01,East,Home & Kitchen,Vacuum Cleaner,Online,Premium Member,3,11721.83,0,35165.49,20529.99,14635.5,2.0
102246,2024-07-26,East,Beauty,Lipstick,Online,New Customer,5,1165.54,0,5827.7,3608.55,2219.15,
102247,2024-01-01,East,Sports,Yoga Mat,In-Store,Returning Customer,1,2522.57,0,2522.57,1598.3,924.27,4.0
102248,2024-10-31,East,Electronics,Smartphone,In-Store,Returning Customer,5,44364.1,0,221820.5,141015.4,80805.1,
102249,2023-08-19,East,Grocery,Snacks Combo,In-Store,Returning Customer,1,831.98,10,748.78,497.98,250.8,4.0
102250,2024-02-07,West,Grocery,Cooking Oil,In-Store,New Customer,5,298.2,5,1416.45,1071.77,344.68,5.0
102251,2023-06-09,East,Sports,Yoga Mat,Online,Premium Member,1,3155.97,0,3155.97,2103.16,1052.81,5.0
102252,2023-08-22,South,Sports,Running Shoes,Online,Returning Customer,2,3791.42,5,7203.7,4880.3,2323.4,3.0
102253,2024-06-26,North,Grocery,Rice 5kg,In-Store,Returning Customer,3,451.13,5,1285.72,1004.57,281.15,3.0
102254,2023-12-22,West,Electronics,Laptop,Online,New Customer,1,31419.63,0,31419.63,22314.55,9105.08,3.0
102255,2023-12-29,North,Electronics,Headphones,Online,,3,5440.37,5,15505.05,10702.71,4802.34,5.0
102256,2023-04-15,West,Sports,Dumbbells,In-Store,Returning Customer,1,5678.51,10,5110.66,3715.78,1394.88,
102257,2023-09-14,South,Clothing,Dress,In-Store,Returning Customer,2,704.69,10,1268.44,1001.46,266.98,2.0
102258,2024-01-30,West,Electronics,Smartphone,In-Store,New Customer,4,41318.9,5,157011.82,97847.05,59164.77,
102259,2024-04-06,South,Grocery,Cooking Oil,Online,Returning Customer,4,217.72,15,740.25,558.52,181.73,4.0
102260,2023-02-21,West,Beauty,Lipstick,Online,Premium Member,2,155.72,15,264.72,191.63,73.09,3.0
102261,2024-08-12,West,Clothing,T-Shirt,In-Store,New Customer,3,1987.32,0,5961.96,3569.68,2392.28,4.0
102262,2023-08-13,South,Clothing,T-Shirt,In-Store,New Customer,4,2209.85,5,8397.43,5941.53,2455.9,4.0
102263,2023-12-06,North,Beauty,Face Wash,Online,Returning Customer,3,285.82,0,857.46,482.41,375.05,4.0
102264,2023-12-23,North,Grocery,Tea Pack,In-Store,New Customer,2,832.96,15,1416.03,1081.3,334.73,
102265,2024-04-09,West,Clothing,T-Shirt,Online,New Customer,3,815.35,0,2446.05,1558.77,887.28,3.0
102266,2023-05-31,North,Beauty,Face Wash,Online,Returning Customer,2,657.69,0,1315.38,768.95,546.43,4.0
102267,2024-04-24,East,Grocery,Tea Pack,Online,Premium Member,3,563.7,10,1521.99,956.57,565.42,4.0
102268,2023-12-04,South,Grocery,Snacks Combo,In-Store,Returning Customer,4,897.85,0,3591.4,2494.73,1096.67,4.0
102269,2023-05-15,North,Beauty,Shampoo,Online,Returning Customer,4,760.7,0,3042.8,1843.48,1199.32,3.0
102270,2024-03-20,North,Grocery,Snacks Combo,Online,Returning Customer,1,241.86,5,229.77,167.14,62.63,3.0
102271,2024-10-01,North,Electronics,Headphones,Online,Premium Member,1,38224.66,10,34402.19,27936.73,6465.46,
102272,2024-02-20,South,Clothing,Jeans,Online,New Customer,5,1546.55,0,7732.75,4608.65,3124.1,
102273,2024-03-14,South,Electronics,Headphones,Online,New Customer,5,2094.97,5,9951.11,7358.48,2592.63,
102274,2024-06-23,north,Beauty,Sunscreen,Online,Returning Customer,4,1435.86,0,5743.44,3652.85,2090.59,3.0
102275,2024-02-29,East,Clothing,Jacket,In-Store,New Customer,1,1225.44,0,1225.44,784.37,441.07,5.0
102276,2023-11-13,West,Beauty,Sunscreen,Online,New Customer,3,223.84,10,604.37,471.51,132.86,
102277,2023-12-19,West,Sports,Yoga Mat,Online,Premium Member,2,5565.43,10,10017.77,7870.11,2147.66,
102278,2023-02-21,South,Beauty,Lipstick,Online,Returning Customer,5,221.51,5,1052.17,762.74,289.43,
102279,2023-12-23,South,Clothing,Dress,Online,Returning Customer,5,3017.32,5,14332.27,8784.13,5548.14,
102280,2024-10-27,West,Electronics,Headphones,In-Store,Premium Member,2,42371.27,5,80505.41,57036.71,23468.7,5.0
102281,2023-02-15,West,Electronics,Headphones,In-Store,Returning Customer,5,25720.85,5,122174.04,93580.3,28593.74,3.0
102282,2024-01-19,East,Beauty,Shampoo,Online,Returning Customer,2,788.93,0,1577.86,1133.68,444.18,3.0
102283,2023-09-24,North,Home & Kitchen,Vacuum Cleaner,In-Store,Returning Customer,2,2797.79,20,4476.46,3473.76,1002.7,1.0
102284,2024-08-04,North,Beauty,Lipstick,Online,Premium Member,1,1758.32,5,1670.4,1119.16,551.24,4.0
102285,2023-07-08,South,Home & Kitchen,Vacuum Cleaner,Online,,5,4217.57,0,21087.85,11895.63,9192.22,
102286,2023-11-19,East,Electronics,Smartwatch,Online,Returning Customer,4,33776.59,10,121595.72,74703.66,46892.06,1.0
102287,2023-09-02,South,Electronics,Bluetooth Speaker,In-Store,Premium Member,4,20315.83,10,73136.99,45362.61,27774.38,3.0
102288,2024-12-18,South,Clothing,Jacket,Online,Returning Customer,4,751.93,5,2857.33,1823.88,1033.45,5.0
102289,2024-08-14,West,Clothing,T-Shirt,In-Store,Returning Customer,2,1742.32,5,3310.41,2282.63,1027.78,3.0
102290,2024-03-13,South,Home & Kitchen,Vacuum Cleaner,Online,New Customer,1,1249.51,15,1062.08,809.51,252.57,5.0
102291,2024-08-26,South,Grocery,Tea Pack,In-Store,Premium Member,1,817.17,5,776.31,521.36,254.95,
102292,2023-09-11,West,Grocery,Tea Pack,Online,New Customer,1,849.79,0,849.79,468.36,381.43,4.0
102293,2023-12-08,South,Home & Kitchen,Cookware Set,Online,New Customer,1,903.64,20,722.91,609.85,113.06,
102294,2024-12-20,West,Home & Kitchen,Vacuum Cleaner,Online,New Customer,5,8081.93,5,38389.17,22855.49,15533.68,4.0
102295,2024-01-26,East,Clothing,Jeans,In-Store,Returning Customer,3,774.05,20,1857.72,1576.4,281.32,4.0
102296,2024-02-01,South,Home & Kitchen,Cookware Set,Online,Premium Member,5,1368.78,5,6501.7,4604.6,1897.1,3.0
102297,2023-04-09,South,Clothing,Jeans,Online,New Customer,1,946.38,20,757.1,601.47,155.63,4.0
102298,2023-02-02,South,Electronics,Headphones,In-Store,New Customer,1,31694.52,20,25355.62,22185.88,3169.74,
102299,2024-12-27,West,Beauty,Lipstick,Online,Returning Customer,2,603.68,15,1026.26,821.81,204.45,5.0
102300,2023-07-23,North,Home & Kitchen,Air Fryer,Online,New Customer,2,9409.56,20,15055.3,11626.11,3429.19,4.0
102301,2023-08-25,North,Home & Kitchen,Mixer Grinder,In-Store,Premium Member,3,4297.6,0,12892.8,8201.54,4691.26,4.0
102302,2024-10-10,North,Beauty,Lipstick,Online,Returning Customer,2,1788.3,5,3397.77,2539.48,858.29,
102303,2024-08-05,West,Beauty,Lipstick,Online,Premium Member,2,1302.65,15,2214.5,1553.17,661.33,4.0
102304,2023-04-17,West,Clothing,Sneakers,Online,New Customer,3,2805.41,10,7574.61,5056.78,2517.83,5.0
102305,2024-11-25,West,Sports,Dumbbells,Online,Returning Customer,2,2194.86,0,4389.72,2960.29,1429.43,2.0
102306,2023-05-16,South,Home & Kitchen,Vacuum Cleaner,Online,New Customer,3,2003.99,0,6011.97,3790.28,2221.69,4.0
102307,2024-12-18,North,Beauty,Sunscreen,Online,Returning Customer,3,1118.72,15,2852.74,2255.87,596.87,4.0
102308,2024-05-09,South,Electronics,Laptop,In-Store,New Customer,1,14763.08,10,13286.77,10053.21,3233.56,
102309,2023-06-05,East,Grocery,Snacks Combo,In-Store,Returning Customer,1,491.18,10,442.06,343.36,98.7,
102310,2024-03-20,East,Sports,Dumbbells,Online,Premium Member,4,5359.48,10,19294.13,14161.2,5132.93,5.0
102311,2024-08-26,South,Beauty,Sunscreen,Online,Returning Customer,3,1774.03,5,5055.99,3632.24,1423.75,
102312,2023-03-02,West,Grocery,Snacks Combo,In-Store,Premium Member,3,272.41,10,735.51,502.64,232.87,3.0
102313,2024-12-18,South,Home & Kitchen,Cookware Set,Online,New Customer,5,6366.43,20,25465.72,20625.87,4839.85,
102314,2024-09-14,East,Electronics,Smartphone,Online,Premium Member,2,27910.41,5,53029.78,41829.09,11200.69,
102315,2023-09-18,North,Sports,Yoga Mat,In-Store,Premium Member,2,861.23,0,1722.46,1138.2,584.26,5.0
102316,2023-08-10,North,Electronics,Smartwatch,Online,Premium Member,4,31514.64,0,126058.56,70041.75,56016.81,
102317,2023-07-10,South,Grocery,Rice 5kg,Online,Returning Customer,3,225.33,10,608.39,439.22,169.17,5.0
102318,2023-01-11,South,Beauty,Lipstick,Online,New Customer,5,539.17,10,2426.26,1640.42,785.84,4.0
102319,2024-02-11,East,Electronics,Bluetooth Speaker,In-Store,New Customer,2,44248.36,15,75222.21,65583.78,9638.43,5.0
102320,2023-02-23,West,Home & Kitchen,Vacuum Cleaner,Online,New Customer,5,3029.3,0,15146.5,9079.08,6067.42,4.0
102321,2023-06-12,East,Sports,Running Shoes,Online,Returning Customer,3,4712.51,0,14137.53,9860.57,4276.96,4.0
102322,2024-11-09,East,Beauty,Sunscreen,Online,Returning Customer,5,1250.66,0,6253.3,4157.01,2096.29,3.0
102323,2023-08-01,West,Electronics,Smartphone,Online,New Customer,2,21916.69,10,39450.04,32850.53,6599.51,5.0
102324,2023-03-04,East,Beauty,Lipstick,Online,,1,382.96,0,382.96,262.16,120.8,2.0
102325,2024-03-18,East,Clothing,Sneakers,Online,New Customer,3,3199.71,15,8159.26,5384.66,2774.6,
102326,2024-12-14,North,Beauty,Face Wash,Online,Returning Customer,3,1046.66,0,3139.98,2170.64,969.34,5.0
102327,2024-07-03,South,Electronics,Bluetooth Speaker,Online,Returning Customer,3,21472.6,0,64417.8,44947.28,19470.52,
102328,2024-10-30,South,Grocery,Snacks Combo,In-Store,Returning Customer,1,717.57,5,681.69,443.07,238.62,
102329,2023-11-15,West,Electronics,Smartwatch,Online,New Customer,3,42746.88,0,128240.64,93638.6,34602.04,
102330,2023-08-19,East,Electronics,Bluetooth Speaker,In-Store,New Customer,3,41400.82,15,105572.09,89226.07,16346.02,5.0
102331,2024-12-02,East,Beauty,Sunscreen,Online,Returning Customer,4,894.55,5,3399.29,2624.77,774.52,2.0
102332,2023-03-11,East,Grocery,Snacks Combo,In-Store,Premium Member,3,660.54,0,1981.62,1130.53,851.09,
102333,2024-01-23,South,Clothing,Sneakers,In-Store,Returning Customer,1,949.51,0,949.51,654.49,295.02,5.0
102334,2024-08-04,West,Home & Kitchen,Mixer Grinder,In-Store,Returning Customer,3,3992.77,0,11978.31,8516.55,3461.76,4.0
102335,2023-06-22,East,Grocery,Rice 5kg,Online,New Customer,4,374.32,0,1497.28,879.75,617.53,5.0
102336,2023-06-14,south,Grocery,Tea Pack,Online,New Customer,1,464.99,5,441.74,257.3,184.44,5.0
102337,2023-05-07,South,Electronics,Headphones,In-Store,New Customer,1,33586.28,10,30227.65,21142.13,9085.52,3.0
102338,2024-06-08,North,Grocery,Rice 5kg,Online,Returning Customer,4,624.6,0,2498.4,1859.73,638.67,5.0
102339,2024-02-06,North,Home & Kitchen,Cookware Set,Online,New Customer,2,5429.43,5,10315.92,7522.78,2793.14,
102340,2023-09-13,East,Grocery,Rice 5kg,In-Store,Returning Customer,5,538.13,0,2690.65,1632.95,1057.7,
102341,2023-02-22,South,Electronics,Smartwatch,Online,Returning Customer,3,26405.45,10,71294.72,45590.1,25704.62,3.0
102342,2023-07-24,East,Sports,Running Shoes,Online,Returning Customer,2,927.68,10,1669.82,1289.39,380.43,5.0
102343,2023-10-01,East,Home & Kitchen,Air Fryer,In-Store,Premium Member,3,2090.43,5,5957.73,3586.48,2371.25,5.0
102344,2023-06-11,North,Grocery,Cooking Oil,In-Store,Premium Member,3,321.89,0,965.67,653.44,312.23,
102345,2024-01-05,West,Sports,Yoga Mat,In-Store,Returning Customer,4,3008.28,10,10829.81,8683.23,2146.58,1.0
102346,2023-10-11,West,Home & Kitchen,Cookware Set,In-Store,Returning Customer,4,3332.48,0,13329.92,7691.19,5638.73,4.0
102347,2023-04-29,East,Clothing,Sneakers,Online,Returning Customer,5,1887.86,10,8495.37,6130.57,2364.8,4.0
102348,2024-02-10,West,Grocery,Snacks Combo,Online,Returning Customer,3,187.79,10,507.03,323.28,183.75,3.0
102349,2024-01-11,West,Sports,Yoga Mat,Online,Premium Member,3,5161.07,0,15483.21,9564.17,5919.04,
102350,2023-05-05,East,Electronics,Headphones,Online,New Customer,3,12102.3,15,30860.86,21782.86,9078.0,
102351,2024-04-21,East,Electronics,Laptop,In-Store,New Customer,2,36876.72,5,70065.77,43381.51,26684.26,3.0
102352,2023-09-01,North,Electronics,Smartwatch,In-Store,Premium Member,5,38021.75,5,180603.31,113624.66,66978.65,4.0
102353,2024-03-17,West,Beauty,Face Wash,Online,New Customer,2,268.84,5,510.8,365.41,145.39,
102354,2023-06-11,West,Home & Kitchen,Mixer Grinder,In-Store,Premium Member,4,1736.35,10,6250.86,5020.23,1230.63,5.0
102355,2023-10-24,North,Clothing,Sneakers,Online,Returning Customer,4,1249.43,15,4248.06,3177.67,1070.39,5.0
102356,2023-09-26,North,Home & Kitchen,Mixer Grinder,Online,Returning Customer,5,3622.92,10,16303.14,11534.09,4769.05,
102357,2023-12-01,North,Home & Kitchen,Cookware Set,Online,New Customer,4,5054.37,10,18195.73,14005.49,4190.24,4.0
102358,2024-05-03,East,Clothing,Sneakers,In-Store,Returning Customer,3,1613.01,0,4839.03,3387.34,1451.69,5.0
102359,2023-03-26,South,Grocery,Snacks Combo,In-Store,New Customer,1,657.8,10,592.02,432.81,159.21,1.0
102360,2024-03-28,South,Home & Kitchen,Cookware Set,In-Store,Returning Customer,2,2884.66,0,5769.32,3330.32,2439.0,3.0
102361,2024-11-13,East,Sports,Dumbbells,Online,Returning Customer,2,3930.33,0,7860.66,4551.54,3309.12,4.0
102362,2024-04-24,West,Home & Kitchen,Vacuum Cleaner,In-Store,Returning Customer,5,2562.41,10,11530.84,9277.77,2253.07,4.0
102363,2023-09-05,West,Electronics,Bluetooth Speaker,Online,Returning Customer,4,13555.94,5,51512.57,32191.37,19321.2,4.0
102364,2024-05-28,West,Clothing,T-Shirt,In-Store,New Customer,1,3184.22,0,3184.22,1771.4,1412.82,3.0
102365,2023-07-29,South,Beauty,Shampoo,Online,Premium Member,1,1390.62,0,1390.62,874.91,515.71,4.0
102366,2024-04-11,North,Grocery,Tea Pack,Online,Returning Customer,1,257.8,15,219.13,185.99,33.14,5.0
102367,2024-06-19,North,Electronics,Smartwatch,In-Store,Returning Customer,4,16944.86,0,67779.44,40052.0,27727.44,
102368,2024-03-07,East,Sports,Running Shoes,In-Store,New Customer,4,670.83,10,2414.99,1856.28,558.71,5.0
102369,2023-08-14,East,Sports,Yoga Mat,In-Store,Premium Member,2,1859.79,0,3719.58,2421.41,1298.17,5.0
102370,2024-04-05,North,Beauty,Lipstick,Online,Returning Customer,5,676.06,10,3042.27,2102.62,939.65,1.0
102371,2023-10-27,East,Sports,Yoga Mat,In-Store,Returning Customer,4,791.64,15,2691.58,1959.81,731.77,4.0
102372,2024-12-30,West,Sports,Yoga Mat,In-Store,New Customer,3,1613.92,0,4841.76,3628.89,1212.87,4.0
102373,2023-03-05,East,Sports,Running Shoes,Online,Returning Customer,5,1396.97,0,6984.85,4705.1,2279.75,5.0
102374,2024-03-26,North,Clothing,Jeans,In-Store,New Customer,2,1042.42,0,2084.84,1240.48,844.36,2.0
102375,2023-06-02,South,Sports,Dumbbells,Online,Returning Customer,5,5633.57,0,28167.85,19583.23,8584.62,4.0
102376,2024-09-17,East,Grocery,Cooking Oil,In-Store,New Customer,3,86.69,10,234.06,149.86,84.2,
102377,2024-12-27,East,Grocery,Cooking Oil,Online,Returning Customer,3,348.22,15,887.96,614.27,273.69,
102378,2024-12-20,West,Clothing,Sneakers,In-Store,New Customer,2,897.19,5,1704.66,1119.72,584.94,5.0
102379,2023-11-20,East,Electronics,Smartwatch,In-Store,Returning Customer,4,2018.55,0,8074.2,5861.93,2212.27,
102380,2023-05-11,South,Clothing,Dress,In-Store,New Customer,1,3188.55,5,3029.12,1800.73,1228.39,5.0
102381,2024-03-12,North,Sports,Dumbbells,In-Store,New Customer,4,3050.71,5,11592.7,8869.29,2723.41,
102382,2023-11-17,East,Beauty,Lipstick,Online,New Customer,2,1075.24,5,2042.96,1608.32,434.64,
102383,2023-06-16,East,Electronics,Headphones,In-Store,Premium Member,3,8685.26,5,24752.99,17388.47,7364.52,4.0
102384,2023-12-27,South,Sports,Cricket Bat,In-Store,New Customer,3,5555.86,5,15834.2,11299.58,4534.62,
102385,2024-07-13,North,Beauty,Sunscreen,Online,New Customer,3,1460.76,5,4163.17,3177.79,985.38,5.0
102386,2024-02-26,East,Home & Kitchen,Mixer Grinder,Online,Returning Customer,1,9075.05,5,8621.3,5165.55,3455.75,4.0
102387,2024-03-13,East,Sports,Yoga Mat,In-Store,Returning Customer,5,1967.65,5,9346.34,5743.31,3603.03,4.0
102388,2024-11-29,East,Home & Kitchen,Air Fryer,Online,Returning Customer,2,2236.02,0,4472.04,3190.3,1281.74,5.0
102389,2024-03-10,South,Clothing,Dress,Online,Returning Customer,3,1707.66,5,4866.83,3562.65,1304.18,5.0
102390,2024-10-28,North,Sports,Running Shoes,Online,Returning Customer,4,2442.79,5,9282.6,6231.07,3051.53,
102391,2023-01-06,North,Grocery,Tea Pack,Online,New Customer,4,676.22,0,2704.88,1610.32,1094.56,5.0
102392,2023-02-05,East,Electronics,Headphones,Online,Returning Customer,2,28004.76,0,56009.52,41935.79,14073.73,
102393,2023-07-30,North,Electronics,Bluetooth Speaker,Online,Returning Customer,2,18423.89,10,33163.0,22673.2,10489.8,4.0
102394,2023-03-31,East,Home & Kitchen,Cookware Set,In-Store,Premium Member,5,6261.13,0,31305.65,22037.08,9268.57,
102395,2024-11-10,South,Clothing,Jeans,In-Store,New Customer,3,1622.4,5,4623.84,2839.89,1783.95,3.0
102396,2023-05-22,South,Grocery,Rice 5kg,In-Store,New Customer,4,623.77,10,2245.57,1531.67,713.9,4.0
102397,2024-09-09,West,Beauty,Sunscreen,Online,New Customer,3,1308.88,15,3337.64,2912.43,425.21,3.0
102398,2024-01-02,South,Electronics,Smartwatch,Online,Returning Customer,3,37987.98,0,113963.94,69934.77,44029.17,4.0
102399,2024-11-10,East,Beauty,Lipstick,In-Store,Returning Customer,3,1262.5,0,3787.5,2329.93,1457.57,
102400,2023-01-16,West,Clothing,Dress,In-Store,Premium Member,3,629.24,10,1698.95,1328.44,370.51,4.0
102401,2023-11-08,North,Clothing,T-Shirt,In-Store,New Customer,4,1023.06,0,4092.24,2784.6,1307.64,5.0
102402,2023-02-09,East,Beauty,Shampoo,Online,Premium Member,1,591.47,0,591.47,388.37,203.1,4.0
102403,2024-05-15,West,Beauty,Lipstick,Online,Returning Customer,4,1015.62,0,4062.48,2938.81,1123.67,1.0
102404,2023-05-30,South,Home & Kitchen,Cookware Set,In-Store,New Customer,3,11199.67,0,33599.01,20353.18,13245.83,3.0
102405,2024-09-03,North,Electronics,Smartwatch,In-Store,Returning Customer,1,20075.03,20,16060.02,11907.15,4152.87,4.0
102406,2024-03-08,South,Grocery,Tea Pack,Online,Returning Customer,4,680.48,10,2449.73,1533.63,916.1,
102407,2023-03-21,South,Beauty,Shampoo,Online,New Customer,2,759.07,5,1442.23,899.18,543.05,
102408,2024-08-03,South,Beauty,Lipstick,Online,Premium Member,3,1209.27,5,3446.42,2375.88,1070.54,4.0
102409,2023-08-16,South,Electronics,Smartwatch,In-Store,Returning Customer,5,38798.37,0,193991.85,142890.83,51101.02,
102410,2024-03-19,North,Sports,Cricket Bat,Online,Returning Customer,2,5270.24,10,9486.43,6561.94,2924.49,5.0
102411,2024-11-05,East,Home & Kitchen,Vacuum Cleaner,In-Store,New Customer,3,5838.02,10,15762.65,10690.51,5072.14,2.0
102412,2023-03-29,East,Sports,Running Shoes,Online,New Customer,2,2656.29,0,5312.58,3971.01,1341.57,5.0
102413,2023-05-04,West,Home & Kitchen,Cookware Set,In-Store,Premium Member,3,4358.73,5,12422.38,9644.94,2777.44,
102414,2023-01-12,South,Electronics,Laptop,In-Store,New Customer,1,29376.65,5,27907.82,16720.95,11186.87,5.0
102415,2024-12-29,North,Sports,Running Shoes,Online,Returning Customer,1,5998.74,5,5698.8,3960.93,1737.87,3.0
102416,2023-09-07,South,Beauty,Sunscreen,Online,Returning Customer,1,307.7,0,307.7,190.65,117.05,4.0
102417,2024-06-03,West,Beauty,Sunscreen,In-Store,Returning Customer,3,1722.16,5,4908.16,3582.65,1325.51,3.0
102418,2024-08-21,North,Home & Kitchen,Vacuum Cleaner,Online,Returning Customer,5,3096.95,5,14710.51,9944.63,4765.88,5.0
102419,2024-10-27,east,Beauty,Shampoo,Online,New Customer,3,1055.9,5,3009.32,2144.84,864.48,3.0
102420,2024-03-20,East,Electronics,Laptop,Online,Premium Member,2,44128.34,5,83843.85,52821.08,31022.77,
102421,2024-07-14,West,Grocery,Snacks Combo,Online,Returning Customer,5,629.49,10,2832.7,1806.01,1026.69,3.0
102422,2023-05-10,West,Beauty,Lipstick,Online,Returning Customer,3,827.01,0,2481.03,1758.02,723.01,3.0
102423,2023-10-08,East,Sports,Cricket Bat,Online,Returning Customer,1,4359.3,0,4359.3,2902.59,1456.71,5.0
102424,2024-08-25,South,Grocery,Snacks Combo,In-Store,Returning Customer,2,270.98,5,514.86,377.07,137.79,4.0
102425,2024-10-05,West,Beauty,Sunscreen,Online,Premium Member,5,697.05,0,3485.25,2109.62,1375.63,
102426,2024-03-04,South,Grocery,Snacks Combo,Online,New Customer,5,766.35,0,3831.75,2852.46,979.29,
102427,2023-08-21,West,Beauty,Face Wash,In-Store,New Customer,5,1324.16,10,5958.72,4916.43,1042.29,3.0
102428,2023-08-11,North,Grocery,Snacks Combo,Online,Premium Member,3,845.19,20,2028.46,1611.83,416.63,
102429,2024-12-15,South,Grocery,Tea Pack,In-Store,New Customer,3,332.39,0,997.17,619.08,378.09,
102430,2023-07-11,North,Grocery,Snacks Combo,Online,Premium Member,4,390.98,10,1407.53,1097.55,309.98,5.0
102431,2024-03-20,East,Grocery,Tea Pack,In-Store,Returning Customer,3,307.73,0,923.19,549.08,374.11,
102432,2023-07-08,North,Grocery,Cooking Oil,In-Store,Returning Customer,4,650.51,0,2602.04,1545.11,1056.93,
102433,2023-01-08,North,Beauty,Sunscreen,Online,Returning Customer,4,1658.53,0,6634.12,4712.4,1921.72,3.0
102434,2024-12-27,West,Beauty,Shampoo,Online,New Customer,3,475.08,0,1425.24,957.58,467.66,2.0
102435,2023-06-22,East,Beauty,Lipstick,Online,Returning Customer,3,1070.28,10,2889.76,1919.26,970.5,5.0
102436,2023-01-19,North,Electronics,Headphones,In-Store,Returning Customer,5,33336.47,5,158348.23,96979.82,61368.41,1.0
102437,2023-03-14,East,Clothing,Dress,In-Store,New Customer,5,2762.68,20,11050.72,10354.57,696.15,5.0
102438,2023-07-19,South,Clothing,Sneakers,Online,Returning Customer,1,775.79,0,775.79,437.38,338.41,4.0
102439,2023-12-09,South,Clothing,Sneakers,Online,Premium Member,5,1265.25,0,6326.25,3527.04,2799.21,5.0
102440,2023-10-04,North,Grocery,Rice 5kg,Online,Premium Member,2,590.87,0,1181.74,725.36,456.38,2.0
102441,2023-10-15,North,Clothing,Jacket,Online,New Customer,5,1145.04,0,5725.2,3936.62,1788.58,2.0
102442,2023-08-07,East,Sports,Cricket Bat,Online,New Customer,3,4515.78,0,13547.34,9034.32,4513.02,4.0
102443,2023-03-23,North,Clothing,T-Shirt,Online,Premium Member,5,541.33,5,2571.32,1621.93,949.39,4.0
102444,2024-05-29,East,Electronics,Laptop,Online,Returning Customer,1,27726.35,10,24953.72,17314.31,7639.41,3.0
102445,2023-12-18,North,Grocery,Snacks Combo,Online,New Customer,3,359.49,10,970.62,740.59,230.03,4.0
102446,2023-11-29,North,Sports,Running Shoes,Online,Returning Customer,5,5349.76,0,26748.8,15380.73,11368.07,4.0
102447,2024-01-22,South,Electronics,Smartphone,In-Store,New Customer,1,18196.55,5,17286.72,12398.94,4887.78,4.0
102448,2023-02-16,East,Home & Kitchen,Mixer Grinder,Online,New Customer,4,2329.8,5,8853.24,6092.86,2760.38,4.0
102449,2023-10-23,North,Home & Kitchen,Vacuum Cleaner,Online,New Customer,5,2780.35,5,13206.66,9184.23,4022.43,
102450,2024-05-13,South,Beauty,Face Wash,Online,Premium Member,2,867.11,10,1560.8,1201.77,359.03,5.0
102451,2023-12-07,West,Clothing,Dress,Online,Returning Customer,2,1286.56,5,2444.46,1625.99,818.47,
102452,2024-10-23,North,Electronics,Laptop,In-Store,Premium Member,3,34453.55,5,98192.62,73046.89,25145.73,4.0
102453,2024-06-23,South,Home & Kitchen,Cookware Set,In-Store,Returning Customer,1,5794.74,5,5505.0,3912.47,1592.53,4.0
102454,2024-07-30,South,Beauty,Face Wash,Online,Returning Customer,1,1499.67,5,1424.69,979.67,445.02,
102455,2024-07-15,East,Clothing,T-Shirt,In-Store,New Customer,3,509.19,5,1451.19,945.06,506.13,
102456,2023-07-24,West,Electronics,Headphones,Online,New Customer,1,27848.31,15,23671.06,16375.08,7295.98,2.0
102457,2024-11-25,North,Beauty,Shampoo,Online,Premium Member,2,1377.1,15,2341.07,1580.28,760.79,5.0
102458,2024-05-06,North,Grocery,Rice 5kg,In-Store,Returning Customer,3,353.16,5,1006.51,674.12,332.39,4.0
102459,2024-10-01,West,Clothing,Dress,Online,New Customer,2,2771.29,0,5542.58,3261.24,2281.34,2.0
102460,2024-03-31,West,Grocery,Cooking Oil,Online,Returning Customer,1,250.48,10,225.43,157.61,67.82,
102461,2023-06-28,North,Grocery,Rice 5kg,Online,New Customer,3,213.24,20,511.78,442.08,69.7,
102462,2024-01-05,North,Home & Kitchen,Vacuum Cleaner,Online,New Customer,1,2983.55,5,2834.37,1902.82,931.55,
102463,2023-04-28,South,Grocery,Snacks Combo,Online,New Customer,3,322.13,10,869.75,605.04,264.71,
102464,2023-01-08,East,Sports,Dumbbells,In-Store,Returning Customer,3,1908.18,5,5438.31,3969.94,1468.37,4.0
102465,2023-09-24,South,Clothing,Jeans,Online,Returning Customer,1,2316.67,0,2316.67,1355.42,961.25,
102466,2023-11-28,east,Beauty,Face Wash,In-Store,Premium Member,1,1125.01,15,956.26,644.92,311.34,3.0
102467,2023-02-11,South,Grocery,Snacks Combo,In-Store,,5,185.75,0,928.75,682.51,246.24,4.0
102468,2023-08-24,North,Sports,Cricket Bat,Online,Returning Customer,3,2480.07,10,6696.19,4568.94,2127.25,4.0
102469,2024-03-13,South,Beauty,Lipstick,In-Store,New Customer,5,1743.45,0,8717.25,5183.54,3533.71,
102470,2024-08-02,South,Beauty,Shampoo,Online,New Customer,5,1180.99,5,5609.7,3436.0,2173.7,4.0
102471,2024-05-05,South,Beauty,Lipstick,Online,Premium Member,3,851.33,0,2553.99,1429.2,1124.79,5.0
102472,2024-03-09,East,Beauty,Face Wash,In-Store,Returning Customer,2,521.69,0,1043.38,657.33,386.05,4.0
102473,2023-11-10,West,Clothing,Jeans,Online,Premium Member,3,832.03,5,2371.29,1752.91,618.38,2.0
102474,2024-09-17,West,Electronics,Smartphone,Online,Premium Member,5,35312.47,0,176562.35,116300.73,60261.62,
102475,2023-01-27,North,Sports,Running Shoes,Online,Returning Customer,4,3306.25,0,13225.0,8513.44,4711.56,4.0
102476,2023-04-06,north,Clothing,Jacket,In-Store,Premium Member,1,870.56,0,870.56,624.55,246.01,5.0
102477,2023-05-12,West,Clothing,T-Shirt,Online,New Customer,2,3379.59,5,6421.22,4617.05,1804.17,4.0
102478,2024-04-30,South,Home & Kitchen,Mixer Grinder,Online,Premium Member,4,9823.82,20,31436.22,29111.97,2324.25,4.0
102479,2024-07-21,East,Home & Kitchen,Air Fryer,In-Store,Returning Customer,2,10750.37,5,20425.7,14432.93,5992.77,
102480,2023-09-07,North,Sports,Yoga Mat,Online,Premium Member,3,5271.73,5,15024.43,11504.92,3519.51,3.0
102481,2023-11-20,North,Clothing,T-Shirt,Online,New Customer,2,2648.16,0,5296.32,3206.12,2090.2,5.0
102482,2023-05-06,South,Grocery,Cooking Oil,Online,New Customer,3,512.88,5,1461.71,1080.66,381.05,2.0
102483,2023-10-14,East,Clothing,Sneakers,Online,Premium Member,4,935.23,5,3553.87,2558.23,995.64,5.0
102484,2023-12-13,North,Clothing,Jacket,Online,Returning Customer,1,1511.89,0,1511.89,1053.29,458.6,5.0
102485,2024-08-31,North,Home & Kitchen,Mixer Grinder,Online,Returning Customer,1,2460.05,5,2337.05,1721.99,615.06,3.0
102486,2024-10-18,South,Home & Kitchen,Air Fryer,Online,New Customer,4,7604.38,0,30417.52,19177.1,11240.42,3.0
102487,2023-12-03,East,Home & Kitchen,Mixer Grinder,Online,Returning Customer,2,7734.08,5,14694.75,9451.27,5243.48,4.0
102488,2024-07-19,South,Grocery,Rice 5kg,In-Store,Returning Customer,5,172.49,0,862.45,643.76,218.69,1.0
102489,2023-02-18,East,Clothing,Sneakers,In-Store,Returning Customer,2,2911.89,0,5823.78,4169.31,1654.47,4.0
102490,2024-09-18,North,Grocery,Rice 5kg,Online,Returning Customer,3,567.9,0,1703.7,937.8,765.9,
102491,2023-12-09,East,Clothing,Jeans,Online,New Customer,4,2375.53,5,9027.01,6495.6,2531.41,
102492,2024-09-19,East,Home & Kitchen,Cookware Set,In-Store,New Customer,2,10759.77,0,21519.54,15269.97,6249.57,4.0
102493,2024-07-13,East,Home & Kitchen,Cookware Set,In-Store,Returning Customer,1,2563.45,0,2563.45,1911.53,651.92,4.0
102494,2024-08-08,West,Grocery,Rice 5kg,Online,Returning Customer,3,253.44,5,722.3,424.3,298.0,
102495,2023-11-11,North,Home & Kitchen,Mixer Grinder,Online,Premium Member,1,1302.21,10,1171.99,958.34,213.65,4.0
102496,2024-08-18,East,Grocery,Tea Pack,Online,New Customer,1,724.37,5,688.15,436.36,251.79,
102497,2023-08-16,West,Electronics,Bluetooth Speaker,Online,Returning Customer,2,30253.67,0,60507.34,36564.4,23942.94,
102498,2023-09-14,South,Home & Kitchen,Air Fryer,In-Store,New Customer,3,4810.22,5,13709.13,9628.33,4080.8,5.0
102499,2023-01-15,West,Electronics,Headphones,In-Store,New Customer,3,9750.15,10,26325.4,16551.46,9773.94,4.0
102500,2024-11-19,East,Home & Kitchen,Air Fryer,Online,Premium Member,1,8986.01,10,8087.41,6030.38,2057.03,
102501,2024-06-02,North,Clothing,Jacket,Online,,4,1732.15,0,6928.6,4547.74,2380.86,
102502,2023-04-08,East,Electronics,Bluetooth Speaker,Online,Returning Customer,3,29520.32,15,75276.82,64844.23,10432.59,
102503,2024-06-29,South,Electronics,Smartphone,Online,Premium Member,4,8203.5,5,31173.3,21692.1,9481.2,
102504,2024-05-30,East,Sports,Running Shoes,In-Store,New Customer,2,4299.54,15,7309.22,5160.32,2148.9,4.0
102505,2023-01-24,East,Electronics,Smartwatch,In-Store,Returning Customer,5,20767.68,10,93454.56,64975.36,28479.2,5.0
102506,2024-05-23,South,Beauty,Face Wash,In-Store,Returning Customer,1,1045.53,10,940.98,653.61,287.37,5.0
102507,2024-11-20,West,Grocery,Snacks Combo,Online,Premium Member,1,557.85,10,502.07,412.92,89.15,4.0
102508,2024-03-31,North,Electronics,Smartwatch,In-Store,New Customer,3,16675.92,0,50027.76,34441.37,15586.39,2.0
102509,2023-03-28,East,Clothing,Jacket,In-Store,New Customer,2,2221.63,0,4443.26,3166.46,1276.8,4.0
102510,2023-11-03,East,Sports,Dumbbells,Online,Returning Customer,1,3983.06,0,3983.06,2790.8,1192.26,
102511,2023-09-16,East,Grocery,Cooking Oil,Online,Returning Customer,1,253.32,0,253.32,146.78,106.54,5.0
102512,2024-07-16,West,Beauty,Shampoo,In-Store,Returning Customer,4,1079.79,0,4319.16,2517.52,1801.64,3.0
102513,2024-12-20,West,Sports,Yoga Mat,In-Store,New Customer,2,3312.93,20,5300.69,4927.06,373.63,3.0
102514,2023-08-20,North,Sports,Dumbbells,In-Store,New Customer,3,1391.5,10,3757.05,3060.05,697.0,5.0
102515,2024-09-25,North,Sports,Cricket Bat,In-Store,Premium Member,5,5886.94,20,23547.76,17503.23,6044.53,
102516,2024-09-18,North,Home & Kitchen,Air Fryer,In-Store,Returning Customer,5,7603.96,0,38019.8,23820.65,14199.15,5.0
102517,2023-08-07,North,Sports,Dumbbells,Online,Returning Customer,5,2093.25,0,10466.25,6921.73,3544.52,5.0
102518,2023-05-31,West,Grocery,Tea Pack,Online,Premium Member,4,691.69,5,2628.42,1592.52,1035.9,4.0
102519,2024-08-11,South,Electronics,Bluetooth Speaker,In-Store,Returning Customer,5,8094.81,0,40474.05,25751.08,14722.97,
102520,2023-07-15,north,Clothing,Sneakers,In-Store,Returning Customer,3,2053.88,15,5237.39,4022.97,1214.42,5.0
102521,2024-08-16,West,Electronics,Headphones,Online,New Customer,2,32234.18,15,54798.11,48311.38,6486.73,4.0
102522,2024-11-15,West,Clothing,Jacket,Online,New Customer,1,892.49,5,847.87,640.16,207.71,5.0
102523,2024-05-05,West,Grocery,Snacks Combo,Online,Premium Member,5,688.26,15,2925.1,2020.88,904.22,5.0
102524,2023-06-03,North,Electronics,Bluetooth Speaker,In-Store,Premium Member,2,8910.03,20,14256.05,11304.46,2951.59,
102525,2023-04-28,East,Beauty,Sunscreen,In-Store,Returning Customer,1,412.19,10,370.97,288.59,82.38,3.0
102526,2024-01-09,West,Beauty,Sunscreen,Online,New Customer,2,1539.9,5,2925.81,2287.65,638.16,4.0
102527,2023-10-22,East,Clothing,Jacket,In-Store,Returning Customer,1,1304.87,5,1239.63,939.72,299.91,5.0
102528,2023-01-16,East,Electronics,Bluetooth Speaker,In-Store,Returning Customer,4,31167.86,0,124671.44,85217.86,39453.58,4.0
102529,2023-10-28,South,Clothing,Jacket,In-Store,Premium Member,1,1795.8,5,1706.01,1288.68,417.33,4.0
102530,2024-05-18,West,Grocery,Snacks Combo,Online,New Customer,1,822.05,10,739.84,453.79,286.05,5.0
102531,2024-02-12,South,Beauty,Face Wash,Online,Returning Customer,5,797.14,5,3786.41,2799.79,986.62,
102532,2024-02-27,North,Electronics,Smartphone,Online,Returning Customer,2,37899.87,0,75799.74,49471.28,26328.46,4.0
102533,2024-08-03,North,Electronics,Bluetooth Speaker,Online,New Customer,4,31455.14,5,119529.53,70229.02,49300.51,5.0
102534,2024-10-21,North,Sports,Cricket Bat,In-Store,New Customer,2,5808.39,0,11616.78,7003.77,4613.01,
102535,2023-02-01,North,Home & Kitchen,Mixer Grinder,Online,New Customer,5,5432.6,10,24446.7,19669.25,4777.45,
102536,2023-02-22,North,Grocery,Snacks Combo,In-Store,Returning Customer,2,502.82,0,1005.64,562.05,443.59,4.0
102537,2023-02-27,North,Beauty,Shampoo,Online,Premium Member,1,1090.27,5,1035.76,622.34,413.42,
102538,2024-04-28,West,Home & Kitchen,Mixer Grinder,Online,New Customer,5,9933.53,5,47184.27,31921.35,15262.92,
102539,2024-05-23,West,Beauty,Sunscreen,In-Store,Premium Member,2,307.49,10,553.48,429.56,123.92,4.0
102540,2024-02-01,East,Home & Kitchen,Cookware Set,Online,Returning Customer,1,7351.27,0,7351.27,4729.23,2622.04,4.0
102541,2024-06-22,West,Electronics,Smartwatch,Online,New Customer,4,16688.47,0,66753.88,43965.63,22788.25,1.0
102542,2024-01-21,East,Sports,Dumbbells,Online,Returning Customer,5,2373.46,10,10680.57,7340.79,3339.78,2.0
102543,2024-12-10,East,Beauty,Face Wash,Online,New Customer,2,607.03,0,1214.06,878.87,335.19,4.0
102544,2023-03-14,East,Grocery,Cooking Oil,Online,New Customer,2,829.48,15,1410.12,1084.55,325.57,4.0
102545,2024-06-21,West,Electronics,Laptop,Online,Returning Customer,3,28986.6,0,86959.8,56864.88,30094.92,4.0
102546,2023-07-30,South,Beauty,Sunscreen,Online,Premium Member,5,1776.74,10,7995.33,6353.77,1641.56,
102547,2024-09-20,North,Clothing,Jacket,In-Store,New Customer,5,319.43,10,1437.44,941.42,496.02,
102548,2023-07-04,North,Home & Kitchen,Air Fryer,Online,Premium Member,4,11646.25,5,44255.75,32329.05,11926.7,4.0
102549,2024-05-18,East,Grocery,Tea Pack,Online,Returning Customer,2,372.66,10,670.79,500.47,170.32,
102550,2024-07-23,North,Sports,Running Shoes,In-Store,Returning Customer,1,4219.25,0,4219.25,3061.13,1158.12,
102551,2023-08-11,North,Electronics,Bluetooth Speaker,Online,Returning Customer,5,36686.28,0,183431.4,126613.37,56818.03,
102552,2023-09-17,South,Sports,Dumbbells,In-Store,New Customer,3,2130.93,5,6073.15,4230.38,1842.77,
102553,2024-01-18,East,Electronics,Headphones,Online,New Customer,2,32954.22,15,56022.17,38491.19,17530.98,
102554,2024-12-29,East,Grocery,Cooking Oil,Online,New Customer,3,865.98,0,2597.94,1910.46,687.48,
102555,2024-05-14,South,Grocery,Tea Pack,Online,New Customer,5,83.68,10,376.56,264.51,112.05,5.0
102556,2023-05-06,East,Home & Kitchen,Mixer Grinder,In-Store,Returning Customer,3,7323.5,10,19773.45,14256.94,5516.51,
102557,2024-08-26,South,Clothing,Dress,Online,Premium Member,2,3139.57,0,6279.14,3535.48,2743.66,4.0
102558,2024-09-18,West,Sports,Yoga Mat,Online,Returning Customer,2,2274.56,10,4094.21,3164.11,930.1,3.0
102559,2024-11-14,South,Clothing,Dress,Online,Returning Customer,4,2626.29,15,8929.39,7116.8,1812.59,5.0
102560,2024-02-14,north,Electronics,Laptop,In-Store,Returning Customer,1,26734.53,5,25397.8,18605.32,6792.48,
102561,2023-02-01,West,Clothing,T-Shirt,In-Store,Returning Customer,1,2176.7,15,1850.19,1427.25,422.94,5.0
102562,2024-07-05,North,Sports,Yoga Mat,In-Store,Returning Customer,2,3299.19,0,6598.38,3667.18,2931.2,2.0
102563,2023-08-01,North,Sports,Dumbbells,In-Store,Returning Customer,4,5142.15,0,20568.6,11523.45,9045.15,
102564,2023-05-06,North,Electronics,Smartwatch,Online,Returning Customer,4,3598.48,5,13674.22,8886.46,4787.76,4.0
102565,2023-11-10,East,Electronics,Laptop,In-Store,New Customer,5,4984.72,15,21185.06,15259.41,5925.65,4.0
102566,2024-07-05,North,Sports,Running Shoes,In-Store,Returning Customer,5,1960.44,0,9802.2,7168.24,2633.96,5.0
102567,2024-04-02,South,Beauty,Face Wash,In-Store,Premium Member,5,1483.48,0,7417.4,5541.78,1875.62,2.0
102568,2024-08-17,East,Home & Kitchen,Vacuum Cleaner,Online,New Customer,4,9251.59,5,35156.04,25947.2,9208.84,5.0
102569,2024-05-24,North,Grocery,Snacks Combo,Online,Premium Member,5,890.78,15,3785.81,3102.16,683.65,3.0
102570,2024-11-27,North,Beauty,Face Wash,Online,Returning Customer,4,1142.95,0,4571.8,3093.39,1478.41,5.0
102571,2024-04-07,West,Grocery,Snacks Combo,Online,Returning Customer,2,597.87,20,956.59,877.09,79.5,3.0
102572,2023-10-13,North,Home & Kitchen,Vacuum Cleaner,Online,Returning Customer,2,5705.25,5,10839.98,6684.65,4155.33,3.0
102573,2023-08-15,West,Clothing,Sneakers,In-Store,New Customer,4,1833.09,15,6232.51,4855.35,1377.16,4.0
102574,2023-02-12,East,Home & Kitchen,Mixer Grinder,In-Store,New Customer,2,10627.82,0,21255.64,14313.62,6942.02,4.0
102575,2023-04-12,South,Sports,Yoga Mat,In-Store,Premium Member,3,1260.68,0,3782.04,2484.39,1297.65,4.0
102576,2024-08-28,North,Sports,Dumbbells,In-Store,New Customer,5,854.88,5,4060.68,2929.02,1131.66,
102577,2023-11-25,South,Electronics,Headphones,In-Store,Premium Member,4,9289.77,0,37159.08,20691.77,16467.31,5.0
102578,2023-07-16,North,Home & Kitchen,Mixer Grinder,Online,Returning Customer,3,2780.88,0,8342.64,5101.79,3240.85,2.0
102579,2023-09-17,West,Sports,Running Shoes,Online,Returning Customer,4,5826.14,0,23304.56,13391.03,9913.53,4.0
102580,2023-05-03,West,Electronics,Headphones,Online,Premium Member,4,10315.15,5,39197.57,29641.99,9555.58,4.0
102581,2024-01-24,South,Grocery,Rice 5kg,Online,New Customer,1,834.22,0,834.22,579.89,254.33,4.0
102582,2023-09-04,North,Beauty,Sunscreen,In-Store,New Customer,4,1397.02,0,5588.08,3620.71,1967.37,5.0
102583,2023-06-04,East,Sports,Running Shoes,Online,Premium Member,5,1456.12,10,6552.54,4483.9,2068.64,1.0
102584,2024-08-22,North,Grocery,Snacks Combo,Online,Premium Member,3,589.38,0,1768.14,1232.34,535.8,
102585,2024-08-12,West,Clothing,Dress,Online,New Customer,4,2651.38,0,10605.52,6678.73,3926.79,
102586,2024-02-06,East,Clothing,Dress,In-Store,New Customer,3,1432.68,15,3653.33,3006.6,646.73,4.0
102587,2024-06-04,South,Grocery,Rice 5kg,Online,New Customer,3,107.2,5,305.52,187.84,117.68,
102588,2024-06-28,West,Home & Kitchen,Cookware Set,Online,New Customer,2,6065.34,20,9704.54,7526.8,2177.74,4.0
102589,2023-08-31,West,Beauty,Face Wash,In-Store,Premium Member,5,610.81,0,3054.05,1811.45,1242.6,4.0
102590,2023-11-13,South,Clothing,Sneakers,Online,New Customer,4,2793.5,5,10615.3,6605.56,4009.74,
102591,2023-11-24,North,Sports,Dumbbells,Online,Returning Customer,3,5438.55,0,16315.65,11392.96,4922.69,
102592,2024-07-21,West,Grocery,Rice 5kg,In-Store,Premium Member,2,658.78,15,1119.93,876.54,243.39,
102593,2024-08-09,North,Grocery,Snacks Combo,In-Store,Premium Member,1,263.19,5,250.03,169.7,80.33,4.0
102594,2024-11-18,North,Home & Kitchen,Mixer Grinder,Online,New Customer,5,1736.95,5,8250.51,5892.73,2357.78,5.0
102595,2023-05-21,South,Electronics,Laptop,In-Store,Returning Customer,3,12570.83,5,35826.87,24801.16,11025.71,4.0
102596,2024-11-10,North,Home & Kitchen,Cookware Set,In-Store,New Customer,5,8264.56,15,35124.38,23349.86,11774.52,4.0
102597,2024-01-10,South,Grocery,Tea Pack,In-Store,Returning Customer,4,260.87,5,991.31,713.01,278.3,3.0
102598,2023-08-04,South,Home & Kitchen,Vacuum Cleaner,In-Store,New Customer,2,5080.0,0,10160.0,7295.72,2864.28,1.0
102599,2024-08-18,East,Electronics,Smartphone,Online,Premium Member,4,31610.09,0,126440.36,70326.85,56113.51,5.0
102600,2023-09-08,West,Grocery,Tea Pack,Online,Returning Customer,3,476.71,10,1287.12,1030.67,256.45,
102601,2024-10-19,East,Clothing,Dress,Online,Premium Member,2,1641.44,20,2626.3,2392.87,233.43,4.0
102602,2023-12-02,West,Beauty,Shampoo,In-Store,Returning Customer,2,512.48,15,871.22,651.2,220.02,4.0
102603,2023-04-24,North,Clothing,Jeans,In-Store,New Customer,5,971.54,5,4614.81,3572.97,1041.84,4.0
102604,2023-06-09,West,Beauty,Sunscreen,Online,Returning Customer,1,215.88,0,215.88,133.8,82.08,4.0
102605,2024-04-14,East,Clothing,Sneakers,Online,Returning Customer,5,3327.7,15,14142.72,10502.37,3640.35,5.0
102606,2023-09-11,South,Clothing,T-Shirt,In-Store,Premium Member,4,1045.59,10,3764.12,2892.7,871.42,
102607,2023-10-19,East,Clothing,Sneakers,Online,New Customer,5,413.55,10,1860.98,1508.0,352.98,
102608,2024-06-06,West,Grocery,Cooking Oil,Online,Returning Customer,5,703.17,10,3164.26,2000.36,1163.9,4.0
102609,2024-03-22,West,Grocery,Cooking Oil,Online,New Customer,1,428.6,10,385.74,243.39,142.35,5.0
102610,2023-11-20,North,Beauty,Face Wash,Online,New Customer,4,337.82,5,1283.72,803.77,479.95,4.0
102611,2023-07-12,South,Electronics,Laptop,Online,New Customer,4,15847.07,5,60218.87,35015.57,25203.3,
102612,2024-10-13,North,Sports,Cricket Bat,Online,New Customer,5,5786.73,0,28933.65,19256.53,9677.12,1.0
102613,2024-07-28,East,Home & Kitchen,Air Fryer,In-Store,New Customer,2,8661.27,0,17322.54,10169.83,7152.71,5.0
102614,2024-01-06,South,Clothing,Sneakers,Online,Returning Customer,2,431.39,10,776.5,592.18,184.32,2.0
102615,2024-05-20,North,Home & Kitchen,Mixer Grinder,Online,Returning Customer,3,10445.06,0,31335.18,18385.97,12949.21,4.0
102616,2024-10-14,East,Home & Kitchen,Cookware Set,Online,Returning Customer,3,8134.62,5,23183.67,14182.74,9000.93,
102617,2024-10-10,West,Electronics,Smartphone,Online,New Customer,2,40565.65,15,68961.6,46418.39,22543.21,5.0
102618,2023-08-02,South,Beauty,Lipstick,Online,New Customer,2,272.64,0,545.28,334.73,210.55,1.0
102619,2023-11-23,West,Sports,Dumbbells,Online,Premium Member,2,3779.6,10,6803.28,4475.93,2327.35,1.0
102620,2023-12-09,South,Sports,Dumbbells,Online,Returning Customer,4,5886.26,0,23545.04,16516.44,7028.6,4.0
102621,2024-03-15,West,Grocery,Rice 5kg,Online,New Customer,5,666.24,0,3331.2,2274.66,1056.54,
102622,2024-07-26,North,Grocery,Rice 5kg,Online,New Customer,3,176.73,15,450.66,387.81,62.85,
102623,2024-12-19,East,Clothing,Jacket,Online,New Customer,4,2677.95,0,10711.8,5989.93,4721.87,5.0
102624,2024-02-11,South,Home & Kitchen,Cookware Set,Online,Returning Customer,5,6918.72,5,32863.92,21685.21,11178.71,
102625,2024-09-03,North,Electronics,Headphones,In-Store,Returning Customer,4,20647.93,5,78462.13,54387.82,24074.31,5.0
102626,2023-08-31,South,Sports,Yoga Mat,Online,New Customer,4,2874.6,5,10923.48,7475.87,3447.61,5.0
102627,2024-09-27,South,Sports,Dumbbells,Online,Returning Customer,3,4795.66,0,14386.98,10452.12,3934.86,4.0
102628,2023-10-14,South,Electronics,Smartwatch,Online,Returning Customer,5,28401.39,5,134906.6,91789.33,43117.27,5.0
102629,2023-03-27,North,Electronics,Headphones,Online,Returning Customer,4,37700.95,0,150803.8,107708.64,43095.16,
102630,2024-08-13,West,Sports,Cricket Bat,Online,Returning Customer,5,5947.17,0,29735.85,19110.33,10625.52,4.0
102631,2023-04-05,South,Home & Kitchen,Vacuum Cleaner,In-Store,Returning Customer,2,4980.72,15,8467.22,6471.65,1995.57,5.0
102632,2024-02-11,North,Sports,Cricket Bat,In-Store,Returning Customer,3,5799.53,0,17398.59,12077.97,5320.62,4.0
102633,2024-09-12,East,Clothing,Jacket,In-Store,New Customer,3,1373.88,0,4121.64,2342.19,1779.45,
102634,2023-03-01,North,Home & Kitchen,Mixer Grinder,In-Store,Returning Customer,4,1361.42,0,5445.68,3224.54,2221.14,5.0
102635,2023-06-25,North,Grocery,Rice 5kg,Online,New Customer,5,617.38,5,2932.56,1980.81,951.75,5.0
102636,2024-03-26,North,Sports,Cricket Bat,Online,Returning Customer,2,4783.73,10,8610.71,5350.26,3260.45,4.0
102637,2024-11-30,North,Electronics,Bluetooth Speaker,In-Store,New Customer,1,9137.8,15,7767.13,6043.39,1723.74,5.0
102638,2023-02-07,North,Home & Kitchen,Vacuum Cleaner,Online,Returning Customer,5,4946.85,0,24734.25,17643.1,7091.15,4.0
102639,2024-11-01,West,Beauty,Face Wash,Online,,3,1653.62,0,4960.86,3074.13,1886.73,
102640,2023-03-26,East,Sports,Running Shoes,In-Store,Returning Customer,1,5041.23,5,4789.17,3436.08,1353.09,2.0
102641,2024-09-27,East,Electronics,Smartphone,In-Store,New Customer,5,8608.23,0,43041.15,30752.84,12288.31,
102642,2024-04-09,South,Home & Kitchen,Mixer Grinder,In-Store,New Customer,5,8714.75,0,43573.75,26962.39,16611.36,4.0
102643,2023-08-28,South,Electronics,Smartwatch,In-Store,New Customer,5,40000.8,10,180003.6,145239.84,34763.76,2.0
102644,2023-09-13,South,Clothing,Dress,In-Store,New Customer,4,3256.28,15,11071.35,7224.09,3847.26,4.0
102645,2024-03-16,North,Beauty,Shampoo,Online,New Customer,2,650.71,0,1301.42,838.43,462.99,4.0
102646,2024-02-05,East,Beauty,Face Wash,Online,Premium Member,1,888.76,10,799.88,546.09,253.79,5.0
102647,2024-07-26,East,Beauty,Shampoo,In-Store,Premium Member,2,1140.25,0,2280.5,1697.76,582.74,
102648,2023-06-06,West,Beauty,Face Wash,Online,Premium Member,1,875.93,5,832.13,550.85,281.28,5.0
102649,2024-06-27,West,Grocery,Rice 5kg,In-Store,New Customer,2,280.5,0,561.0,328.73,232.27,5.0
102650,2023-07-15,West,Sports,Dumbbells,Online,New Customer,1,4915.25,0,4915.25,2876.73,2038.52,5.0
102651,2024-05-30,East,Beauty,Lipstick,Online,Returning Customer,4,286.01,10,1029.64,720.03,309.61,4.0
102652,2023-06-13,North,Electronics,Headphones,Online,Returning Customer,4,20164.1,0,80656.4,58727.61,21928.79,4.0
102653,2023-03-06,North,Grocery,Rice 5kg,Online,New Customer,3,89.18,5,254.16,154.17,99.99,5.0
102654,2024-06-10,South,Home & Kitchen,Mixer Grinder,Online,New Customer,5,10176.97,20,40707.88,28860.0,11847.88,
102655,2023-03-30,West,Sports,Dumbbells,Online,Premium Member,3,1099.19,10,2967.81,2314.56,653.25,
102656,2024-10-19,South,Grocery,Rice 5kg,In-Store,New Customer,4,188.44,5,716.07,524.27,191.8,3.0
102657,2023-03-17,South,Home & Kitchen,Vacuum Cleaner,In-Store,Premium Member,4,10560.62,5,40130.36,30114.69,10015.67,4.0
102658,2024-06-24,East,Home & Kitchen,Vacuum Cleaner,Online,Returning Customer,4,7217.0,5,27424.6,17354.51,10070.09,4.0
102659,2024-11-30,South,Electronics,Laptop,In-Store,Returning Customer,4,26855.03,0,107420.12,74626.57,32793.55,4.0
102660,2024-02-08,West,Clothing,Sneakers,In-Store,Returning Customer,3,3254.76,15,8299.64,6512.1,1787.54,3.0
102661,2024-04-09,East,Electronics,Bluetooth Speaker,Online,Premium Member,4,11701.81,5,44466.88,26077.26,18389.62,5.0
102662,2023-06-22,West,Beauty,Face Wash,In-Store,Returning Customer,3,736.51,5,2099.05,1582.9,516.15,
102663,2023-10-19,East,Electronics,Smartphone,In-Store,Returning Customer,3,22213.63,0,66640.89,46855.43,19785.46,3.0
102664,2023-06-17,East,Home & Kitchen,Air Fryer,Online,New Customer,2,2423.95,5,4605.5,3324.21,1281.29,
102665,2024-10-31,West,Grocery,Rice 5kg,Online,Returning Customer,3,639.19,5,1821.69,1173.15,648.54,
102666,2023-11-14,North,Sports,Cricket Bat,In-Store,Premium Member,1,5306.41,5,5041.09,3013.9,2027.19,3.0
102667,2024-01-29,East,Electronics,Laptop,Online,Returning Customer,2,12186.79,10,21936.22,15286.76,6649.46,4.0
102668,2023-04-06,West,Beauty,Sunscreen,In-Store,Premium Member,1,862.38,5,819.26,505.7,313.56,
102669,2023-03-10,North,Electronics,Bluetooth Speaker,In-Store,Returning Customer,5,1599.92,10,7199.64,4490.5,2709.14,4.0
102670,2023-05-16,West,Clothing,Sneakers,In-Store,Returning Customer,1,621.13,5,590.07,463.04,127.03,2.0
102671,2023-10-12,South,Home & Kitchen,Air Fryer,In-Store,Returning Customer,1,10357.19,5,9839.33,6557.33,3282.0,2.0
102672,2024-01-15,North,Beauty,Lipstick,In-Store,New Customer,3,1066.7,0,3200.1,2033.49,1166.61,4.0
102673,2024-12-01,East,Grocery,Snacks Combo,In-Store,Returning Customer,2,175.55,5,333.54,221.04,112.5,4.0
102674,2024-10-25,North,Beauty,Sunscreen,Online,Returning Customer,3,1742.65,10,4705.16,3463.33,1241.83,5.0
102675,2023-05-19,North,Sports,Cricket Bat,Online,Returning Customer,3,4005.69,10,10815.36,8784.64,2030.72,
102676,2024-02-21,East,Sports,Yoga Mat,Online,Premium Member,4,2302.55,0,9210.2,6569.07,2641.13,
102677,2024-01-28,North,Home & Kitchen,Cookware Set,Online,Returning Customer,3,1435.61,5,4091.49,2574.25,1517.24,5.0
102678,2024-09-17,West,Beauty,Lipstick,Online,New Customer,4,802.06,5,3047.83,1873.5,1174.33,4.0
102679,2024-01-30,North,Sports,Cricket Bat,In-Store,New Customer,5,1670.89,15,7101.28,4707.42,2393.86,3.0
102680,2023-07-26,South,Home & Kitchen,Air Fryer,Online,Premium Member,5,5687.6,0,28438.0,16131.05,12306.95,
102681,2024-02-27,East,Beauty,Shampoo,In-Store,Returning Customer,4,1078.81,10,3883.72,2919.73,963.99,4.0
102682,2024-09-14,North,Home & Kitchen,Mixer Grinder,In-Store,Returning Customer,4,10194.76,5,38740.09,27672.18,11067.91,5.0
102683,2023-12-27,South,Sports,Dumbbells,Online,New Customer,5,3812.92,15,16204.91,11434.3,4770.61,
102684,2024-01-06,East,Grocery,Tea Pack,In-Store,Returning Customer,1,754.26,0,754.26,519.74,234.52,5.0
102685,2023-06-19,North,Sports,Dumbbells,Online,Returning Customer,2,3192.94,10,5747.29,4498.04,1249.25,3.0
102686,2024-06-07,East,Beauty,Shampoo,In-Store,New Customer,1,1267.24,5,1203.88,711.91,491.97,5.0
102687,2023-08-05,East,Home & Kitchen,Cookware Set,In-Store,Returning Customer,4,10720.14,0,42880.56,30884.24,11996.32,
102688,2023-03-08,South,Home & Kitchen,Cookware Set,Online,Returning Customer,3,2981.59,5,8497.53,4997.05,3500.48,
102689,2023-04-23,East,Home & Kitchen,Cookware Set,In-Store,New Customer,4,6114.65,5,23235.67,16856.39,6379.28,3.0
102690,2023-09-09,East,Clothing,Jeans,Online,,4,1978.27,10,7121.77,5466.45,1655.32,5.0
102691,2024-02-28,West,Home & Kitchen,Vacuum Cleaner,In-Store,Returning Customer,2,6127.84,0,12255.68,8509.88,3745.8,5.0
102692,2023-09-13,West,Beauty,Sunscreen,Online,Returning Customer,2,612.9,15,1041.93,755.64,286.29,4.0
102693,2023-11-04,East,Home & Kitchen,Cookware Set,In-Store,Returning Customer,5,3528.82,0,17644.1,11082.09,6562.01,1.0
102694,2023-07-26,South,Home & Kitchen,Cookware Set,Online,Returning Customer,1,2159.72,0,2159.72,1306.92,852.8,5.0
102695,2023-11-04,East,Beauty,Shampoo,Online,Returning Customer,1,631.53,10,568.38,473.34,95.04,4.0
102696,2023-10-13,East,Beauty,Sunscreen,In-Store,New Customer,2,676.66,0,1353.32,977.32,376.0,3.0
102697,2023-09-26,North,Clothing,T-Shirt,In-Store,Returning Customer,5,1243.94,0,6219.7,4068.65,2151.05,5.0
102698,2023-04-27,North,Sports,Yoga Mat,In-Store,Returning Customer,4,3830.28,10,13789.01,9970.26,3818.75,
102699,2023-08-01,West,Home & Kitchen,Cookware Set,Online,Returning Customer,4,5174.13,5,19661.69,15304.53,4357.16,
102700,2024-07-10,North,Sports,Dumbbells,Online,Returning Customer,4,5016.92,10,18060.91,12584.78,5476.13,3.0
102701,2024-02-26,West,Electronics,Laptop,Online,New Customer,2,32542.46,0,65084.92,44961.1,20123.82,
102702,2023-02-12,West,Clothing,Jacket,Online,New Customer,4,1521.78,0,6087.12,4288.73,1798.39,
102703,2024-01-18,East,Home & Kitchen,Air Fryer,Online,Returning Customer,3,1533.2,10,4139.64,3025.5,1114.14,1.0
102704,2023-01-08,East,Electronics,Laptop,In-Store,Premium Member,3,20610.07,5,58738.7,39377.82,19360.88,4.0
102705,2023-11-09,South,Grocery,Snacks Combo,Online,Returning Customer,1,554.25,0,554.25,415.64,138.61,
102706,2024-09-13,North,Clothing,T-Shirt,Online,Returning Customer,2,1172.92,0,2345.84,1408.08,937.76,4.0
102707,2023-08-01,South,Beauty,Face Wash,Online,Returning Customer,1,393.93,15,334.84,236.22,98.62,5.0
102708,2024-04-19,East,Electronics,Laptop,Online,Returning Customer,1,40970.91,0,40970.91,25245.85,15725.06,4.0
102709,2024-09-18,North,Home & Kitchen,Vacuum Cleaner,Online,Premium Member,5,11395.69,5,54129.53,33558.21,20571.32,5.0
102710,2024-08-25,North,Clothing,Dress,Online,New Customer,4,1924.11,10,6926.8,4403.81,2522.99,4.0
102711,2023-02-03,South,Sports,Yoga Mat,Online,New Customer,3,2026.0,0,6078.0,3766.88,2311.12,2.0
102712,2023-09-01,West,Electronics,Smartphone,Online,Returning Customer,4,34112.11,0,136448.44,100717.7,35730.74,
102713,2023-10-04,North,Electronics,Smartphone,In-Store,Returning Customer,5,18954.42,5,90033.49,65423.12,24610.37,4.0
102714,2024-01-01,South,Clothing,Jacket,In-Store,Returning Customer,1,708.72,10,637.85,523.28,114.57,3.0
102715,2023-09-21,South,Electronics,Headphones,Online,Returning Customer,1,10600.37,0,10600.37,7196.44,3403.93,
102716,2023-03-29,North,Home & Kitchen,Cookware Set,In-Store,Premium Member,1,2253.35,5,2140.68,1387.14,753.54,
102717,2024-09-19,North,Electronics,Headphones,In-Store,Premium Member,5,38692.3,0,193461.5,117873.81,75587.69,
102718,2024-11-25,West,Electronics,Smartphone,Online,New Customer,1,15205.24,10,13684.72,10593.74,3090.98,5.0
102719,2024-05-24,East,Grocery,Rice 5kg,Online,Returning Customer,4,729.31,5,2771.38,1618.1,1153.28,
102720,2023-12-14,South,Clothing,T-Shirt,In-Store,New Customer,5,2234.03,15,9494.63,6733.02,2761.61,3.0
102721,2023-10-09,South,Home & Kitchen,Air Fryer,Online,Returning Customer,1,8645.43,0,8645.43,6295.28,2350.15,5.0
102722,2023-01-22,West,Sports,Cricket Bat,Online,Returning Customer,2,3585.87,5,6813.15,4646.76,2166.39,5.0
102723,2023-09-16,North,Clothing,Jacket,In-Store,Premium Member,4,2426.73,0,9706.92,6204.92,3502.0,4.0
102724,2023-12-25,South,Clothing,Sneakers,Online,Returning Customer,3,1807.73,0,5423.19,3393.05,2030.14,
102725,2024-10-09,East,Grocery,Tea Pack,In-Store,Returning Customer,4,324.05,5,1231.39,901.18,330.21,
102726,2024-02-25,South,Beauty,Lipstick,In-Store,Returning Customer,3,551.94,5,1573.03,1191.27,381.76,5.0
102727,2023-05-12,West,Grocery,Cooking Oil,Online,Returning Customer,2,216.29,0,432.58,251.19,181.39,
102728,2024-08-16,West,Electronics,Smartphone,In-Store,Returning Customer,1,32679.38,0,32679.38,23085.76,9593.62,4.0
102729,2023-03-25,West,Grocery,Tea Pack,In-Store,Premium Member,2,858.45,5,1631.06,979.52,651.54,4.0
102730,2023-09-06,West,Beauty,Lipstick,Online,Returning Customer,4,1596.95,5,6068.41,4253.33,1815.08,4.0
102731,2023-02-02,South,Home & Kitchen,Vacuum Cleaner,In-Store,Returning Customer,4,5594.52,10,20140.27,14037.16,6103.11,5.0
102732,2023-04-09,East,Grocery,Cooking Oil,Online,Returning Customer,4,472.76,5,1796.49,1291.85,504.64,
102733,2024-05-04,South,Sports,Dumbbells,In-Store,Returning Customer,1,2565.51,5,2437.23,1823.88,613.35,4.0
102734,2023-03-28,North,Clothing,Dress,Online,Returning Customer,4,549.37,0,2197.48,1232.8,964.68,3.0
102735,2023-11-10,North,Beauty,Sunscreen,Online,Premium Member,2,840.39,0,1680.78,1031.53,649.25,3.0
102736,2023-12-21,East,Home & Kitchen,Air Fryer,In-Store,Returning Customer,5,9260.27,0,46301.35,30013.77,16287.58,3.0
102737,2023-01-22,North,Electronics,Headphones,In-Store,Returning Customer,4,21793.32,10,78455.95,57803.13,20652.82,5.0
102738,2023-03-02,North,Beauty,Sunscreen,Online,Returning Customer,5,1170.35,0,5851.75,4027.56,1824.19,4.0
102739,2023-07-31,north,Clothing,Jacket,In-Store,Returning Customer,5,1742.83,20,6971.32,5303.24,1668.08,
102740,2023-08-11,West,Clothing,Jeans,Online,Premium Member,1,1506.8,5,1431.46,1063.52,367.94,5.0
102741,2023-12-14,West,Sports,Dumbbells,Online,Returning Customer,5,2324.95,0,11624.75,6783.23,4841.52,2.0
102742,2023-02-11,East,Electronics,Laptop,In-Store,Premium Member,1,35036.36,10,31532.72,22718.18,8814.54,
102743,2023-07-06,South,Electronics,Laptop,Online,Returning Customer,5,19899.29,5,94521.63,70434.78,24086.85,
102744,2023-07-15,North,Sports,Dumbbells,Online,Premium Member,4,909.82,5,3457.32,2108.78,1348.54,
102745,2024-12-09,South,Clothing,Dress,Online,Returning Customer,2,2275.37,0,4550.74,3003.81,1546.93,5.0
102746,2024-04-13,South,Grocery,Cooking Oil,Online,Returning Customer,4,110.56,10,398.02,245.59,152.43,4.0
102747,2023-10-21,North,Sports,Cricket Bat,Online,New Customer,2,5525.39,0,11050.78,7870.54,3180.24,
102748,2023-04-25,West,Beauty,Face Wash,In-Store,Returning Customer,5,996.14,15,4233.59,3506.54,727.05,5.0
102749,2024-12-07,South,Beauty,Lipstick,In-Store,New Customer,3,222.6,10,601.02,373.49,227.53,5.0
102750,2024-06-15,South,Electronics,Smartwatch,Online,New Customer,2,30326.36,0,60652.72,37689.01,22963.71,5.0
102751,2023-12-05,South,Grocery,Rice 5kg,Online,Returning Customer,2,276.39,0,552.78,392.79,159.99,5.0
102752,2023-12-27,North,Clothing,Jeans,In-Store,New Customer,5,2180.41,10,9811.84,6102.68,3709.16,4.0
102753,2024-02-26,south,Beauty,Sunscreen,Online,New Customer,5,852.45,0,4262.25,3101.99,1160.26,
102754,2024-10-21,West,Beauty,Shampoo,Online,New Customer,1,1650.88,5,1568.34,1115.94,452.4,
102755,2023-11-17,South,Electronics,Headphones,Online,Returning Customer,4,33932.82,0,135731.28,81343.55,54387.73,3.0
102756,2023-01-01,East,Clothing,Sneakers,In-Store,New Customer,3,2948.68,15,7519.13,5873.29,1645.84,4.0
102757,2024-10-26,South,Home & Kitchen,Mixer Grinder,Online,Premium Member,5,9318.55,10,41933.48,27400.54,14532.94,
102758,2024-06-07,West,Grocery,Rice 5kg,Online,New Customer,2,737.94,0,1475.88,891.42,584.46,2.0
102759,2024-02-16,North,Grocery,Rice 5kg,In-Store,Returning Customer,4,468.88,15,1594.19,1094.12,500.07,
102760,2023-07-31,West,Home & Kitchen,Cookware Set,Online,Returning Customer,4,1302.88,0,5211.52,2866.59,2344.93,4.0
102761,2023-07-02,North,Sports,Cricket Bat,In-Store,Returning Customer,2,574.07,0,1148.14,713.49,434.65,
102762,2024-10-17,North,Clothing,Jeans,In-Store,Returning Customer,3,1426.87,10,3852.55,2532.84,1319.71,4.0
102763,2024-06-25,West,Clothing,Dress,In-Store,Premium Member,1,2559.01,5,2431.06,1604.57,826.49,5.0
102764,2024-10-22,East,Clothing,T-Shirt,In-Store,Returning Customer,5,2414.64,0,12073.2,6827.22,5245.98,4.0
102765,2024-04-03,West,Clothing,Jacket,Online,New Customer,3,2210.57,20,5305.37,4349.19,956.18,2.0
102766,2023-09-05,North,Home & Kitchen,Vacuum Cleaner,Online,Returning Customer,1,9276.29,0,9276.29,5611.7,3664.59,
102767,2024-05-30,East,Grocery,Tea Pack,In-Store,Returning Customer,5,656.52,20,2626.08,1905.47,720.61,5.0
102768,2023-06-06,West,Home & Kitchen,Mixer Grinder,In-Store,Premium Member,1,9910.67,0,9910.67,7432.03,2478.64,4.0
102769,2024-03-27,North,Electronics,Laptop,Online,New Customer,1,22613.94,5,21483.24,13414.77,8068.47,1.0
102770,2024-02-17,North,Grocery,Rice 5kg,In-Store,Returning Customer,1,698.48,0,698.48,439.17,259.31,5.0
102771,2023-06-10,East,Home & Kitchen,Air Fryer,Online,New Customer,1,3616.81,10,3255.13,2565.19,689.94,2.0
102772,2023-10-13,South,Electronics,Smartwatch,In-Store,Returning Customer,4,7251.1,5,27554.18,21459.63,6094.55,4.0
102773,2023-03-08,East,Clothing,Jeans,Online,Premium Member,1,2443.91,0,2443.91,1532.79,911.12,4.0
102774,2024-09-27,South,Beauty,Face Wash,In-Store,Premium Member,2,279.11,10,502.4,410.29,92.11,4.0
102775,2024-11-22,North,Electronics,Smartphone,In-Store,Returning Customer,3,4429.7,0,13289.1,9848.57,3440.53,4.0
102776,2023-09-12,South,Electronics,Bluetooth Speaker,Online,Premium Member,2,40071.58,5,76136.0,53060.8,23075.2,4.0
102777,2024-11-04,South,Home & Kitchen,Vacuum Cleaner,In-Store,Returning Customer,3,4355.92,15,11107.6,7538.2,3569.4,4.0
102778,2024-02-04,East,Sports,Running Shoes,Online,Returning Customer,1,2270.16,10,2043.14,1354.33,688.81,3.0
102779,2024-03-26,East,Beauty,Sunscreen,Online,New Customer,1,1110.1,10,999.09,669.09,330.0,
102780,2024-06-01,East,Grocery,Rice 5kg,Online,Returning Customer,2,565.87,5,1075.15,812.96,262.19,4.0
102781,2024-10-18,East,Beauty,Lipstick,In-Store,Premium Member,4,1184.43,0,4737.72,2732.02,2005.7,4.0
102782,2023-04-04,South,Home & Kitchen,Vacuum Cleaner,Online,Returning Customer,2,2142.49,10,3856.48,2674.31,1182.17,4.0
102783,2023-04-18,West,Grocery,Tea Pack,Online,New Customer,4,424.49,0,1697.96,979.58,718.38,4.0
102784,2023-12-27,West,Grocery,Tea Pack,Online,Premium Member,5,455.28,5,2162.58,1448.11,714.47,
102785,2024-09-01,East,Electronics,Smartwatch,In-Store,,5,15393.99,10,69272.96,56383.74,12889.22,4.0
102786,2023-05-11,East,Beauty,Shampoo,In-Store,New Customer,3,1303.24,5,3714.23,2196.11,1518.12,4.0
102787,2023-12-12,North,Grocery,Tea Pack,In-Store,New Customer,2,209.47,10,377.05,247.88,129.17,3.0
102788,2024-11-08,West,Grocery,Rice 5kg,In-Store,Returning Customer,1,502.98,20,402.38,298.41,103.97,3.0
102789,2024-04-10,East,Clothing,Jacket,In-Store,New Customer,2,536.63,10,965.93,804.37,161.56,
102790,2024-07-09,East,Home & Kitchen,Cookware Set,In-Store,Returning Customer,2,10687.34,0,21374.68,15414.75,5959.93,4.0
102791,2024-03-17,West,Beauty,Face Wash,In-Store,New Customer,3,813.99,5,2319.87,1583.82,736.05,4.0
102792,2023-06-09,North,Grocery,Tea Pack,Online,New Customer,5,824.02,0,4120.1,2299.37,1820.73,4.0
102793,2023-02-24,South,Beauty,Face Wash,Online,Returning Customer,3,433.1,5,1234.34,916.94,317.4,1.0
102794,2023-10-17,West,Electronics,Bluetooth Speaker,Online,Returning Customer,4,15225.88,10,54813.17,44425.16,10388.01,5.0
102795,2024-05-10,East,Clothing,T-Shirt,In-Store,Returning Customer,4,315.26,0,1261.04,699.22,561.82,5.0
102796,2023-06-28,East,Home & Kitchen,Vacuum Cleaner,In-Store,Returning Customer,3,8635.19,10,23315.01,17874.67,5440.34,5.0
102797,2024-07-12,South,Sports,Yoga Mat,In-Store,Returning Customer,4,2716.94,0,10867.76,7400.69,3467.07,4.0
102798,2023-12-06,North,Grocery,Cooking Oil,Online,Returning Customer,5,99.3,0,496.5,364.41,132.09,4.0
102799,2023-04-20,South,Home & Kitchen,Cookware Set,In-Store,Premium Member,4,2071.77,20,6629.66,4729.53,1900.13,3.0
102800,2024-03-18,West,Beauty,Lipstick,Online,Premium Member,5,532.98,0,2664.9,1851.79,813.11,
102801,2023-05-22,East,Electronics,Smartwatch,Online,Premium Member,4,27708.49,10,99750.56,81723.82,18026.74,
102802,2023-09-07,East,Home & Kitchen,Mixer Grinder,Online,Premium Member,5,9184.69,10,41331.11,30612.25,10718.86,5.0
102803,2023-06-29,North,Home & Kitchen,Cookware Set,Online,Premium Member,2,8092.15,10,14565.87,9958.88,4606.99,4.0
102804,2023-11-12,North,Beauty,Sunscreen,Online,New Customer,1,789.84,10,710.86,494.11,216.75,5.0
102805,2024-05-16,West,Home & Kitchen,Cookware Set,In-Store,Returning Customer,5,7757.89,5,36849.98,23198.58,13651.4,3.0
102806,2023-05-25,South,Home & Kitchen,Air Fryer,Online,Premium Member,2,1009.73,15,1716.54,1243.74,472.8,3.0
102807,2024-06-15,South,Clothing,Sneakers,In-Store,New Customer,3,3238.27,5,9229.07,5838.83,3390.24,
102808,2023-08-16,east,Clothing,Dress,Online,Returning Customer,3,2559.68,10,6911.14,5047.28,1863.86,4.0
102809,2024-03-13,West,Grocery,Rice 5kg,Online,New Customer,3,532.87,0,1598.61,1090.61,508.0,4.0
102810,2024-11-15,South,Home & Kitchen,Vacuum Cleaner,In-Store,Returning Customer,4,8389.1,0,33556.4,20703.84,12852.56,5.0
102811,2023-02-26,West,Electronics,Smartphone,In-Store,Returning Customer,1,15054.34,0,15054.34,10499.72,4554.62,
102812,2023-02-22,North,Grocery,Tea Pack,Online,Premium Member,5,157.28,10,707.76,464.3,243.46,5.0
102813,2024-07-30,North,Home & Kitchen,Air Fryer,Online,Returning Customer,2,8811.96,10,15861.53,10355.88,5505.65,
102814,2023-06-27,East,Home & Kitchen,Mixer Grinder,In-Store,Premium Member,1,7263.17,0,7263.17,5030.55,2232.62,3.0
102815,2024-11-27,East,Sports,Running Shoes,Online,New Customer,4,3457.95,5,13140.21,9820.19,3320.02,4.0
102816,2024-09-20,South,Grocery,Cooking Oil,Online,New Customer,3,611.16,5,1741.81,1148.23,593.58,2.0
102817,2023-03-28,North,Home & Kitchen,Cookware Set,In-Store,New Customer,5,11346.53,5,53896.02,38284.06,15611.96,2.0
102818,2024-11-03,West,Grocery,Snacks Combo,Online,New Customer,5,289.86,0,1449.3,960.97,488.33,4.0
102819,2023-11-18,North,Grocery,Tea Pack,Online,Premium Member,5,565.68,10,2545.56,2110.08,435.48,5.0
102820,2024-08-02,East,Sports,Cricket Bat,Online,New Customer,5,5745.55,0,28727.75,20874.48,7853.27,
102821,2023-04-28,East,Grocery,Cooking Oil,Online,New Customer,1,473.26,5,449.6,263.13,186.47,1.0
102822,2023-11-10,East,Beauty,Shampoo,In-Store,Returning Customer,1,1420.81,0,1420.81,984.95,435.86,
102823,2024-01-28,East,Sports,Dumbbells,In-Store,Returning Customer,4,5144.41,0,20577.64,12382.64,8195.0,4.0
102824,2024-01-13,North,Clothing,Jeans,Online,New Customer,1,370.66,5,352.13,272.81,79.32,5.0
102825,2024-06-04,South,Electronics,Smartwatch,In-Store,Returning Customer,1,42075.77,0,42075.77,28966.53,13109.24,5.0
102826,2024-05-16,East,Clothing,Sneakers,In-Store,Returning Customer,1,1275.24,5,1211.48,888.34,323.14,4.0
102827,2023-02-21,North,Home & Kitchen,Cookware Set,In-Store,Returning Customer,3,3457.75,10,9335.93,7596.52,1739.41,
102828,2023-09-11,North,Clothing,Sneakers,Online,Returning Customer,2,3171.67,10,5709.01,4524.08,1184.93,1.0
102829,2023-12-05,East,Clothing,Jeans,In-Store,New Customer,3,2122.58,0,6367.74,4034.58,2333.16,4.0
102830,2023-05-12,North,Electronics,Smartwatch,Online,Returning Customer,2,20435.15,0,40870.3,30193.18,10677.12,2.0
102831,2023-11-28,South,Sports,Yoga Mat,Online,New Customer,1,460.19,10,414.17,300.3,113.87,
102832,2024-09-03,South,Home & Kitchen,Vacuum Cleaner,Online,Returning Customer,3,10913.21,10,29465.67,20158.21,9307.46,1.0
102833,2024-05-02,east,Electronics,Smartphone,Online,New Customer,5,29352.33,0,146761.65,88722.97,58038.68,
102834,2023-06-04,East,Clothing,T-Shirt,In-Store,New Customer,5,835.95,5,3970.76,2610.21,1360.55,3.0
102835,2024-10-04,South,Beauty,Shampoo,Online,Returning Customer,1,1315.18,0,1315.18,787.82,527.36,1.0
102836,2023-12-31,North,Grocery,Snacks Combo,Online,New Customer,1,272.0,0,272.0,159.98,112.02,4.0
102837,2024-03-25,West,Electronics,Smartphone,Online,Returning Customer,5,37501.81,15,159382.69,134059.83,25322.86,
102838,2023-08-18,East,Beauty,Face Wash,Online,New Customer,4,1556.99,0,6227.96,3553.47,2674.49,
102839,2023-10-26,East,Beauty,Sunscreen,Online,Premium Member,1,1123.51,10,1011.16,644.1,367.06,2.0
102840,2023-09-07,North,Home & Kitchen,Cookware Set,In-Store,New Customer,1,10307.73,15,8761.57,7112.68,1648.89,
102841,2023-02-26,North,Electronics,Smartwatch,In-Store,Premium Member,2,20652.83,15,35109.81,28815.97,6293.84,2.0
102842,2023-01-23,South,Beauty,Lipstick,Online,New Customer,1,479.13,0,479.13,295.24,183.89,
102843,2024-06-25,North,Grocery,Snacks Combo,Online,New Customer,1,262.2,10,235.98,180.68,55.3,2.0
102844,2024-11-24,West,Beauty,Shampoo,Online,Returning Customer,1,867.43,10,780.69,564.51,216.18,3.0
102845,2023-06-06,East,Grocery,Cooking Oil,In-Store,Returning Customer,4,428.56,10,1542.82,1257.88,284.94,4.0
102846,2024-08-27,South,Home & Kitchen,Cookware Set,Online,Returning Customer,2,6035.65,0,12071.3,7787.92,4283.38,
102847,2024-12-11,West,Grocery,Cooking Oil,In-Store,Premium Member,2,722.15,0,1444.3,871.05,573.25,
102848,2024-02-07,South,Sports,Dumbbells,Online,New Customer,5,510.11,5,2423.02,1794.87,628.15,5.0
102849,2023-01-05,South,Grocery,Cooking Oil,Online,New Customer,5,351.18,0,1755.9,1020.89,735.01,
102850,2023-09-13,West,Home & Kitchen,Air Fryer,In-Store,Premium Member,1,1634.99,0,1634.99,929.61,705.38,
102851,2023-02-21,East,Beauty,Lipstick,Online,Returning Customer,3,713.29,10,1925.88,1232.15,693.73,5.0
102852,2023-02-12,South,Clothing,Sneakers,Online,Premium Member,2,368.66,0,737.32,510.21,227.11,4.0
102853,2023-10-29,East,Grocery,Rice 5kg,In-Store,Premium Member,3,731.52,10,1975.1,1459.01,516.09,
102854,2023-06-14,West,Grocery,Tea Pack,Online,New Customer,1,801.74,0,801.74,465.91,335.83,
102855,2023-09-04,South,Sports,Yoga Mat,Online,New Customer,1,5998.3,5,5698.38,3499.55,2198.83,4.0
102856,2023-03-29,East,Home & Kitchen,Mixer Grinder,In-Store,New Customer,2,2817.59,0,5635.18,3559.99,2075.19,
102857,2024-09-12,East,Clothing,T-Shirt,Online,New Customer,2,1519.28,10,2734.7,2274.9,459.8,5.0
102858,2024-06-30,South,Clothing,Jeans,In-Store,Premium Member,4,319.74,10,1151.06,729.59,421.47,
102859,2023-07-20,West,Beauty,Sunscreen,Online,Returning Customer,2,1365.15,5,2593.78,1867.08,726.7,4.0
102860,2024-11-24,North,Home & Kitchen,Mixer Grinder,In-Store,Returning Customer,3,9438.25,0,28314.75,20642.03,7672.72,5.0
102861,2023-09-27,North,Home & Kitchen,Cookware Set,Online,New Customer,1,9729.69,10,8756.72,5467.5,3289.22,
102862,2024-08-07,North,Beauty,Shampoo,In-Store,Returning Customer,2,1737.15,10,3126.87,2551.72,575.15,4.0
102863,2024-02-27,North,Beauty,Shampoo,Online,New Customer,1,1171.97,0,1171.97,862.78,309.19,4.0
102864,2024-06-19,South,Electronics,Headphones,Online,New Customer,4,22506.68,5,85525.38,58234.24,27291.14,3.0
102865,2024-08-30,West,Clothing,Jacket,In-Store,New Customer,3,1362.01,15,3473.13,3019.81,453.32,4.0
102866,2024-07-14,East,Beauty,Shampoo,In-Store,New Customer,2,817.03,5,1552.36,975.25,577.11,5.0
102867,2024-05-28,West,Clothing,Jacket,In-Store,Returning Customer,4,3221.38,5,12241.24,9267.99,2973.25,
102868,2024-09-18,North,Beauty,Lipstick,Online,Returning Customer,2,394.48,0,788.96,504.55,284.41,4.0
102869,2024-08-22,South,Beauty,Shampoo,In-Store,New Customer,5,825.51,5,3921.17,2423.85,1497.32,
102870,2023-07-08,West,Sports,Running Shoes,Online,Premium Member,3,5887.8,0,17663.4,12544.13,5119.27,
102871,2024-03-12,South,Home & Kitchen,Cookware Set,In-Store,Premium Member,4,6224.45,0,24897.8,17166.97,7730.83,3.0
102872,2024-12-01,West,Home & Kitchen,Cookware Set,Online,Premium Member,2,5390.21,10,9702.38,7385.06,2317.32,
102873,2024-01-22,East,Grocery,Tea Pack,In-Store,Returning Customer,2,145.38,10,261.68,188.43,73.25,
102874,2024-07-07,East,Home & Kitchen,Air Fryer,Online,Returning Customer,4,3676.19,5,13969.52,8145.37,5824.15,3.0
102875,2024-11-04,North,Beauty,Sunscreen,Online,Returning Customer,3,1644.3,5,4686.25,3014.04,1672.21,4.0
102876,2024-04-30,East,Beauty,Face Wash,Online,New Customer,2,1227.53,5,2332.31,1609.65,722.66,4.0
102877,2024-10-24,West,Sports,Yoga Mat,Online,Premium Member,3,4201.32,0,12603.96,7457.94,5146.02,5.0
102878,2024-09-15,East,Clothing,Jacket,Online,Returning Customer,2,749.79,5,1424.6,940.84,483.76,4.0
102879,2024-07-30,North,Home & Kitchen,Vacuum Cleaner,In-Store,New Customer,2,5027.24,10,9049.03,5819.18,3229.85,5.0
102880,2024-08-10,East,Clothing,Dress,Online,Returning Customer,1,2428.9,5,2307.46,1746.4,561.06,4.0
102881,2023-06-18,South,Beauty,Lipstick,In-Store,New Customer,3,704.77,0,2114.31,1364.73,749.58,5.0
102882,2024-05-31,West,Sports,Yoga Mat,Online,New Customer,4,680.98,0,2723.92,1733.05,990.87,3.0
102883,2023-11-18,West,Electronics,Smartphone,In-Store,Returning Customer,3,43378.2,0,130134.6,83285.49,46849.11,
102884,2023-12-23,East,Clothing,Jacket,In-Store,Returning Customer,4,1058.66,0,4234.64,2752.03,1482.61,5.0
102885,2024-08-25,East,Sports,Yoga Mat,Online,New Customer,4,5748.08,10,20693.09,12930.03,7763.06,1.0
102886,2024-08-02,West,Electronics,Bluetooth Speaker,Online,New Customer,4,11435.2,0,45740.8,25260.0,20480.8,3.0
102887,2023-05-23,East,Beauty,Shampoo,Online,Returning Customer,1,1438.03,5,1366.13,938.7,427.43,4.0
102888,2024-02-29,South,Electronics,Smartwatch,In-Store,New Customer,1,24848.2,5,23605.79,16536.34,7069.45,5.0
102889,2023-06-02,South,Home & Kitchen,Air Fryer,In-Store,New Customer,1,3775.15,0,3775.15,2193.23,1581.92,5.0
102890,2024-10-21,East,Clothing,Jeans,In-Store,Premium Member,5,1936.76,0,9683.8,6331.87,3351.93,
102891,2024-08-10,East,Electronics,Smartphone,Online,New Customer,1,21856.14,0,21856.14,12729.2,9126.94,
102892,2024-08-24,South,Sports,Running Shoes,Online,Returning Customer,4,4995.78,5,18983.96,13386.71,5597.25,2.0
102893,2024-03-01,South,Home & Kitchen,Air Fryer,Online,Returning Customer,2,10802.07,0,21604.14,15886.69,5717.45,
102894,2023-09-11,West,Electronics,Smartphone,Online,New Customer,3,10607.8,0,31823.4,20754.69,11068.71,2.0
102895,2023-02-04,North,Grocery,Rice 5kg,Online,Returning Customer,5,700.66,0,3503.3,2259.21,1244.09,
102896,2024-03-20,North,Grocery,Snacks Combo,Online,Returning Customer,4,604.67,0,2418.68,1630.26,788.42,4.0
102897,2023-08-03,South,Grocery,Cooking Oil,Online,Premium Member,2,483.52,0,967.04,717.08,249.96,4.0
102898,2024-08-19,West,Home & Kitchen,Mixer Grinder,Online,New Customer,4,7835.08,15,26639.27,20613.67,6025.6,4.0
102899,2024-02-19,North,Clothing,T-Shirt,In-Store,Premium Member,2,2686.67,0,5373.34,3896.95,1476.39,
102900,2023-08-10,East,Clothing,Jacket,Online,Returning Customer,3,3364.69,0,10094.07,5560.49,4533.58,4.0
102901,2024-07-21,South,Sports,Dumbbells,Online,Returning Customer,5,4740.14,0,23700.7,15232.42,8468.28,4.0
102902,2024-05-04,North,Beauty,Face Wash,Online,Returning Customer,5,977.16,0,4885.8,2811.41,2074.39,4.0
102903,2023-08-14,West,Home & Kitchen,Cookware Set,Online,New Customer,2,7633.6,5,14503.84,11205.41,3298.43,4.0
102904,2023-05-17,West,Grocery,Rice 5kg,Online,Returning Customer,4,516.83,0,2067.32,1481.6,585.72,
102905,2023-01-19,South,Clothing,Sneakers,Online,Returning Customer,4,1037.84,0,4151.36,2780.48,1370.88,4.0
102906,2024-03-12,South,Sports,Cricket Bat,Online,New Customer,2,2262.16,0,4524.32,2767.78,1756.54,5.0
102907,2024-08-09,East,Sports,Dumbbells,In-Store,Returning Customer,4,5569.27,10,20049.37,15242.62,4806.75,4.0
102908,2023-02-19,North,Grocery,Snacks Combo,Online,Premium Member,2,479.62,10,863.32,715.01,148.31,5.0
102909,2023-07-30,West,Home & Kitchen,Air Fryer,Online,Returning Customer,4,821.31,15,2792.45,2415.98,376.47,4.0
102910,2023-03-31,West,Electronics,Headphones,Online,Premium Member,3,33597.6,0,100792.8,72976.98,27815.82,4.0
102911,2023-10-31,South,Clothing,Dress,Online,New Customer,2,3119.12,10,5614.42,4046.9,1567.52,2.0
102912,2023-05-29,North,Electronics,Bluetooth Speaker,Online,Returning Customer,5,31438.43,10,141472.94,103495.94,37977.0,2.0
102913,2023-01-11,West,Home & Kitchen,Air Fryer,Online,Returning Customer,1,9894.0,10,8904.6,6767.88,2136.72,4.0
102914,2024-02-04,West,Sports,Running Shoes,Online,Returning Customer,2,4482.97,0,8965.94,5216.17,3749.77,4.0
102915,2023-09-25,South,Electronics,Smartphone,In-Store,Premium Member,1,4889.4,5,4644.93,3114.81,1530.12,2.0
102916,2023-01-13,West,Sports,Yoga Mat,Online,Premium Member,3,2355.85,0,7067.55,3982.99,3084.56,
102917,2023-02-07,East,Grocery,Cooking Oil,Online,Returning Customer,4,137.83,0,551.32,409.66,141.66,
102918,2023-03-14,West,Clothing,Sneakers,Online,New Customer,3,2120.64,5,6043.82,4668.31,1375.51,
102919,2023-05-09,North,Grocery,Tea Pack,In-Store,Returning Customer,4,726.09,5,2759.14,1990.23,768.91,5.0
102920,2023-10-08,North,Sports,Yoga Mat,Online,New Customer,5,5143.66,5,24432.38,16208.99,8223.39,
102921,2024-06-08,East,Clothing,T-Shirt,Online,New Customer,4,1232.82,5,4684.72,3372.3,1312.42,5.0
102922,2024-09-08,West,Clothing,Jeans,In-Store,Returning Customer,1,1986.7,0,1986.7,1393.13,593.57,1.0
102923,2023-08-09,South,Sports,Cricket Bat,Online,New Customer,3,959.58,0,2878.74,1810.93,1067.81,4.0
102924,2023-11-23,East,Sports,Dumbbells,Online,Returning Customer,4,693.0,15,2356.2,1841.27,514.93,3.0
102925,2024-03-22,North,Clothing,Jeans,In-Store,Premium Member,3,1895.13,5,5401.12,3163.48,2237.64,
102926,2024-05-31,South,Home & Kitchen,Mixer Grinder,In-Store,Premium Member,4,1041.11,10,3748.0,2476.16,1271.84,3.0
102927,2024-04-05,East,Clothing,Dress,Online,New Customer,3,1776.23,0,5328.69,3156.92,2171.77,5.0
102928,2023-02-12,North,Beauty,Lipstick,In-Store,Premium Member,3,919.43,5,2620.38,1774.27,846.11,4.0
102929,2023-09-13,West,Grocery,Rice 5kg,In-Store,New Customer,5,284.08,5,1349.38,806.05,543.33,5.0
102930,2024-09-24,West,Home & Kitchen,Cookware Set,Online,New Customer,2,10375.0,20,16600.0,12414.15,4185.85,5.0
102931,2023-09-26,North,Sports,Running Shoes,In-Store,Returning Customer,4,828.25,0,3313.0,2376.75,936.25,3.0
102932,2024-05-01,East,Clothing,Jacket,In-Store,New Customer,4,622.12,5,2364.06,1718.34,645.72,5.0
102933,2023-06-05,East,Electronics,Smartphone,Online,New Customer,1,29859.48,10,26873.53,17897.41,8976.12,5.0
102934,2024-09-13,East,Grocery,Tea Pack,In-Store,Returning Customer,3,768.91,5,2191.39,1621.57,569.82,
102935,2023-10-30,South,Electronics,Laptop,In-Store,Premium Member,5,9647.99,10,43415.96,35837.18,7578.78,4.0
102936,2024-06-14,North,Electronics,Headphones,Online,Returning Customer,4,43627.23,0,174508.92,116209.13,58299.79,
102937,2024-05-23,East,Home & Kitchen,Mixer Grinder,Online,Returning Customer,4,2751.41,5,10455.36,6924.03,3531.33,3.0
102938,2024-04-17,East,Grocery,Rice 5kg,Online,Returning Customer,2,443.49,0,886.98,543.4,343.58,
102939,2023-02-16,North,Beauty,Sunscreen,Online,New Customer,4,1588.43,0,6353.72,4370.6,1983.12,4.0
102940,2024-01-10,North,Beauty,Sunscreen,Online,Premium Member,3,1720.37,0,5161.11,3648.57,1512.54,4.0
102941,2024-10-26,East,Clothing,T-Shirt,In-Store,Returning Customer,5,600.25,0,3001.25,1909.13,1092.12,
102942,2024-03-05,East,Electronics,Headphones,In-Store,Returning Customer,3,34353.38,10,92754.13,56979.86,35774.27,
102943,2024-07-24,East,Clothing,Jeans,In-Store,New Customer,5,1918.49,5,9112.83,6990.21,2122.62,
102944,2023-03-20,South,Sports,Cricket Bat,Online,Returning Customer,2,2082.64,20,3332.22,2629.04,703.18,
102945,2023-03-24,North,Electronics,Bluetooth Speaker,Online,Premium Member,1,36068.55,0,36068.55,26361.11,9707.44,5.0
102946,2024-04-20,West,Beauty,Sunscreen,Online,Returning Customer,1,594.99,20,475.99,335.79,140.2,3.0
102947,2023-05-04,North,Electronics,Laptop,In-Store,Returning Customer,1,36271.19,10,32644.07,26098.08,6545.99,4.0
102948,2023-07-02,East,Clothing,Jacket,Online,Returning Customer,4,3242.74,0,12970.96,8937.35,4033.61,4.0
102949,2024-01-11,South,Grocery,Tea Pack,In-Store,New Customer,1,117.14,5,111.28,74.39,36.89,2.0
102950,2023-01-06,North,Home & Kitchen,Cookware Set,Online,New Customer,1,10793.84,20,8635.07,8029.09,605.98,4.0
102951,2023-06-15,West,Grocery,Snacks Combo,In-Store,Returning Customer,1,604.65,0,604.65,387.05,217.6,3.0
102952,2023-10-01,East,Sports,Running Shoes,Online,Returning Customer,2,5574.28,0,11148.56,6623.67,4524.89,5.0
102953,2023-04-13,East,Home & Kitchen,Air Fryer,In-Store,Premium Member,2,817.44,10,1471.39,1186.59,284.8,2.0
102954,2023-04-25,North,Sports,Yoga Mat,In-Store,Returning Customer,4,3746.3,0,14985.2,8478.99,6506.21,5.0
102955,2024-03-26,South,Electronics,Headphones,Online,New Customer,2,40326.0,0,80652.0,45615.97,35036.03,4.0
102956,2023-12-16,North,Sports,Running Shoes,Online,New Customer,1,4733.22,0,4733.22,3497.62,1235.6,5.0
102957,2023-11-21,East,Electronics,Smartphone,In-Store,New Customer,2,27489.06,5,52229.21,37861.09,14368.12,3.0
102958,2024-11-28,East,Electronics,Smartwatch,In-Store,Premium Member,1,1803.9,15,1533.32,1091.31,442.01,5.0
102959,2023-05-04,South,Beauty,Lipstick,In-Store,Returning Customer,3,1055.77,0,3167.31,2151.45,1015.86,
102960,2024-04-30,North,Sports,Cricket Bat,Online,New Customer,5,4172.9,0,20864.5,12233.7,8630.8,
102961,2024-10-26,South,Sports,Cricket Bat,Online,Returning Customer,5,5378.44,15,22858.37,19011.77,3846.6,
102962,2023-12-20,East,Clothing,Dress,Online,Returning Customer,4,2703.24,10,9731.66,7026.78,2704.88,2.0
102963,2023-04-29,North,Beauty,Lipstick,Online,Returning Customer,5,1264.26,5,6005.24,3662.0,2343.24,
102964,2023-07-01,South,Beauty,Shampoo,Online,New Customer,2,1120.68,5,2129.29,1488.94,640.35,4.0
102965,2023-06-22,East,Electronics,Laptop,Online,Returning Customer,2,12274.35,10,22093.83,17397.33,4696.5,2.0
102966,2024-01-15,South,Grocery,Tea Pack,Online,Returning Customer,1,716.61,5,680.78,474.26,206.52,4.0
102967,2023-09-17,East,Beauty,Lipstick,Online,Premium Member,3,1410.6,5,4020.21,3018.88,1001.33,
102968,2023-12-24,North,Clothing,Dress,Online,Returning Customer,1,517.76,0,517.76,285.6,232.16,5.0
102969,2024-01-01,West,Electronics,Smartphone,Online,,5,43333.1,0,216665.5,124434.16,92231.34,4.0
102970,2023-09-02,North,Beauty,Sunscreen,Online,Premium Member,3,481.7,0,1445.1,892.93,552.17,
102971,2024-12-10,North,Electronics,Headphones,In-Store,Returning Customer,3,25781.85,10,69611.0,56027.2,13583.8,5.0
102972,2023-10-14,East,Grocery,Rice 5kg,Online,Returning Customer,2,429.83,15,730.71,498.65,232.06,5.0
102973,2023-02-17,East,Sports,Dumbbells,Online,Premium Member,2,2336.28,5,4438.93,3249.03,1189.9,
102974,2023-09-21,East,Clothing,Dress,Online,New Customer,5,1630.18,5,7743.36,6072.62,1670.74,
102975,2024-04-25,West,Clothing,Dress,Online,New Customer,5,2301.41,0,11507.05,6737.23,4769.82,
102976,2024-09-17,West,Electronics,Laptop,Online,New Customer,1,33904.42,5,32209.2,22778.2,9431.0,3.0
102977,2024-09-25,South,Sports,Cricket Bat,Online,Premium Member,4,4011.98,0,16047.92,11586.81,4461.11,5.0
102978,2024-09-24,East,Beauty,Lipstick,Online,Premium Member,2,1736.77,0,3473.54,2287.48,1186.06,5.0
102979,2023-04-26,South,Home & Kitchen,Mixer Grinder,In-Store,Returning Customer,1,9900.79,0,9900.79,6331.2,3569.59,1.0
102980,2024-06-12,West,Beauty,Shampoo,Online,New Customer,3,1510.47,10,4078.27,3148.73,929.54,4.0
102981,2023-06-02,South,Electronics,Smartwatch,Online,New Customer,3,37969.11,0,113907.33,78000.7,35906.63,2.0
102982,2024-09-07,North,Clothing,Jeans,Online,New Customer,2,2997.37,0,5994.74,3577.18,2417.56,5.0
102983,2024-11-08,West,Beauty,Face Wash,Online,Returning Customer,5,1629.11,20,6516.44,6035.05,481.39,5.0
102984,2023-11-28,West,Electronics,Laptop,Online,Returning Customer,3,30128.56,10,81347.11,58279.77,23067.34,4.0
102985,2024-02-21,South,Electronics,Smartwatch,Online,Returning Customer,4,19142.85,5,72742.83,50187.68,22555.15,
102986,2023-09-30,South,Beauty,Face Wash,Online,Returning Customer,4,447.6,0,1790.4,1153.68,636.72,2.0
102987,2024-10-28,South,Clothing,Jacket,In-Store,New Customer,4,1444.3,5,5488.34,3818.73,1669.61,5.0
102988,2023-02-09,North,Grocery,Tea Pack,Online,,4,743.56,0,2974.24,1910.2,1064.04,
102989,2023-09-09,North,Grocery,Snacks Combo,In-Store,Returning Customer,5,497.52,10,2238.84,1481.51,757.33,5.0
102990,2024-04-12,South,Home & Kitchen,Mixer Grinder,In-Store,New Customer,3,4532.92,5,12918.82,8425.43,4493.39,5.0
102991,2024-07-11,North,Sports,Cricket Bat,Online,Returning Customer,1,2015.49,5,1914.72,1414.35,500.37,3.0
102992,2023-08-06,West,Sports,Dumbbells,Online,New Customer,4,1156.92,0,4627.68,2597.21,2030.47,3.0
102993,2023-01-27,South,Sports,Cricket Bat,Online,Returning Customer,1,663.18,0,663.18,413.56,249.62,4.0
102994,2023-09-06,West,Grocery,Cooking Oil,Online,Returning Customer,4,473.07,0,1892.28,1230.29,661.99,
102995,2024-02-03,West,Clothing,Dress,In-Store,New Customer,4,446.06,5,1695.03,1114.59,580.44,5.0
102996,2023-08-18,South,Home & Kitchen,Mixer Grinder,Online,Returning Customer,3,8819.57,0,26458.71,18263.88,8194.83,5.0
102997,2023-05-09,North,Sports,Yoga Mat,Online,Premium Member,5,3636.88,10,16365.96,10284.46,6081.5,5.0
102998,2024-07-01,South,Beauty,Lipstick,In-Store,,1,1016.15,10,914.54,627.63,286.91,5.0
102999,2024-12-24,West,Beauty,Shampoo,Online,Returning Customer,5,1695.89,0,8479.45,5327.14,3152.31,5.0
103000,2024-04-13,East,Sports,Cricket Bat,In-Store,New Customer,1,1923.42,0,1923.42,1128.69,794.73,
103001,2023-04-02,South,Sports,Yoga Mat,Online,Returning Customer,3,3495.3,0,10485.9,7099.71,3386.19,5.0
103002,2023-10-16,West,Home & Kitchen,Air Fryer,Online,Returning Customer,4,7992.64,0,31970.56,19949.03,12021.53,4.0
103003,2023-06-16,South,Grocery,Cooking Oil,In-Store,New Customer,1,577.06,0,577.06,346.13,230.93,4.0
103004,2024-12-10,North,Grocery,Tea Pack,Online,Returning Customer,3,314.66,10,849.58,587.0,262.58,
103005,2023-11-12,South,Sports,Yoga Mat,In-Store,Premium Member,4,819.06,0,3276.24,1885.46,1390.78,
103006,2024-11-17,East,Clothing,Jeans,In-Store,Returning Customer,2,1903.99,10,3427.18,2235.72,1191.46,4.0
103007,2024-05-10,North,Beauty,Lipstick,In-Store,New Customer,3,864.59,5,2464.08,1613.18,850.9,
103008,2023-03-21,North,Home & Kitchen,Mixer Grinder,Online,Returning Customer,5,7488.45,15,31825.91,24288.01,7537.9,
103009,2023-09-21,South,Sports,Dumbbells,In-Store,New Customer,3,5135.54,15,13095.63,8491.4,4604.23,4.0
103010,2023-11-22,South,Electronics,Headphones,In-Store,Returning Customer,1,30898.61,10,27808.75,21290.45,6518.3,2.0
103011,2024-09-24,North,Grocery,Snacks Combo,In-Store,Returning Customer,2,467.93,0,935.86,582.37,353.49,5.0
103012,2024-05-18,South,Electronics,Smartphone,Online,New Customer,3,37788.48,10,102028.9,68265.05,33763.85,3.0
103013,2023-02-13,West,Sports,Cricket Bat,Online,Returning Customer,5,1713.85,5,8140.79,5635.12,2505.67,5.0
103014,2023-08-11,North,Clothing,Sneakers,Online,Returning Customer,1,3424.71,0,3424.71,2524.03,900.68,
103015,2023-11-02,South,Beauty,Shampoo,Online,New Customer,2,267.82,15,455.29,313.21,142.08,3.0
103016,2024-08-19,South,Sports,Dumbbells,Online,New Customer,2,2780.37,5,5282.7,3367.48,1915.22,
103017,2023-10-31,South,Beauty,Lipstick,In-Store,,1,1297.27,0,1297.27,755.64,541.63,4.0
103018,2023-12-19,South,Sports,Running Shoes,In-Store,Returning Customer,2,4271.52,0,8543.04,5806.94,2736.1,3.0
103019,2023-07-22,East,Home & Kitchen,Cookware Set,In-Store,New Customer,2,3561.24,0,7122.48,4696.75,2425.73,4.0
103020,2023-09-04,South,Beauty,Face Wash,In-Store,New Customer,1,857.57,10,771.81,596.67,175.14,4.0
103021,2024-08-18,South,Beauty,Sunscreen,Online,Returning Customer,3,1000.79,0,3002.37,2135.39,866.98,
103022,2024-07-16,South,Home & Kitchen,Cookware Set,Online,Returning Customer,4,1058.26,0,4233.04,2608.29,1624.75,4.0
103023,2024-09-26,West,Beauty,Shampoo,Online,Returning Customer,3,882.67,10,2383.21,1717.06,666.15,3.0
103024,2024-06-12,North,Electronics,Bluetooth Speaker,In-Store,Returning Customer,1,25489.76,15,21666.3,18165.89,3500.41,4.0
103025,2024-04-16,South,Electronics,Smartphone,Online,Returning Customer,4,37263.73,10,134149.43,101737.57,32411.86,5.0
103026,2024-03-05,West,Grocery,Cooking Oil,Online,Returning Customer,5,813.77,5,3865.41,2650.96,1214.45,5.0
103027,2023-10-22,East,Home & Kitchen,Air Fryer,In-Store,Returning Customer,3,9408.86,10,25403.92,20195.36,5208.56,
103028,2024-06-07,South,Sports,Running Shoes,Online,Premium Member,2,1043.73,0,2087.46,1300.2,787.26,
103029,2024-05-07,West,Home & Kitchen,Cookware Set,Online,Premium Member,5,11414.73,15,48512.6,42135.37,6377.23,5.0
103030,2024-12-02,South,Sports,Cricket Bat,Online,Returning Customer,5,1008.66,10,4538.97,3143.05,1395.92,4.0
103031,2024-08-23,South,Sports,Yoga Mat,Online,Premium Member,1,1294.71,5,1229.97,714.08,515.89,4.0
103032,2024-09-14,North,Clothing,Jeans,Online,New Customer,2,1238.52,10,2229.34,1736.77,492.57,3.0
103033,2024-11-28,South,Grocery,Cooking Oil,In-Store,Returning Customer,2,524.67,5,996.87,717.92,278.95,2.0
103034,2024-02-23,South,Sports,Dumbbells,Online,Returning Customer,5,1519.86,15,6459.4,5581.16,878.24,4.0
103035,2023-03-03,East,Home & Kitchen,Air Fryer,Online,Premium Member,2,9636.48,10,17345.66,12146.5,5199.16,4.0
103036,2024-02-01,West,Home & Kitchen,Vacuum Cleaner,Online,New Customer,4,8945.84,0,35783.36,20083.98,15699.38,
103037,2024-11-23,North,Grocery,Rice 5kg,In-Store,Returning Customer,1,398.9,5,378.96,253.52,125.44,
103038,2023-03-31,West,Beauty,Shampoo,Online,Returning Customer,4,389.57,10,1402.45,1150.23,252.22,4.0
103039,2024-03-13,North,Beauty,Sunscreen,In-Store,Premium Member,1,252.95,5,240.3,172.41,67.89,3.0
103040,2023-08-10,North,Beauty,Sunscreen,In-Store,Returning Customer,3,1121.21,0,3363.63,2041.58,1322.05,4.0
103041,2024-12-01,East,Grocery,Snacks Combo,Online,Returning Customer,1,606.95,10,546.26,421.39,124.87,
103042,2023-05-19,South,Beauty,Shampoo,In-Store,New Customer,2,848.24,5,1611.66,1069.41,542.25,5.0
103043,2023-06-01,West,Beauty,Lipstick,In-Store,Premium Member,5,1365.6,0,6828.0,4900.96,1927.04,4.0
103044,2024-02-13,East,Beauty,Face Wash,In-Store,New Customer,1,428.13,0,428.13,283.76,144.37,
103045,2024-05-08,North,Beauty,Lipstick,Online,Returning Customer,2,1057.23,20,1691.57,1307.72,383.85,2.0
103046,2024-09-25,East,Clothing,Sneakers,Online,New Customer,4,2055.1,10,7398.36,4812.08,2586.28,
103047,2024-10-03,West,Home & Kitchen,Mixer Grinder,Online,New Customer,2,3567.77,5,6778.76,4378.08,2400.68,5.0
103048,2024-08-03,East,Electronics,Smartwatch,In-Store,Returning Customer,5,12778.25,0,63891.25,47157.79,16733.46,3.0
103049,2023-07-08,West,Electronics,Laptop,Online,Returning Customer,4,6003.42,0,24013.68,15004.0,9009.68,3.0
103050,2024-10-05,West,Beauty,Sunscreen,In-Store,Returning Customer,2,1165.25,20,1864.4,1339.72,524.68,4.0
103051,2023-05-26,North,Electronics,Laptop,In-Store,Returning Customer,1,8272.86,10,7445.57,5496.11,1949.46,
103052,2023-10-31,West,Grocery,Cooking Oil,In-Store,New Customer,1,867.9,10,781.11,637.22,143.89,2.0
103053,2023-11-26,North,Home & Kitchen,Vacuum Cleaner,In-Store,Premium Member,5,1071.21,0,5356.05,3083.95,2272.1,
103054,2023-07-09,East,Home & Kitchen,Vacuum Cleaner,In-Store,New Customer,2,2588.79,10,4659.82,3705.6,954.22,1.0
103055,2024-01-27,North,Grocery,Snacks Combo,Online,New Customer,4,754.23,10,2715.23,1913.45,801.78,
103056,2024-11-09,West,Sports,Running Shoes,Online,Returning Customer,3,5738.78,15,14633.89,9874.37,4759.52,
103057,2024-11-13,East,Sports,Cricket Bat,Online,Premium Member,4,2253.83,5,8564.55,5061.77,3502.78,
103058,2024-11-10,East,Electronics,Headphones,In-Store,New Customer,3,4162.41,0,12487.23,7048.35,5438.88,4.0
103059,2024-12-09,North,Beauty,Face Wash,Online,New Customer,5,1775.59,10,7990.15,4909.97,3080.18,4.0
103060,2024-05-25,North,Sports,Cricket Bat,Online,Returning Customer,5,1215.14,0,6075.7,3828.76,2246.94,1.0
103061,2024-10-31,South,Sports,Cricket Bat,In-Store,Premium Member,1,4230.49,10,3807.44,2750.56,1056.88,
103062,2024-02-22,South,Grocery,Snacks Combo,Online,Premium Member,5,461.65,10,2077.43,1316.37,761.06,5.0
103063,2024-06-30,South,Beauty,Face Wash,Online,New Customer,4,1220.77,10,4394.77,2938.95,1455.82,5.0
103064,2024-08-29,North,Home & Kitchen,Vacuum Cleaner,Online,Returning Customer,4,9953.09,15,33840.51,26803.71,7036.8,3.0
103065,2023-10-11,North,Electronics,Laptop,Online,New Customer,2,29950.36,0,59900.72,40182.52,19718.2,5.0
103066,2024-07-12,West,Grocery,Tea Pack,In-Store,Premium Member,3,827.21,15,2109.39,1457.9,651.49,3.0
103067,2024-10-15,North,Electronics,Laptop,Online,Returning Customer,5,2176.76,0,10883.8,7566.66,3317.14,5.0
103068,2024-06-19,North,Home & Kitchen,Cookware Set,Online,Premium Member,3,1044.87,15,2664.42,1859.17,805.25,4.0
103069,2024-06-03,North,Home & Kitchen,Air Fryer,In-Store,New Customer,5,4053.43,15,17227.08,11557.58,5669.5,
103070,2023-05-28,West,Beauty,Face Wash,In-Store,Returning Customer,5,351.48,10,1581.66,1052.14,529.52,4.0
103071,2024-01-14,South,Electronics,Laptop,In-Store,Returning Customer,5,23625.41,20,94501.64,82496.34,12005.3,4.0
103072,2023-01-31,South,Grocery,Snacks Combo,Online,New Customer,4,860.87,10,3099.13,1907.31,1191.82,3.0
103073,2024-01-18,West,Home & Kitchen,Cookware Set,Online,Returning Customer,5,7383.99,10,33227.96,26401.93,6826.03,3.0
103074,2023-11-11,East,Electronics,Laptop,In-Store,Returning Customer,2,17596.61,10,31673.9,19538.34,12135.56,
103075,2024-06-03,North,Electronics,Laptop,In-Store,Returning Customer,1,30899.88,10,27809.89,19933.88,7876.01,
103076,2024-06-28,North,Home & Kitchen,Cookware Set,Online,New Customer,5,7882.85,20,31531.4,24349.28,7182.12,5.0
103077,2023-11-18,North,Home & Kitchen,Cookware Set,In-Store,Premium Member,1,6536.28,0,6536.28,4033.71,2502.57,4.0
103078,2024-09-02,West,Grocery,Rice 5kg,In-Store,,1,885.83,5,841.54,659.66,181.88,
103079,2023-02-01,North,Clothing,Sneakers,Online,Premium Member,5,815.97,0,4079.85,2896.51,1183.34,1.0
103080,2024-07-24,North,Home & Kitchen,Vacuum Cleaner,Online,Returning Customer,1,6032.99,0,6032.99,3995.29,2037.7,
103081,2024-09-22,South,Electronics,Smartwatch,In-Store,Returning Customer,5,43986.45,10,197939.02,122360.46,75578.56,4.0
103082,2024-07-18,West,Clothing,Jacket,In-Store,Returning Customer,2,2050.05,10,3690.09,3046.11,643.98,4.0
103083,2023-03-26,North,Sports,Cricket Bat,Online,New Customer,5,3067.41,5,14570.2,10329.11,4241.09,3.0
103084,2024-07-19,South,Home & Kitchen,Cookware Set,Online,New Customer,5,8061.24,10,36275.58,26223.39,10052.19,
103085,2023-07-07,North,Sports,Yoga Mat,Online,New Customer,5,5496.06,5,26106.28,15601.51,10504.77,5.0
103086,2024-07-13,East,Sports,Running Shoes,In-Store,New Customer,5,5732.02,15,24361.09,20402.92,3958.17,5.0
103087,2023-07-30,North,Clothing,Jeans,In-Store,Premium Member,5,3071.03,20,12284.12,9442.24,2841.88,3.0
103088,2024-01-26,West,Sports,Dumbbells,In-Store,Returning Customer,4,2042.61,0,8170.44,5864.63,2305.81,
103089,2024-01-12,North,Clothing,T-Shirt,Online,New Customer,5,328.19,5,1558.9,1215.22,343.68,
103090,2023-06-24,West,Beauty,Lipstick,In-Store,Premium Member,2,1619.52,15,2753.18,2102.65,650.53,2.0
103091,2024-02-24,South,Home & Kitchen,Air Fryer,Online,Returning Customer,4,1873.47,10,6744.49,4383.82,2360.67,
103092,2023-06-16,South,Electronics,Headphones,Online,Returning Customer,4,22138.35,10,79698.06,54951.07,24746.99,5.0
103093,2023-11-05,East,Grocery,Rice 5kg,Online,Returning Customer,3,366.43,10,989.36,700.67,288.69,5.0
103094,2024-02-20,East,Grocery,Snacks Combo,Online,Returning Customer,1,479.84,0,479.84,324.35,155.49,3.0
103095,2023-08-30,South,Beauty,Sunscreen,Online,New Customer,1,1506.33,0,1506.33,950.02,556.31,4.0
103096,2023-01-10,East,Home & Kitchen,Mixer Grinder,Online,Returning Customer,5,7865.73,0,39328.65,25905.65,13423.0,5.0
103097,2023-04-17,East,Clothing,T-Shirt,Online,New Customer,5,1174.05,0,5870.25,3306.64,2563.61,5.0
103098,2023-12-30,South,Electronics,Bluetooth Speaker,In-Store,Premium Member,3,38219.18,0,114657.54,75241.82,39415.72,4.0
103099,2024-01-02,North,Beauty,Shampoo,Online,Premium Member,1,1097.01,5,1042.16,704.89,337.27,5.0
103100,2024-10-21,West,Clothing,T-Shirt,Online,New Customer,2,1219.54,0,2439.08,1509.26,929.82,5.0
103101,2024-01-06,North,Home & Kitchen,Cookware Set,Online,Returning Customer,5,7495.78,0,37478.9,24655.14,12823.76,3.0
103102,2023-04-26,North,Grocery,Tea Pack,Online,New Customer,1,204.86,5,194.62,119.59,75.03,
103103,2024-05-26,West,Beauty,Shampoo,In-Store,New Customer,4,1629.69,20,5215.01,4110.01,1105.0,5.0
103104,2023-04-09,North,Home & Kitchen,Cookware Set,In-Store,New Customer,1,4324.96,10,3892.46,2701.07,1191.39,2.0
103105,2024-02-12,East,Beauty,Sunscreen,Online,Premium Member,2,264.85,5,503.22,295.12,208.1,4.0
103106,2024-05-08,West,Beauty,Shampoo,In-Store,New Customer,5,1238.95,0,6194.75,3736.16,2458.59,5.0
103107,2023-04-17,West,Clothing,Dress,In-Store,Premium Member,1,1719.09,5,1633.14,1052.52,580.62,
103108,2023-10-05,East,Home & Kitchen,Mixer Grinder,In-Store,Returning Customer,4,9311.12,0,37244.48,23282.17,13962.31,3.0
103109,2024-09-05,East,Clothing,Dress,In-Store,New Customer,5,2249.63,0,11248.15,8198.69,3049.46,3.0
103110,2024-03-13,South,Beauty,Lipstick,Online,New Customer,3,413.67,0,1241.01,709.02,531.99,
103111,2023-02-26,East,Grocery,Tea Pack,Online,Returning Customer,2,791.39,5,1503.64,1019.5,484.14,4.0
103112,2024-03-11,South,Electronics,Smartphone,Online,New Customer,4,22705.02,0,90820.08,51638.07,39182.01,
103113,2023-12-03,West,Clothing,Jacket,In-Store,Returning Customer,4,3255.19,15,11067.65,9446.53,1621.12,5.0
103114,2024-10-27,West,Beauty,Lipstick,In-Store,Premium Member,1,1501.19,5,1426.13,832.26,593.87,2.0
103115,2023-11-21,North,Home & Kitchen,Mixer Grinder,Online,Returning Customer,1,5692.98,10,5123.68,3166.09,1957.59,5.0
103116,2024-01-07,North,Sports,Yoga Mat,In-Store,Returning Customer,4,4971.96,10,17899.06,11229.15,6669.91,4.0
103117,2023-04-17,East,Clothing,Dress,In-Store,Returning Customer,1,2463.97,5,2340.77,1796.38,544.39,5.0
103118,2023-04-05,West,Electronics,Laptop,In-Store,New Customer,5,13685.54,5,65006.32,48079.75,16926.57,
103119,2023-03-14,West,Sports,Running Shoes,In-Store,Returning Customer,3,2388.76,10,6449.65,4634.14,1815.51,4.0
103120,2024-06-21,West,Home & Kitchen,Cookware Set,Online,Premium Member,2,9784.55,5,18590.64,14512.07,4078.57,2.0
103121,2024-06-10,West,Home & Kitchen,Air Fryer,Online,New Customer,4,5105.96,15,17360.26,13460.81,3899.45,1.0
103122,2024-08-18,North,Beauty,Lipstick,In-Store,Premium Member,1,425.9,10,383.31,298.71,84.6,
103123,2023-01-16,West,Grocery,Rice 5kg,Online,Returning Customer,2,699.65,5,1329.33,922.28,407.05,5.0
103124,2023-11-14,South,Sports,Running Shoes,In-Store,Premium Member,5,5803.69,10,26116.6,16077.36,10039.24,5.0
103125,2024-07-19,South,Sports,Yoga Mat,Online,Returning Customer,4,1944.76,5,7390.09,4608.13,2781.96,
103126,2023-10-20,East,Electronics,Laptop,In-Store,Returning Customer,4,1285.94,0,5143.76,3305.08,1838.68,4.0
103127,2023-04-29,South,Grocery,Snacks Combo,Online,New Customer,2,581.54,0,1163.08,819.13,343.95,4.0
103128,2024-11-13,South,Grocery,Tea Pack,Online,Returning Customer,4,145.53,15,494.8,403.78,91.02,5.0
103129,2023-02-08,west,Grocery,Cooking Oil,In-Store,Returning Customer,4,827.56,0,3310.24,2444.87,865.37,3.0
103130,2024-11-19,East,Beauty,Shampoo,Online,Returning Customer,2,209.13,10,376.43,234.93,141.5,
103131,2024-12-04,South,Beauty,Shampoo,Online,Returning Customer,4,202.32,5,768.82,565.43,203.39,5.0
103132,2023-07-19,North,Clothing,Jeans,In-Store,New Customer,3,957.09,0,2871.27,1789.56,1081.71,4.0
103133,2023-05-02,East,Beauty,Lipstick,In-Store,Premium Member,1,1254.17,10,1128.75,887.37,241.38,
103134,2023-01-09,East,Grocery,Cooking Oil,Online,Premium Member,3,758.08,0,2274.24,1273.66,1000.58,3.0
103135,2024-05-09,North,Home & Kitchen,Vacuum Cleaner,Online,Premium Member,1,10146.3,10,9131.67,6443.05,2688.62,
103136,2023-02-25,East,Grocery,Snacks Combo,In-Store,Premium Member,3,116.58,0,349.74,228.72,121.02,5.0
103137,2024-04-22,East,Clothing,T-Shirt,In-Store,New Customer,1,1778.21,5,1689.3,1088.81,600.49,5.0
103138,2023-11-15,South,Clothing,Sneakers,In-Store,New Customer,5,3175.53,15,13496.0,9212.07,4283.93,
103139,2023-12-11,South,Grocery,Tea Pack,Online,Returning Customer,2,610.19,0,1220.38,726.55,493.83,3.0
103140,2023-08-26,North,Electronics,Headphones,Online,Returning Customer,2,15032.89,0,30065.78,19010.62,11055.16,
103141,2023-11-12,West,Beauty,Lipstick,Online,New Customer,3,1524.94,10,4117.34,3350.87,766.47,
103142,2023-05-14,North,Home & Kitchen,Vacuum Cleaner,Online,Returning Customer,3,10669.42,0,32008.26,18108.57,13899.69,5.0
103143,2023-03-11,South,Clothing,Jeans,In-Store,New Customer,5,1637.34,0,8186.7,6097.57,2089.13,5.0
103144,2024-11-30,North,Sports,Running Shoes,In-Store,Returning Customer,3,3331.37,10,8994.7,6042.46,2952.24,5.0
103145,2024-08-28,South,Sports,Yoga Mat,Online,Returning Customer,5,4696.16,0,23480.8,17505.69,5975.11,5.0
103146,2023-12-26,East,Grocery,Tea Pack,Online,Premium Member,4,254.34,10,915.62,719.5,196.12,
103147,2024-09-01,North,Electronics,Smartphone,In-Store,Returning Customer,4,10923.49,5,41509.26,30796.04,10713.22,5.0
103148,2024-12-06,East,Beauty,Sunscreen,Online,Returning Customer,4,563.31,5,2140.58,1684.01,456.57,5.0
103149,2023-10-22,East,Home & Kitchen,Vacuum Cleaner,Online,New Customer,3,4133.21,5,11779.65,6832.44,4947.21,5.0
103150,2023-06-20,North,Electronics,Smartwatch,In-Store,New Customer,5,28080.89,0,140404.45,91779.76,48624.69,4.0
103151,2023-09-03,West,Home & Kitchen,Air Fryer,In-Store,Returning Customer,2,7920.3,15,13464.51,9356.68,4107.83,4.0
103152,2023-01-02,East,Grocery,Snacks Combo,Online,New Customer,3,92.59,10,249.99,198.59,51.4,4.0
103153,2024-04-03,South,Grocery,Rice 5kg,Online,Returning Customer,1,307.95,0,307.95,216.21,91.74,
103154,2024-11-15,West,Home & Kitchen,Air Fryer,Online,Returning Customer,1,4068.89,15,3458.56,2382.92,1075.64,5.0
103155,2024-06-26,North,Sports,Dumbbells,In-Store,New Customer,5,4797.85,20,19191.4,15316.88,3874.52,
103156,2023-03-24,North,Clothing,Dress,In-Store,New Customer,2,1517.54,15,2579.82,2112.21,467.61,
103157,2024-10-18,North,Electronics,Smartphone,Online,Premium Member,1,32763.46,10,29487.11,22495.35,6991.76,
103158,2024-11-26,North,Clothing,Jacket,Online,New Customer,3,1537.21,0,4611.63,3410.37,1201.26,4.0
103159,2024-01-10,North,Beauty,Sunscreen,Online,Returning Customer,3,1546.96,0,4640.88,3304.76,1336.12,5.0
103160,2023-10-22,South,Electronics,Smartphone,Online,Returning Customer,2,7357.39,10,13243.3,8397.32,4845.98,4.0
103161,2024-05-01,North,Electronics,Laptop,Online,Returning Customer,2,21811.36,5,41441.58,25809.52,15632.06,4.0
103162,2024-11-12,North,Home & Kitchen,Vacuum Cleaner,Online,New Customer,4,3269.31,10,11769.52,8019.53,3749.99,2.0
103163,2023-11-23,North,Grocery,Rice 5kg,Online,Returning Customer,5,320.77,0,1603.85,968.77,635.08,
103164,2024-11-02,East,Sports,Cricket Bat,Online,New Customer,4,4543.48,5,17265.22,10409.23,6855.99,
103165,2024-02-13,East,Grocery,Snacks Combo,Online,Returning Customer,5,109.84,10,494.28,380.81,113.47,3.0
103166,2024-02-29,East,Home & Kitchen,Air Fryer,Online,Returning Customer,1,3147.4,10,2832.66,1794.71,1037.95,5.0
103167,2024-03-13,East,Beauty,Sunscreen,In-Store,Returning Customer,3,1314.65,0,3943.95,2421.81,1522.14,5.0
103168,2023-04-21,North,Sports,Running Shoes,Online,New Customer,4,3819.45,10,13750.02,9911.41,3838.61,4.0
103169,2023-11-25,South,Grocery,Cooking Oil,Online,New Customer,5,185.98,0,929.9,637.97,291.93,
103170,2024-12-25,West,Home & Kitchen,Vacuum Cleaner,In-Store,Premium Member,2,11913.63,0,23827.26,14261.82,9565.44,4.0
103171,2024-05-28,North,Electronics,Smartwatch,Online,New Customer,5,29594.68,15,125777.39,99894.68,25882.71,4.0
103172,2024-09-08,West,Clothing,T-Shirt,In-Store,,1,1484.25,10,1335.82,837.07,498.75,4.0
103173,2024-11-06,West,Beauty,Sunscreen,Online,Premium Member,2,1268.58,10,2283.44,1578.97,704.47,5.0
103174,2024-03-08,East,Home & Kitchen,Cookware Set,In-Store,,3,3746.0,0,11238.0,6562.3,4675.7,2.0
103175,2023-02-23,South,Clothing,Jeans,Online,Premium Member,4,3120.71,15,10610.41,8746.08,1864.33,5.0
103176,2023-02-21,North,Beauty,Lipstick,Online,New Customer,4,1206.76,0,4827.04,2913.15,1913.89,2.0
103177,2023-04-05,East,Electronics,Bluetooth Speaker,Online,Returning Customer,2,11495.6,0,22991.2,15526.09,7465.11,
103178,2024-12-09,North,Beauty,Shampoo,Online,Returning Customer,5,1027.05,10,4621.73,2940.36,1681.37,
103179,2024-01-15,East,Beauty,Face Wash,Online,Premium Member,4,1205.6,0,4822.4,3100.93,1721.47,4.0
103180,2023-06-21,East,Clothing,Dress,In-Store,New Customer,2,931.03,10,1675.85,1088.83,587.02,
103181,2023-12-12,North,Sports,Running Shoes,Online,Returning Customer,2,1996.02,0,3992.04,2988.09,1003.95,1.0
103182,2024-12-25,South,Home & Kitchen,Air Fryer,Online,Premium Member,3,2448.86,10,6611.92,5069.38,1542.54,
103183,2024-09-14,West,Grocery,Rice 5kg,Online,,3,725.31,5,2067.13,1512.18,554.95,
103184,2023-01-08,East,Grocery,Cooking Oil,In-Store,Returning Customer,2,749.06,5,1423.21,1119.84,303.37,2.0
103185,2024-11-29,East,Home & Kitchen,Vacuum Cleaner,In-Store,New Customer,1,9694.82,5,9210.08,5456.34,3753.74,5.0
103186,2024-10-27,South,Electronics,Headphones,Online,New Customer,2,22101.73,15,37572.94,29396.52,8176.42,5.0
103187,2024-11-04,North,Clothing,Jeans,Online,Returning Customer,4,1576.41,10,5675.08,4090.53,1584.55,
103188,2024-09-12,South,Beauty,Shampoo,In-Store,Returning Customer,5,738.33,10,3322.48,2168.44,1154.04,5.0
103189,2024-12-22,North,Sports,Cricket Bat,In-Store,Returning Customer,5,533.76,10,2401.92,1773.88,628.04,4.0
103190,2023-11-11,South,Beauty,Face Wash,Online,New Customer,3,1192.27,15,3040.29,2094.78,945.51,4.0
103191,2024-05-27,North,Clothing,Sneakers,Online,Premium Member,4,2407.44,0,9629.76,6225.61,3404.15,
103192,2023-04-05,North,Electronics,Laptop,In-Store,Premium Member,4,26967.93,0,107871.72,66317.62,41554.1,4.0
103193,2023-09-02,North,Sports,Dumbbells,In-Store,Premium Member,2,5903.29,10,10625.92,7373.95,3251.97,
103194,2024-06-04,East,Home & Kitchen,Air Fryer,Online,Premium Member,2,7463.51,0,14927.02,9399.69,5527.33,5.0
103195,2024-05-20,East,Beauty,Sunscreen,Online,Premium Member,2,510.44,0,1020.88,582.84,438.04,4.0
103196,2024-12-04,West,Sports,Yoga Mat,Online,New Customer,5,2022.46,20,8089.84,7483.47,606.37,4.0
103197,2023-09-24,East,Electronics,Smartphone,Online,Returning Customer,1,2468.88,10,2221.99,1715.93,506.06,5.0
103198,2023-05-05,South,Sports,Yoga Mat,Online,New Customer,3,2340.66,10,6319.78,4612.94,1706.84,
103199,2024-01-12,North,Home & Kitchen,Vacuum Cleaner,Online,Premium Member,2,2530.27,0,5060.54,3213.07,1847.47,
103200,2023-04-05,South,Beauty,Lipstick,In-Store,New Customer,4,1172.96,0,4691.84,3170.87,1520.97,
103201,2024-06-13,West,Grocery,Cooking Oil,Online,Premium Member,4,648.65,0,2594.6,1701.24,893.36,4.0
103202,2023-07-03,South,Sports,Running Shoes,Online,Premium Member,5,2263.49,10,10185.7,7893.15,2292.55,4.0
103203,2024-11-14,East,Grocery,Snacks Combo,Online,Premium Member,4,496.59,5,1887.04,1184.68,702.36,
103204,2023-03-20,South,Grocery,Cooking Oil,Online,Returning Customer,3,795.85,20,1910.04,1476.8,433.24,5.0
103205,2024-06-21,East,Grocery,Cooking Oil,In-Store,New Customer,2,616.13,0,1232.26,690.22,542.04,3.0
103206,2023-06-25,East,Beauty,Shampoo,Online,New Customer,5,782.01,0,3910.05,2239.43,1670.62,5.0
103207,2024-01-02,North,Sports,Dumbbells,In-Store,New Customer,4,2855.19,5,10849.72,7407.47,3442.25,5.0
103208,2023-12-14,North,Electronics,Headphones,Online,New Customer,1,6517.86,10,5866.07,3849.06,2017.01,
103209,2023-07-08,West,Sports,Running Shoes,Online,Returning Customer,3,2462.27,0,7386.81,4935.91,2450.9,
103210,2024-11-25,South,Sports,Cricket Bat,Online,Premium Member,2,2123.84,0,4247.68,2735.98,1511.7,5.0
103211,2023-12-30,west,Electronics,Headphones,In-Store,Returning Customer,2,15067.99,0,30135.98,18577.31,11558.67,
103212,2023-08-27,East,Grocery,Snacks Combo,In-Store,New Customer,1,731.93,0,731.93,415.26,316.67,4.0
103213,2023-02-28,West,Grocery,Snacks Combo,Online,Returning Customer,2,366.5,0,733.0,458.54,274.46,4.0
103214,2023-03-11,North,Beauty,Sunscreen,In-Store,New Customer,3,255.92,5,729.37,482.1,247.27,
103215,2023-10-19,North,Home & Kitchen,Air Fryer,In-Store,Premium Member,3,2253.76,0,6761.28,5050.33,1710.95,5.0
103216,2024-09-13,West,Clothing,T-Shirt,In-Store,New Customer,2,1003.75,0,2007.5,1452.02,555.48,4.0
103217,2023-05-22,North,Home & Kitchen,Air Fryer,In-Store,Returning Customer,4,4191.47,10,15089.29,12000.33,3088.96,3.0
103218,2024-06-29,North,Sports,Cricket Bat,In-Store,New Customer,3,3950.69,0,11852.07,7818.51,4033.56,5.0
103219,2024-04-09,North,Grocery,Snacks Combo,Online,Returning Customer,3,97.78,10,264.01,192.17,71.84,5.0
103220,2024-07-26,East,Home & Kitchen,Vacuum Cleaner,Online,New Customer,1,3761.89,20,3009.51,2301.11,708.4,2.0
103221,2023-04-01,South,Grocery,Cooking Oil,Online,New Customer,2,616.82,10,1110.28,915.71,194.57,2.0
103222,2024-07-06,East,Electronics,Laptop,Online,Returning Customer,1,38280.18,15,32538.15,28129.32,4408.83,5.0
103223,2024-10-02,North,Grocery,Tea Pack,Online,New Customer,1,665.07,0,665.07,371.1,293.97,
103224,2024-05-20,South,Electronics,Bluetooth Speaker,In-Store,Premium Member,3,15140.4,5,43150.14,31112.5,12037.64,3.0
103225,2024-07-05,East,Beauty,Face Wash,Online,Premium Member,5,1740.16,5,8265.76,6436.95,1828.81,4.0
103226,2024-10-08,East,Sports,Cricket Bat,Online,New Customer,1,1894.99,0,1894.99,1278.69,616.3,4.0
103227,2024-09-05,South,Electronics,Bluetooth Speaker,In-Store,New Customer,4,21577.62,0,86310.48,51330.42,34980.06,5.0
103228,2023-06-29,South,Electronics,Headphones,Online,Returning Customer,4,16854.71,5,64047.9,44292.25,19755.65,3.0
103229,2024-02-11,South,Grocery,Rice 5kg,Online,Returning Customer,3,460.55,5,1312.57,954.86,357.71,3.0
103230,2023-07-30,North,Clothing,Sneakers,Online,New Customer,5,1301.26,0,6506.3,4028.13,2478.17,4.0
103231,2024-10-18,East,Electronics,Smartphone,In-Store,Returning Customer,1,15733.25,0,15733.25,8789.95,6943.3,
103232,2024-09-21,West,Home & Kitchen,Air Fryer,Online,Returning Customer,3,10483.55,0,31450.65,22958.65,8492.0,
103233,2023-08-09,East,Sports,Dumbbells,Online,Returning Customer,4,695.89,0,2783.56,1787.55,996.01,
103234,2023-07-22,North,Electronics,Smartphone,Online,Premium Member,4,9625.22,10,34650.79,21884.27,12766.52,5.0
103235,2024-03-03,West,Clothing,T-Shirt,In-Store,Returning Customer,4,2823.14,10,10163.3,7031.85,3131.45,4.0
103236,2023-05-22,South,Grocery,Rice 5kg,In-Store,New Customer,1,790.1,10,711.09,561.1,149.99,5.0
103237,2023-10-08,West,Home & Kitchen,Vacuum Cleaner,In-Store,,4,10197.68,5,38751.18,23814.94,14936.24,
103238,2024-05-16,South,Clothing,Dress,In-Store,Returning Customer,3,1492.12,5,4252.54,2798.45,1454.09,4.0
103239,2024-12-30,North,Sports,Yoga Mat,Online,New Customer,5,438.28,10,1972.26,1273.14,699.12,5.0
103240,2023-02-27,north,Electronics,Smartwatch,Online,Returning Customer,1,18842.42,5,17900.3,10380.62,7519.68,5.0
103241,2023-09-25,North,Grocery,Tea Pack,Online,Returning Customer,3,404.66,0,1213.98,832.66,381.32,5.0
103242,2024-12-10,South,Electronics,Bluetooth Speaker,Online,New Customer,4,9436.03,10,33969.71,24806.91,9162.8,5.0
103243,2023-12-02,West,Home & Kitchen,Air Fryer,Online,New Customer,5,991.68,0,4958.4,2845.07,2113.33,2.0
103244,2024-01-16,North,Electronics,Laptop,In-Store,Premium Member,5,11727.35,10,52773.08,34582.18,18190.9,
103245,2023-07-26,North,Sports,Running Shoes,Online,New Customer,4,5804.27,0,23217.08,17199.87,6017.21,
103246,2024-11-11,West,Sports,Dumbbells,In-Store,Returning Customer,5,1721.44,0,8607.2,4806.02,3801.18,3.0
103247,2023-11-18,West,Electronics,Smartphone,In-Store,New Customer,4,5630.96,5,21397.65,13894.75,7502.9,5.0
103248,2024-10-23,South,Grocery,Cooking Oil,Online,New Customer,3,94.8,15,241.74,199.42,42.32,
103249,2023-10-06,South,Electronics,Smartphone,Online,Premium Member,1,35141.34,0,35141.34,22021.64,13119.7,3.0
103250,2024-09-22,East,Electronics,Smartwatch,In-Store,New Customer,5,7096.69,10,31935.1,21565.92,10369.18,5.0
103251,2024-02-06,North,Grocery,Rice 5kg,Online,Returning Customer,3,395.63,0,1186.89,767.66,419.23,
103252,2024-06-14,South,Clothing,Jeans,Online,New Customer,1,1800.99,15,1530.84,1267.54,263.3,4.0
103253,2023-04-09,North,Beauty,Lipstick,In-Store,Returning Customer,4,1492.67,5,5672.15,3934.59,1737.56,5.0
103254,2024-06-15,South,Home & Kitchen,Vacuum Cleaner,In-Store,Premium Member,1,3690.15,0,3690.15,2302.47,1387.68,
103255,2023-09-04,East,Sports,Cricket Bat,Online,New Customer,5,1401.6,15,5956.8,4800.49,1156.31,
103256,2023-01-17,West,Grocery,Rice 5kg,In-Store,Premium Member,1,619.49,0,619.49,408.08,211.41,5.0
103257,2023-01-20,East,Home & Kitchen,Mixer Grinder,In-Store,Returning Customer,4,6764.34,0,27057.36,15841.06,11216.3,
103258,2023-07-16,West,Grocery,Rice 5kg,Online,New Customer,1,479.35,5,455.38,302.7,152.68,2.0
103259,2024-08-03,North,Grocery,Cooking Oil,In-Store,New Customer,1,484.57,10,436.11,322.93,113.18,5.0
103260,2023-09-14,West,Electronics,Headphones,In-Store,Returning Customer,5,12721.07,5,60425.08,36572.29,23852.79,5.0
103261,2024-04-29,South,Beauty,Shampoo,In-Store,New Customer,5,694.44,20,2777.76,2460.35,317.41,3.0
103262,2024-09-12,South,Clothing,T-Shirt,In-Store,New Customer,1,1307.02,0,1307.02,893.4,413.62,5.0
103263,2023-11-25,West,Sports,Yoga Mat,Online,Returning Customer,5,4109.21,15,17464.14,15283.67,2180.47,
103264,2024-12-29,North,Grocery,Cooking Oil,Online,New Customer,2,246.29,15,418.69,322.86,95.83,
103265,2023-09-08,South,Grocery,Rice 5kg,Online,Returning Customer,1,152.28,10,137.05,98.42,38.63,5.0
103266,2024-09-26,South,Sports,Dumbbells,Online,Returning Customer,2,1000.61,10,1801.1,1108.69,692.41,
103267,2024-06-22,East,Clothing,Sneakers,Online,Returning Customer,4,503.87,0,2015.48,1258.35,757.13,3.0
103268,2023-01-06,North,Home & Kitchen,Air Fryer,Online,New Customer,2,6723.73,15,11430.34,9631.12,1799.22,4.0
103269,2023-08-04,East,Sports,Running Shoes,In-Store,New Customer,4,3862.36,0,15449.44,10547.35,4902.09,
103270,2024-11-20,West,Sports,Cricket Bat,Online,New Customer,4,1412.8,0,5651.2,3552.45,2098.75,
103271,2023-07-25,East,Electronics,Bluetooth Speaker,Online,New Customer,4,29843.71,10,107437.36,70417.0,37020.36,4.0
103272,2024-04-22,North,Clothing,T-Shirt,In-Store,New Customer,5,1388.76,10,6249.42,5147.75,1101.67,5.0
103273,2023-02-24,North,Home & Kitchen,Vacuum Cleaner,Online,New Customer,5,2055.2,5,9762.2,6378.0,3384.2,4.0
103274,2024-01-07,West,Beauty,Sunscreen,Online,Premium Member,3,1743.87,0,5231.61,2947.92,2283.69,4.0
103275,2023-11-16,North,Beauty,Lipstick,In-Store,Returning Customer,4,702.65,0,2810.6,2077.56,733.04,
103276,2024-06-26,West,Grocery,Snacks Combo,Online,New Customer,3,855.76,10,2310.55,1417.12,893.43,5.0
103277,2024-11-09,East,Beauty,Shampoo,In-Store,Returning Customer,3,950.46,0,2851.38,1925.49,925.89,5.0
103278,2023-07-31,West,Electronics,Smartphone,In-Store,Returning Customer,1,42716.83,5,40580.99,25941.12,14639.87,2.0
103279,2023-03-20,North,Clothing,T-Shirt,Online,Returning Customer,1,599.16,20,479.33,335.45,143.88,
103280,2023-10-22,West,Beauty,Shampoo,In-Store,New Customer,3,1298.64,0,3895.92,2265.95,1629.97,4.0
103281,2023-06-07,North,Sports,Running Shoes,Online,New Customer,2,3437.33,5,6530.93,4742.1,1788.83,
103282,2024-11-17,West,Beauty,Lipstick,In-Store,New Customer,1,736.66,5,699.83,550.55,149.28,1.0
103283,2024-12-28,East,Grocery,Snacks Combo,Online,Returning Customer,1,162.93,20,130.34,117.19,13.15,3.0
103284,2023-07-25,East,Clothing,Sneakers,Online,Returning Customer,5,2783.41,10,12525.34,9303.37,3221.97,4.0
103285,2023-02-12,West,Clothing,Jacket,Online,Premium Member,1,481.42,5,457.35,343.61,113.74,
103286,2024-11-14,West,Beauty,Sunscreen,Online,New Customer,1,1046.93,0,1046.93,746.24,300.69,5.0
103287,2023-02-17,East,Grocery,Snacks Combo,In-Store,Returning Customer,5,417.7,0,2088.5,1400.8,687.7,4.0
103288,2023-03-08,East,Grocery,Cooking Oil,In-Store,Returning Customer,1,236.18,0,236.18,140.75,95.43,5.0
103289,2024-01-05,South,Home & Kitchen,Air Fryer,Online,Returning Customer,4,4165.63,5,15829.39,10739.08,5090.31,
103290,2024-05-18,West,Sports,Running Shoes,In-Store,New Customer,2,2656.0,5,5046.4,3034.34,2012.06,
103291,2023-05-02,South,Electronics,Laptop,In-Store,New Customer,1,19947.76,5,18950.37,14407.67,4542.7,
103292,2023-04-04,South,Clothing,Dress,Online,New Customer,4,644.89,5,2450.58,1660.02,790.56,4.0
103293,2024-01-20,South,Electronics,Smartphone,Online,Returning Customer,4,43025.54,10,154891.94,114795.07,40096.87,
103294,2023-08-29,West,Electronics,Laptop,In-Store,Premium Member,1,16010.66,0,16010.66,9211.68,6798.98,3.0
103295,2024-08-09,South,Sports,Dumbbells,Online,Returning Customer,1,932.38,0,932.38,660.37,272.01,4.0
103296,2024-06-04,South,Sports,Running Shoes,Online,New Customer,3,877.78,10,2370.01,1651.28,718.73,5.0
103297,2023-05-31,South,Sports,Yoga Mat,In-Store,New Customer,2,4004.09,0,8008.18,5478.09,2530.09,3.0
103298,2024-11-22,North,Grocery,Tea Pack,Online,Premium Member,4,80.12,5,304.46,176.89,127.57,4.0
103299,2024-10-14,south,Clothing,Sneakers,In-Store,Returning Customer,5,3440.02,0,17200.1,12782.75,4417.35,
103300,2024-07-12,North,Grocery,Rice 5kg,Online,New Customer,2,498.19,5,946.56,664.41,282.15,5.0
103301,2024-06-25,North,Beauty,Lipstick,In-Store,Premium Member,2,1301.74,0,2603.48,1552.51,1050.97,4.0
103302,2023-05-19,South,Sports,Yoga Mat,Online,Returning Customer,1,2465.93,10,2219.34,1400.77,818.57,
103303,2024-12-04,South,Electronics,Laptop,Online,Premium Member,5,20593.07,0,102965.35,56655.0,46310.35,
103304,2023-03-22,East,Sports,Yoga Mat,Online,New Customer,3,5118.0,15,13050.9,8978.62,4072.28,4.0
103305,2024-01-18,West,Home & Kitchen,Air Fryer,Online,New Customer,3,6352.92,0,19058.76,10815.26,8243.5,5.0
103306,2024-06-23,North,Grocery,Rice 5kg,Online,Premium Member,1,473.06,5,449.41,317.12,132.29,5.0
103307,2024-11-04,North,Home & Kitchen,Vacuum Cleaner,In-Store,Returning Customer,3,3094.04,5,8818.01,6027.35,2790.66,
103308,2023-05-06,South,Home & Kitchen,Cookware Set,Online,Returning Customer,1,11933.01,10,10739.71,7799.21,2940.5,5.0
103309,2024-01-28,East,Electronics,Smartphone,Online,Returning Customer,2,28313.79,5,53796.2,40770.02,13026.18,5.0
103310,2023-12-10,East,Home & Kitchen,Mixer Grinder,In-Store,Premium Member,3,5649.76,5,16101.82,9720.93,6380.89,4.0
103311,2024-04-07,West,Sports,Running Shoes,Online,New Customer,2,2521.43,0,5042.86,3269.65,1773.21,4.0
103312,2024-01-20,East,Electronics,Smartwatch,In-Store,New Customer,2,27395.24,15,46571.91,39642.4,6929.51,4.0
103313,2023-11-04,West,Grocery,Rice 5kg,In-Store,Returning Customer,2,350.14,0,700.28,388.4,311.88,
103314,2023-06-20,South,Home & Kitchen,Cookware Set,Online,New Customer,2,10972.39,0,21944.78,14715.57,7229.21,5.0
103315,2024-11-17,North,Sports,Dumbbells,Online,Returning Customer,3,4384.52,5,12495.88,8147.76,4348.12,5.0
103316,2023-05-05,North,Sports,Running Shoes,Online,New Customer,1,3666.06,0,3666.06,2668.42,997.64,4.0
103317,2023-12-06,South,Sports,Cricket Bat,Online,Returning Customer,3,1744.73,5,4972.48,3411.24,1561.24,
103318,2024-06-23,East,Grocery,Snacks Combo,In-Store,New Customer,1,471.21,20,376.97,290.71,86.26,5.0
103319,2024-04-09,West,Beauty,Face Wash,In-Store,New Customer,2,1252.32,5,2379.41,1788.57,590.84,4.0
103320,2024-10-22,North,Electronics,Smartwatch,In-Store,New Customer,1,44294.73,5,42079.99,30484.14,11595.85,4.0
103321,2023-07-23,East,Grocery,Rice 5kg,In-Store,Returning Customer,1,875.18,0,875.18,582.55,292.63,5.0
103322,2024-09-21,North,Beauty,Face Wash,Online,New Customer,5,1286.01,5,6108.55,3906.28,2202.27,1.0
103323,2023-03-13,North,Clothing,Jeans,Online,New Customer,5,2226.23,20,8904.92,8246.11,658.81,
103324,2024-09-14,West,Sports,Yoga Mat,Online,New Customer,5,1724.38,0,8621.9,5122.87,3499.03,2.0
103325,2024-08-09,North,Sports,Dumbbells,Online,Returning Customer,1,1676.77,0,1676.77,1184.13,492.64,5.0
103326,2024-04-28,North,Grocery,Cooking Oil,Online,Returning Customer,2,470.44,10,846.79,645.35,201.44,
103327,2023-12-23,South,Sports,Dumbbells,Online,New Customer,4,5078.01,5,19296.44,12483.52,6812.92,3.0
103328,2023-01-02,East,Beauty,Shampoo,In-Store,New Customer,5,1698.73,0,8493.65,5981.19,2512.46,4.0
103329,2023-11-27,West,Electronics,Headphones,In-Store,New Customer,2,24375.4,0,48750.8,27397.4,21353.4,4.0
103330,2023-02-15,North,Home & Kitchen,Vacuum Cleaner,Online,Returning Customer,2,8631.06,0,17262.12,12483.84,4778.28,1.0
103331,2023-05-18,North,Sports,Dumbbells,In-Store,Returning Customer,1,519.91,10,467.92,323.98,143.94,4.0
103332,2024-11-11,East,Sports,Dumbbells,In-Store,Returning Customer,4,4764.88,10,17153.57,11421.6,5731.97,5.0
103333,2023-09-01,South,Grocery,Tea Pack,Online,Returning Customer,4,791.31,0,3165.24,1934.13,1231.11,5.0
103334,2023-02-15,West,Grocery,Snacks Combo,In-Store,New Customer,5,426.94,0,2134.7,1510.5,624.2,5.0
103335,2023-05-13,East,Electronics,Bluetooth Speaker,In-Store,Returning Customer,2,5721.14,20,9153.82,8507.74,646.08,5.0
103336,2024-06-28,South,Clothing,Jeans,Online,New Customer,3,2652.95,20,6367.08,4545.51,1821.57,
103337,2023-12-15,West,Clothing,T-Shirt,Online,,2,2758.12,0,5516.24,3054.68,2461.56,
103338,2023-07-11,West,Electronics,Bluetooth Speaker,In-Store,Premium Member,4,3690.11,15,12546.37,10791.57,1754.8,2.0
103339,2024-02-22,East,Electronics,Smartwatch,Online,New Customer,4,5267.72,20,16856.7,12495.99,4360.71,
103340,2023-09-10,West,Grocery,Snacks Combo,Online,Returning Customer,3,406.5,15,1036.58,706.37,330.21,
103341,2023-01-24,East,Home & Kitchen,Air Fryer,Online,Returning Customer,3,6674.41,5,19022.07,11183.48,7838.59,5.0
103342,2024-06-11,West,Clothing,Sneakers,In-Store,New Customer,4,724.59,0,2898.36,1880.63,1017.73,
103343,2024-09-20,East,Grocery,Tea Pack,In-Store,Premium Member,5,516.26,5,2452.24,1762.79,689.45,
103344,2023-04-06,West,Clothing,Jeans,In-Store,New Customer,1,3071.03,0,3071.03,2228.24,842.79,
103345,2023-03-04,East,Clothing,Dress,Online,Returning Customer,1,1790.37,5,1700.85,1319.81,381.04,3.0
103346,2023-08-17,North,Sports,Yoga Mat,Online,Returning Customer,4,710.64,0,2842.56,1857.09,985.47,
103347,2023-10-20,East,Grocery,Rice 5kg,In-Store,New Customer,4,356.37,10,1282.93,832.67,450.26,
103348,2024-02-03,South,Electronics,Smartwatch,Online,Premium Member,5,42387.62,0,211938.1,124598.59,87339.51,4.0
103349,2023-07-05,East,Grocery,Rice 5kg,Online,Premium Member,4,839.26,20,2685.63,2370.56,315.07,4.0
103350,2023-07-09,East,Beauty,Sunscreen,In-Store,Returning Customer,5,295.21,0,1476.05,1059.33,416.72,5.0
103351,2023-04-07,West,Clothing,Dress,Online,Premium Member,5,1112.64,0,5563.2,3695.0,1868.2,3.0
103352,2023-11-02,South,Grocery,Rice 5kg,Online,Returning Customer,3,647.93,0,1943.79,1126.71,817.08,4.0
103353,2024-11-13,North,Home & Kitchen,Mixer Grinder,In-Store,New Customer,2,8797.62,10,15835.72,13193.48,2642.24,
103354,2024-08-09,South,Sports,Yoga Mat,Online,Returning Customer,4,3236.65,0,12946.6,9423.53,3523.07,4.0
103355,2023-09-12,North,Electronics,Smartwatch,Online,New Customer,4,36557.36,15,124295.02,103469.56,20825.46,5.0
103356,2023-06-30,North,Sports,Cricket Bat,In-Store,Returning Customer,1,3813.51,0,3813.51,2628.06,1185.45,3.0
103357,2023-02-28,East,Electronics,Bluetooth Speaker,Online,New Customer,1,31508.77,10,28357.89,17998.4,10359.49,5.0
103358,2024-01-13,South,Electronics,Smartphone,In-Store,New Customer,4,21528.95,5,81810.01,53789.0,28021.01,4.0
103359,2023-05-02,North,Beauty,Sunscreen,In-Store,Returning Customer,2,1648.91,0,3297.82,1902.14,1395.68,
103360,2024-12-31,North,Clothing,Dress,Online,Returning Customer,2,815.02,0,1630.04,1048.53,581.51,
103361,2023-09-26,North,Home & Kitchen,Mixer Grinder,Online,Returning Customer,5,4529.81,5,21516.6,15097.39,6419.21,3.0
103362,2023-06-11,North,Beauty,Sunscreen,In-Store,New Customer,1,1748.79,10,1573.91,976.72,597.19,
103363,2023-06-15,North,Electronics,Smartwatch,Online,New Customer,2,21471.76,0,42943.52,28681.15,14262.37,4.0
103364,2023-01-17,North,Grocery,Tea Pack,In-Store,New Customer,2,365.7,10,658.26,405.02,253.24,4.0
103365,2024-02-09,North,Home & Kitchen,Cookware Set,Online,Premium Member,5,6620.14,5,31445.66,22885.94,8559.72,1.0
103366,2023-03-04,West,Beauty,Lipstick,Online,New Customer,3,1694.33,20,4066.39,3236.62,829.77,
103367,2024-12-06,North,Sports,Running Shoes,Online,New Customer,2,5650.37,0,11300.74,8064.94,3235.8,4.0
103368,2023-06-16,North,Sports,Yoga Mat,Online,Returning Customer,3,5553.37,0,16660.11,10702.35,5957.76,3.0
103369,2024-07-28,North,Clothing,Jacket,In-Store,New Customer,3,3058.17,10,8257.06,5265.01,2992.05,4.0
103370,2023-12-24,East,Electronics,Headphones,Online,Premium Member,2,22049.04,0,44098.08,32878.98,11219.1,5.0
103371,2024-03-26,South,Home & Kitchen,Air Fryer,Online,New Customer,3,7483.8,5,21328.83,13076.86,8251.97,
103372,2024-09-13,South,Clothing,Dress,In-Store,Returning Customer,3,502.33,10,1356.29,939.58,416.71,
103373,2024-10-03,North,Grocery,Rice 5kg,In-Store,New Customer,2,234.48,5,445.51,348.13,97.38,4.0
103374,2023-09-01,East,Clothing,T-Shirt,Online,Premium Member,5,2830.99,15,12031.71,9086.17,2945.54,1.0
103375,2024-12-10,East,Clothing,Jeans,In-Store,New Customer,1,1897.7,0,1897.7,1418.87,478.83,5.0
103376,2024-11-07,South,Clothing,Jeans,In-Store,New Customer,5,2873.86,10,12932.37,9681.72,3250.65,
103377,2023-09-21,West,Electronics,Bluetooth Speaker,Online,Returning Customer,4,44726.34,10,161014.82,119103.74,41911.08,5.0
103378,2023-12-21,West,Beauty,Lipstick,Online,New Customer,2,995.39,5,1891.24,1192.29,698.95,5.0
103379,2024-07-11,East,Clothing,Sneakers,In-Store,Returning Customer,2,1314.38,5,2497.32,1765.18,732.14,4.0
103380,2024-11-09,North,Clothing,T-Shirt,In-Store,Returning Customer,1,2725.0,15,2316.25,1786.49,529.76,
103381,2024-08-06,East,Sports,Dumbbells,Online,New Customer,5,4031.63,5,19150.24,14741.62,4408.62,4.0
103382,2024-11-21,West,Sports,Dumbbells,Online,Returning Customer,1,2934.36,5,2787.64,1971.24,816.4,3.0
103383,2024-03-05,West,Grocery,Snacks Combo,In-Store,Premium Member,4,365.63,5,1389.39,866.81,522.58,
103384,2023-06-29,East,Electronics,Smartphone,Online,,1,23737.18,20,18989.74,15449.65,3540.09,5.0
103385,2023-07-04,south,Beauty,Shampoo,Online,New Customer,2,775.71,5,1473.85,898.04,575.81,
103386,2024-08-14,East,Home & Kitchen,Vacuum Cleaner,In-Store,New Customer,3,4444.57,0,13333.71,9568.4,3765.31,4.0
103387,2024-10-08,East,Sports,Cricket Bat,Online,New Customer,3,1231.64,5,3510.17,2370.23,1139.94,5.0
103388,2023-11-25,West,Sports,Running Shoes,In-Store,Premium Member,3,3804.74,10,10272.8,8373.67,1899.13,
103389,2023-08-07,North,Home & Kitchen,Air Fryer,Online,New Customer,4,9963.17,0,39852.68,23971.72,15880.96,4.0
103390,2023-06-23,North,Grocery,Snacks Combo,In-Store,Returning Customer,1,296.12,0,296.12,190.7,105.42,2.0
103391,2023-01-24,North,Sports,Running Shoes,In-Store,New Customer,2,2181.19,0,4362.38,2532.24,1830.14,1.0
103392,2023-03-15,East,Clothing,Dress,In-Store,Returning Customer,4,869.45,5,3303.91,2518.23,785.68,
103393,2023-04-28,West,Grocery,Snacks Combo,Online,Premium Member,2,569.66,0,1139.32,801.17,338.15,5.0
103394,2024-10-14,North,Beauty,Shampoo,Online,Returning Customer,1,993.05,10,893.74,592.6,301.14,4.0
103395,2024-03-12,East,Electronics,Smartphone,Online,New Customer,2,18956.04,10,34120.87,26401.83,7719.04,5.0
103396,2023-06-29,South,Beauty,Sunscreen,Online,Premium Member,2,576.13,15,979.42,700.59,278.83,3.0
103397,2024-03-17,East,Clothing,Jacket,In-Store,Returning Customer,2,2863.62,5,5440.88,4117.36,1323.52,
103398,2023-01-25,South,Beauty,Lipstick,Online,Returning Customer,1,544.61,0,544.61,401.68,142.93,5.0
103399,2023-03-11,South,Grocery,Cooking Oil,Online,New Customer,3,720.31,0,2160.93,1503.13,657.8,
103400,2023-11-08,East,Home & Kitchen,Mixer Grinder,In-Store,New Customer,2,3977.31,20,6363.7,5297.73,1065.97,4.0
103401,2023-12-29,West,Beauty,Shampoo,In-Store,Returning Customer,2,763.3,20,1221.28,891.88,329.4,
103402,2023-06-04,East,Clothing,T-Shirt,Online,Premium Member,4,320.82,0,1283.28,914.87,368.41,5.0
103403,2024-09-18,West,Beauty,Face Wash,Online,New Customer,5,1459.25,15,6201.81,4540.66,1661.15,
103404,2024-08-20,South,Grocery,Tea Pack,In-Store,New Customer,2,496.63,10,893.93,615.75,278.18,4.0
103405,2023-03-01,East,Clothing,T-Shirt,In-Store,Returning Customer,4,1907.37,5,7248.01,4674.09,2573.92,4.0
103406,2023-01-12,East,Electronics,Bluetooth Speaker,Online,New Customer,1,14135.99,5,13429.19,10500.29,2928.9,4.0
103407,2023-09-23,North,Clothing,T-Shirt,Online,New Customer,2,2165.97,0,4331.94,3125.41,1206.53,5.0
103408,2023-01-05,East,Sports,Yoga Mat,Online,Premium Member,3,5545.67,10,14973.31,10537.72,4435.59,5.0
103409,2023-10-15,East,Home & Kitchen,Vacuum Cleaner,In-Store,New Customer,1,8501.13,10,7651.02,6128.83,1522.19,4.0
103410,2023-12-13,North,Grocery,Snacks Combo,In-Store,New Customer,4,895.02,10,3222.07,2598.17,623.9,
103411,2024-10-29,South,Sports,Cricket Bat,Online,Returning Customer,3,5528.33,10,14926.49,12171.62,2754.87,3.0
103412,2023-07-17,East,Clothing,Sneakers,Online,New Customer,3,1868.65,5,5325.65,3893.28,1432.37,5.0
103413,2024-04-24,West,Beauty,Shampoo,Online,Premium Member,4,280.04,10,1008.14,764.08,244.06,
103414,2023-07-06,South,Electronics,Headphones,In-Store,New Customer,5,39342.77,0,196713.85,111006.69,85707.16,
103415,2023-01-05,West,Sports,Yoga Mat,Online,Returning Customer,5,2111.52,15,8973.96,6614.61,2359.35,
103416,2024-06-27,East,Sports,Dumbbells,Online,New Customer,2,3640.53,0,7281.06,4621.55,2659.51,1.0
103417,2024-09-24,East,Electronics,Smartwatch,In-Store,New Customer,3,10202.29,5,29076.53,20959.45,8117.08,
103418,2024-03-29,East,Clothing,Jacket,Online,Returning Customer,3,1395.51,20,3349.22,2767.67,581.55,5.0
103419,2024-10-04,North,Clothing,Dress,Online,New Customer,3,2022.29,5,5763.53,4545.68,1217.85,
103420,2023-05-23,West,Clothing,Jeans,Online,Premium Member,5,3470.44,0,17352.2,11867.82,5484.38,
103421,2023-03-18,West,Clothing,Sneakers,Online,Returning Customer,2,2893.75,0,5787.5,4319.47,1468.03,
103422,2023-05-07,East,Home & Kitchen,Cookware Set,Online,New Customer,2,4686.4,5,8904.16,5864.12,3040.04,4.0
103423,2024-06-09,West,Clothing,Sneakers,Online,New Customer,2,2413.04,0,4826.08,2702.11,2123.97,
103424,2023-02-21,South,Clothing,Jacket,Online,New Customer,1,1325.02,15,1126.27,931.95,194.32,5.0
103425,2024-07-10,West,Sports,Yoga Mat,Online,Returning Customer,5,5243.05,20,20972.2,17391.2,3581.0,4.0
103426,2023-01-30,North,Grocery,Cooking Oil,In-Store,Returning Customer,3,635.42,5,1810.95,1091.01,719.94,5.0
103427,2023-05-02,West,Home & Kitchen,Cookware Set,Online,Returning Customer,2,10705.25,15,18198.92,12835.42,5363.5,5.0
103428,2023-05-14,South,Clothing,Sneakers,Online,Premium Member,4,741.96,0,2967.84,1972.23,995.61,5.0
103429,2023-02-01,West,Sports,Cricket Bat,Online,New Customer,1,525.69,15,446.84,292.15,154.69,4.0
103430,2023-01-02,North,Home & Kitchen,Air Fryer,Online,Returning Customer,2,5724.73,5,10876.99,8266.02,2610.97,4.0
103431,2024-01-09,South,Electronics,Smartphone,Online,Returning Customer,1,1592.68,20,1274.14,920.25,353.89,
103432,2023-12-26,South,Sports,Yoga Mat,Online,Returning Customer,3,5797.35,10,15652.85,9990.26,5662.59,5.0
103433,2024-03-26,East,Grocery,Snacks Combo,Online,New Customer,4,155.68,5,591.58,418.39,173.19,
103434,2023-04-05,East,Electronics,Headphones,Online,Premium Member,1,21461.57,10,19315.41,15990.46,3324.95,4.0
103435,2024-11-12,North,Home & Kitchen,Mixer Grinder,Online,New Customer,1,11900.09,0,11900.09,8427.76,3472.33,
103436,2024-06-25,North,Clothing,Jacket,Online,New Customer,5,916.71,0,4583.55,2859.52,1724.03,4.0
103437,2024-07-14,East,Clothing,Jacket,Online,Returning Customer,1,2666.01,0,2666.01,1729.43,936.58,1.0
103438,2023-12-14,South,Clothing,Jeans,Online,Premium Member,1,1443.39,5,1371.22,838.07,533.15,
103439,2023-12-20,West,Electronics,Laptop,In-Store,Returning Customer,3,6324.07,15,16126.38,14015.68,2110.7,5.0
103440,2024-10-18,South,Home & Kitchen,Air Fryer,In-Store,New Customer,3,3730.79,0,11192.37,7800.08,3392.29,5.0
103441,2024-01-06,South,Grocery,Snacks Combo,Online,Premium Member,2,229.66,0,459.32,302.39,156.93,2.0
103442,2023-02-14,West,Beauty,Face Wash,Online,Returning Customer,2,1620.68,0,3241.36,1837.98,1403.38,
103443,2024-01-14,South,Electronics,Laptop,Online,Premium Member,3,17027.22,5,48527.58,31070.09,17457.49,5.0
103444,2024-06-06,North,Grocery,Cooking Oil,Online,New Customer,3,289.39,0,868.17,525.37,342.8,
103445,2023-03-29,West,Grocery,Tea Pack,Online,Returning Customer,2,806.42,0,1612.84,887.76,725.08,
103446,2023-05-15,South,Grocery,Rice 5kg,Online,Premium Member,3,821.88,0,2465.64,1757.1,708.54,
103447,2023-04-26,North,Beauty,Sunscreen,In-Store,New Customer,1,1205.28,10,1084.75,720.61,364.14,3.0
103448,2023-10-14,South,Electronics,Bluetooth Speaker,In-Store,Returning Customer,2,8857.14,0,17714.28,11626.76,6087.52,4.0
103449,2023-03-18,East,Sports,Dumbbells,Online,Returning Customer,4,4135.08,15,14059.27,10223.22,3836.05,5.0
103450,2024-11-18,North,Home & Kitchen,Air Fryer,In-Store,Returning Customer,5,10885.06,5,51704.04,30205.52,21498.52,
103451,2024-02-11,East,Electronics,Bluetooth Speaker,In-Store,Returning Customer,3,32783.64,10,88515.83,73561.49,14954.34,5.0
103452,2023-04-15,North,Grocery,Tea Pack,In-Store,New Customer,3,573.84,0,1721.52,1166.48,555.04,3.0
103453,2023-07-04,West,Home & Kitchen,Cookware Set,Online,New Customer,4,6953.46,5,26423.15,20416.97,6006.18,5.0
103454,2024-07-23,South,Sports,Dumbbells,Online,New Customer,5,2618.53,5,12438.02,8645.54,3792.48,3.0
103455,2024-11-07,East,Electronics,Bluetooth Speaker,In-Store,New Customer,2,24762.2,10,44571.96,33092.02,11479.94,3.0
103456,2024-08-21,South,Grocery,Tea Pack,Online,Returning Customer,3,95.37,0,286.11,208.19,77.92,
103457,2024-07-04,West,Grocery,Tea Pack,Online,Returning Customer,1,868.47,5,825.05,618.77,206.28,3.0
103458,2024-08-19,West,Clothing,Sneakers,Online,Returning Customer,4,1296.93,5,4928.33,2944.51,1983.82,2.0
103459,2023-06-13,South,Beauty,Face Wash,Online,Returning Customer,1,553.95,10,498.56,336.8,161.76,4.0
103460,2023-02-08,North,Clothing,Dress,Online,Returning Customer,4,2281.4,10,8213.04,5322.05,2890.99,4.0
103461,2023-01-29,North,Sports,Running Shoes,Online,Premium Member,3,5885.26,0,17655.78,12614.1,5041.68,2.0
103462,2023-06-30,North,Electronics,Smartphone,Online,New Customer,1,22573.07,5,21444.42,13300.92,8143.5,2.0
103463,2024-06-11,East,Grocery,Cooking Oil,Online,New Customer,4,427.22,10,1537.99,1081.97,456.02,5.0
103464,2023-01-27,East,Electronics,Laptop,Online,New Customer,3,25990.64,0,77971.92,51307.28,26664.64,4.0
103465,2023-01-11,South,Clothing,T-Shirt,Online,New Customer,3,1606.15,10,4336.61,2770.52,1566.09,
103466,2024-05-21,South,Home & Kitchen,Air Fryer,In-Store,Returning Customer,1,1863.18,5,1770.02,1346.6,423.42,
103467,2024-05-24,East,Clothing,T-Shirt,Online,Returning Customer,5,2187.22,5,10389.29,7202.79,3186.5,
103468,2024-11-13,North,Beauty,Sunscreen,Online,New Customer,2,700.25,5,1330.48,854.15,476.33,5.0
103469,2024-12-01,south,Electronics,Smartwatch,Online,Premium Member,5,9619.98,0,48099.9,28980.12,19119.78,4.0
103470,2024-02-10,South,Grocery,Cooking Oil,Online,Returning Customer,2,566.69,5,1076.71,627.79,448.92,
103471,2024-04-28,South,Grocery,Cooking Oil,Online,Premium Member,4,752.24,0,3008.96,1984.9,1024.06,5.0
103472,2023-05-31,North,Home & Kitchen,Cookware Set,In-Store,Returning Customer,3,1554.16,0,4662.48,3212.79,1449.69,5.0
103473,2024-01-08,East,Sports,Cricket Bat,Online,New Customer,3,4387.04,10,11845.01,9730.57,2114.44,2.0
103474,2023-08-09,West,Home & Kitchen,Vacuum Cleaner,In-Store,Premium Member,1,9763.0,15,8298.55,5900.93,2397.62,4.0
103475,2024-05-27,East,Sports,Running Shoes,Online,Returning Customer,1,4815.25,0,4815.25,3559.19,1256.06,4.0
103476,2024-07-11,North,Home & Kitchen,Cookware Set,Online,Returning Customer,1,5128.93,15,4359.59,3198.44,1161.15,5.0
103477,2023-09-03,west,Clothing,Jeans,Online,Returning Customer,1,1025.26,15,871.47,621.37,250.1,4.0
103478,2023-03-03,East,Electronics,Smartwatch,In-Store,Premium Member,3,6226.27,0,18678.81,11794.91,6883.9,4.0
103479,2023-02-16,North,Home & Kitchen,Vacuum Cleaner,Online,Premium Member,2,1404.13,5,2667.85,1578.31,1089.54,
103480,2023-03-08,South,Beauty,Sunscreen,Online,Returning Customer,3,227.32,15,579.67,504.34,75.33,
103481,2023-01-26,North,Grocery,Tea Pack,In-Store,New Customer,1,328.94,0,328.94,213.97,114.97,4.0
103482,2024-04-23,North,Electronics,Headphones,Online,Returning Customer,2,17736.59,10,31925.86,26103.84,5822.02,4.0
103483,2023-05-07,East,Clothing,Dress,Online,Premium Member,2,786.99,10,1416.58,897.6,518.98,
103484,2024-11-18,west,Home & Kitchen,Cookware Set,Online,New Customer,3,1842.15,5,5250.13,4043.87,1206.26,
103485,2023-04-11,West,Electronics,Laptop,In-Store,New Customer,5,8909.9,0,44549.5,26662.75,17886.75,4.0
103486,2023-09-27,North,Sports,Running Shoes,In-Store,Premium Member,5,1232.18,5,5852.86,4285.75,1567.11,
103487,2024-07-18,East,Clothing,T-Shirt,In-Store,New Customer,4,2552.73,10,9189.83,7320.15,1869.68,3.0
103488,2024-04-23,West,Beauty,Lipstick,Online,,5,1323.14,5,6284.92,4879.14,1405.78,4.0
103489,2023-10-22,North,Sports,Dumbbells,Online,Returning Customer,3,3872.78,15,9875.59,6936.21,2939.38,5.0
103490,2023-06-25,North,Grocery,Rice 5kg,In-Store,Returning Customer,4,452.09,10,1627.52,1006.69,620.83,5.0
103491,2024-02-21,South,Electronics,Smartwatch,Online,Premium Member,5,8045.51,5,38216.17,26473.12,11743.05,5.0
103492,2023-07-13,East,Sports,Dumbbells,Online,Returning Customer,1,2250.96,0,2250.96,1464.43,786.53,2.0
103493,2024-04-04,North,Home & Kitchen,Vacuum Cleaner,Online,,3,9697.63,10,26183.6,18268.97,7914.63,3.0
103494,2024-03-18,East,Clothing,Jeans,Online,New Customer,4,2561.53,0,10246.12,5663.4,4582.72,3.0
103495,2024-02-24,West,Electronics,Smartwatch,In-Store,Premium Member,4,14192.89,0,56771.56,41410.16,15361.4,
103496,2023-11-14,West,Clothing,Jeans,Online,Returning Customer,1,721.87,0,721.87,459.17,262.7,4.0
103497,2023-08-23,South,Clothing,Jeans,In-Store,New Customer,3,1729.51,0,5188.53,2957.69,2230.84,
103498,2023-01-01,North,Beauty,Shampoo,In-Store,Returning Customer,2,1198.22,0,2396.44,1598.85,797.59,1.0
103499,2023-04-20,North,Sports,Yoga Mat,Online,New Customer,4,3533.94,0,14135.76,8966.81,5168.95,5.0
103500,2024-01-25,East,Home & Kitchen,Air Fryer,Online,New Customer,3,3654.06,5,10414.07,6324.01,4090.06,3.0
103501,2023-05-18,South,Beauty,Lipstick,In-Store,New Customer,1,1403.06,0,1403.06,961.58,441.48,1.0
103502,2023-09-21,North,Electronics,Smartwatch,In-Store,New Customer,5,41879.77,5,198928.91,156904.82,42024.09,
103503,2023-10-19,east,Home & Kitchen,Vacuum Cleaner,Online,Premium Member,4,4947.93,0,19791.72,14679.24,5112.48,
103504,2024-12-17,North,Home & Kitchen,Vacuum Cleaner,Online,Premium Member,4,3454.45,10,12436.02,8027.4,4408.62,1.0
103505,2024-08-15,North,Beauty,Shampoo,Online,New Customer,5,1723.32,10,7754.94,5991.44,1763.5,
103506,2023-12-06,West,Clothing,Dress,Online,Returning Customer,5,1401.17,15,5954.97,5095.89,859.08,
103507,2024-05-30,South,Beauty,Sunscreen,Online,Returning Customer,1,1656.98,0,1656.98,1218.45,438.53,5.0
103508,2023-05-29,South,Home & Kitchen,Air Fryer,Online,Returning Customer,4,1063.74,5,4042.21,2627.25,1414.96,3.0
103509,2024-11-12,North,Home & Kitchen,Air Fryer,Online,Premium Member,2,896.75,10,1614.15,1179.48,434.67,3.0
103510,2024-06-07,South,Electronics,Bluetooth Speaker,Online,Returning Customer,5,16153.22,0,80766.1,52097.0,28669.1,
103511,2023-10-11,South,Grocery,Cooking Oil,Online,Returning Customer,3,618.0,0,1854.0,1320.81,533.19,5.0
103512,2023-09-24,West,Beauty,Face Wash,Online,New Customer,5,1435.92,10,6461.64,4884.09,1577.55,3.0
103513,2023-04-04,North,Clothing,T-Shirt,Online,Premium Member,1,2966.0,0,2966.0,1713.67,1252.33,5.0
103514,2023-10-06,South,Electronics,Laptop,In-Store,New Customer,2,23504.23,5,44658.04,30514.43,14143.61,3.0
103515,2023-12-01,East,Electronics,Bluetooth Speaker,In-Store,Returning Customer,2,22750.75,10,40951.35,29950.93,11000.42,4.0
103516,2023-10-22,East,Home & Kitchen,Air Fryer,In-Store,Returning Customer,4,1935.61,0,7742.44,4978.71,2763.73,4.0
103517,2024-02-24,North,Electronics,Smartwatch,Online,Premium Member,4,12389.68,5,47080.78,33856.58,13224.2,5.0
103518,2024-01-17,South,Home & Kitchen,Air Fryer,Online,Returning Customer,4,5466.47,15,18586.0,16226.85,2359.15,
103519,2023-11-23,East,Grocery,Cooking Oil,In-Store,New Customer,2,656.47,5,1247.29,783.47,463.82,3.0
103520,2024-12-03,North,Clothing,Sneakers,Online,Returning Customer,3,2905.86,10,7845.82,5591.65,2254.17,1.0
103521,2024-06-02,North,Electronics,Laptop,In-Store,Returning Customer,2,38484.19,15,65423.12,46431.79,18991.33,4.0
103522,2023-04-07,North,Beauty,Face Wash,Online,Returning Customer,2,170.41,0,340.82,208.84,131.98,4.0
103523,2024-11-03,West,Beauty,Face Wash,In-Store,New Customer,4,568.78,0,2275.12,1385.44,889.68,5.0
103524,2024-11-16,West,Grocery,Tea Pack,Online,New Customer,2,875.6,10,1576.08,975.52,600.56,1.0
103525,2024-05-01,North,Beauty,Shampoo,Online,Returning Customer,3,410.27,5,1169.27,817.69,351.58,
103526,2023-04-22,North,Beauty,Face Wash,Online,New Customer,5,1103.95,0,5519.75,3566.51,1953.24,5.0
103527,2023-08-30,East,Beauty,Lipstick,Online,New Customer,5,515.08,5,2446.63,1930.11,516.52,1.0
103528,2024-10-19,West,Home & Kitchen,Vacuum Cleaner,Online,Premium Member,2,8121.43,5,15430.72,11348.34,4082.38,
103529,2023-05-23,East,Sports,Running Shoes,Online,New Customer,4,5368.73,5,20401.17,12401.48,7999.69,4.0
103530,2023-01-18,North,Grocery,Tea Pack,Online,Returning Customer,5,689.39,0,3446.95,2299.45,1147.5,5.0
103531,2024-04-04,North,Clothing,Dress,In-Store,,3,2506.73,10,6768.17,4560.99,2207.18,
103532,2023-09-02,West,Sports,Running Shoes,Online,,1,1623.87,10,1461.48,906.82,554.66,1.0
103533,2024-11-26,South,Clothing,Jeans,Online,New Customer,3,1896.54,0,5689.62,3517.79,2171.83,4.0
103534,2023-08-23,South,Clothing,Sneakers,In-Store,Premium Member,5,640.79,20,2563.16,2389.74,173.42,3.0
103535,2024-09-21,South,Sports,Running Shoes,Online,Returning Customer,5,4796.66,5,22784.14,15539.88,7244.26,4.0
103536,2023-02-20,North,Clothing,Jeans,Online,Returning Customer,4,983.19,10,3539.48,2522.08,1017.4,
103537,2023-07-18,East,Beauty,Face Wash,In-Store,Returning Customer,1,1529.8,0,1529.8,1093.69,436.11,5.0
103538,2024-10-09,West,Sports,Running Shoes,Online,Premium Member,1,4910.56,10,4419.5,3474.43,945.07,2.0
103539,2023-05-10,South,Electronics,Headphones,Online,Returning Customer,1,22059.22,15,18750.34,13025.58,5724.76,4.0
103540,2024-06-27,West,Sports,Cricket Bat,Online,New Customer,5,2472.84,10,11127.78,8942.52,2185.26,4.0
103541,2023-04-26,North,Electronics,Smartwatch,In-Store,Premium Member,1,16158.69,0,16158.69,9029.69,7129.0,
103542,2023-11-13,West,Beauty,Sunscreen,Online,New Customer,1,1123.36,0,1123.36,666.31,457.05,4.0
103543,2023-06-17,East,Clothing,Sneakers,In-Store,New Customer,2,1471.61,0,2943.22,1735.51,1207.71,
103544,2024-10-11,East,Home & Kitchen,Mixer Grinder,In-Store,Returning Customer,1,6528.44,10,5875.6,3891.88,1983.72,4.0
103545,2023-07-31,East,Grocery,Cooking Oil,Online,Returning Customer,2,372.79,5,708.3,436.09,272.21,5.0
103546,2024-12-22,East,Electronics,Laptop,Online,New Customer,5,21710.31,5,103123.97,77313.08,25810.89,5.0
103547,2023-10-23,East,Electronics,Laptop,In-Store,Returning Customer,4,12944.56,5,49189.33,37193.02,11996.31,5.0
103548,2023-03-22,North,Home & Kitchen,Air Fryer,In-Store,Premium Member,2,10225.13,0,20450.26,13793.43,6656.83,
103549,2024-01-24,North,Beauty,Shampoo,In-Store,,5,1707.43,0,8537.15,6049.87,2487.28,
103550,2023-03-16,East,Electronics,Headphones,Online,New Customer,3,36588.36,5,104276.83,74564.8,29712.03,
103551,2023-06-02,South,Beauty,Sunscreen,In-Store,Premium Member,4,1136.86,15,3865.32,2633.34,1231.98,
103552,2024-08-19,East,Sports,Dumbbells,In-Store,Returning Customer,3,2429.98,0,7289.94,4638.05,2651.89,
103553,2024-03-03,East,Grocery,Snacks Combo,Online,Premium Member,1,815.58,15,693.24,468.85,224.39,5.0
103554,2024-05-20,West,Electronics,Bluetooth Speaker,Online,Premium Member,4,37486.39,5,142448.28,98380.66,44067.62,5.0
103555,2023-04-20,South,Electronics,Headphones,Online,Returning Customer,4,18606.14,0,74424.56,46894.39,27530.17,4.0
103556,2023-09-17,West,Electronics,Headphones,Online,New Customer,1,20564.04,0,20564.04,13015.65,7548.39,5.0
103557,2023-05-13,North,Electronics,Headphones,In-Store,Returning Customer,4,6082.35,5,23112.93,16799.42,6313.51,
103558,2024-05-24,North,Clothing,Sneakers,Online,New Customer,5,1656.97,0,8284.85,4777.73,3507.12,4.0
103559,2023-12-06,West,Sports,Cricket Bat,Online,Returning Customer,4,3353.82,5,12744.52,8282.76,4461.76,5.0
103560,2023-03-23,East,Beauty,Lipstick,Online,Returning Customer,4,1376.18,0,5504.72,3477.24,2027.48,
103561,2023-03-15,West,Beauty,Sunscreen,In-Store,New Customer,4,1516.92,0,6067.68,4198.11,1869.57,3.0
103562,2023-08-20,South,Sports,Running Shoes,Online,New Customer,3,4678.23,0,14034.69,8390.24,5644.45,3.0
103563,2024-05-01,East,Home & Kitchen,Mixer Grinder,In-Store,Returning Customer,4,4628.55,0,18514.2,12097.25,6416.95,4.0
103564,2024-03-06,North,Sports,Dumbbells,Online,Returning Customer,5,4256.79,0,21283.95,14199.15,7084.8,
103565,2024-11-19,West,Grocery,Cooking Oil,In-Store,Returning Customer,3,166.47,15,424.5,289.92,134.58,
103566,2023-07-26,South,Home & Kitchen,Vacuum Cleaner,In-Store,New Customer,3,5028.87,0,15086.61,11297.47,3789.14,4.0
103567,2023-03-16,North,Electronics,Smartwatch,Online,Returning Customer,3,10993.69,0,32981.07,21691.52,11289.55,
103568,2024-12-02,East,Grocery,Tea Pack,Online,Returning Customer,1,290.71,10,261.64,186.37,75.27,4.0
103569,2023-10-03,North,Grocery,Cooking Oil,Online,Premium Member,5,427.27,10,1922.72,1533.21,389.51,
103570,2023-01-16,North,Home & Kitchen,Cookware Set,In-Store,Returning Customer,4,2328.63,15,7917.34,5331.21,2586.13,
103571,2024-06-16,East,Beauty,Lipstick,Online,Returning Customer,1,479.33,10,431.4,267.87,163.53,
103572,2023-02-04,South,Grocery,Tea Pack,Online,New Customer,1,855.55,0,855.55,597.65,257.9,
103573,2024-09-02,North,Beauty,Sunscreen,In-Store,Premium Member,1,772.6,5,733.97,444.08,289.89,
103574,2024-02-08,North,Clothing,T-Shirt,In-Store,Returning Customer,5,2489.65,5,11825.84,7692.62,4133.22,2.0
103575,2023-12-30,East,Clothing,Jacket,In-Store,Returning Customer,4,1852.29,0,7409.16,4517.47,2891.69,5.0
103576,2024-04-20,West,Electronics,Laptop,In-Store,Premium Member,5,31879.86,5,151429.34,117986.71,33442.63,5.0
103577,2023-03-31,North,Beauty,Sunscreen,Online,Returning Customer,3,1617.2,0,4851.6,3446.77,1404.83,4.0
103578,2024-02-16,West,Home & Kitchen,Vacuum Cleaner,In-Store,Returning Customer,2,9778.91,0,19557.82,12686.34,6871.48,4.0
103579,2024-10-13,East,Sports,Running Shoes,In-Store,Returning Customer,5,5821.68,15,24742.14,17697.1,7045.04,4.0
103580,2023-03-19,South,Clothing,Sneakers,Online,Returning Customer,5,1006.69,5,4781.78,3205.22,1576.56,4.0
103581,2024-12-31,West,Beauty,Sunscreen,Online,New Customer,2,959.4,0,1918.8,1167.74,751.06,
103582,2023-08-08,South,Sports,Running Shoes,Online,Premium Member,2,2657.51,0,5315.02,3702.78,1612.24,4.0
103583,2023-03-14,West,Beauty,Face Wash,Online,Returning Customer,5,1238.7,10,5574.15,4484.77,1089.38,3.0
103584,2023-10-03,South,Home & Kitchen,Cookware Set,Online,,2,1185.4,5,2252.26,1772.49,479.77,
103585,2024-09-09,South,Grocery,Rice 5kg,Online,Returning Customer,3,748.22,0,2244.66,1638.28,606.38,3.0
103586,2023-12-06,East,Sports,Dumbbells,In-Store,Returning Customer,3,3828.66,0,11485.98,7949.09,3536.89,3.0
103587,2023-03-07,West,Electronics,Bluetooth Speaker,Online,Returning Customer,3,41817.18,5,119178.96,73183.92,45995.04,5.0
103588,2024-05-04,South,Home & Kitchen,Air Fryer,Online,Returning Customer,4,8746.63,5,33237.19,22963.91,10273.28,
103589,2024-06-15,North,Grocery,Snacks Combo,In-Store,New Customer,5,142.32,5,676.02,448.33,227.69,5.0
103590,2023-12-30,West,Sports,Running Shoes,Online,New Customer,4,4996.3,10,17986.68,12751.69,5234.99,5.0
103591,2024-05-09,East,Home & Kitchen,Air Fryer,Online,Returning Customer,5,11371.53,15,48329.0,36570.55,11758.45,
103592,2024-10-08,West,Home & Kitchen,Vacuum Cleaner,Online,Returning Customer,1,7312.22,0,7312.22,5160.89,2151.33,5.0
103593,2024-06-11,West,Home & Kitchen,Vacuum Cleaner,Online,New Customer,2,4722.27,20,7555.63,5441.9,2113.73,5.0
103594,2023-06-15,East,Sports,Running Shoes,Online,New Customer,5,5304.61,0,26523.05,17703.55,8819.5,
103595,2024-01-20,East,Sports,Dumbbells,Online,Returning Customer,4,2095.55,10,7543.98,4704.72,2839.26,5.0
103596,2024-10-14,North,Clothing,T-Shirt,Online,Returning Customer,2,1143.66,0,2287.32,1331.45,955.87,5.0
103597,2023-04-08,North,Beauty,Lipstick,Online,New Customer,1,496.84,5,472.0,371.87,100.13,2.0
103598,2023-08-16,North,Beauty,Shampoo,In-Store,New Customer,1,1164.1,0,1164.1,751.85,412.25,
103599,2023-02-06,South,Grocery,Rice 5kg,Online,New Customer,4,141.7,5,538.46,331.86,206.6,
103600,2023-06-03,East,Home & Kitchen,Air Fryer,In-Store,New Customer,3,3800.76,0,11402.28,8287.65,3114.63,4.0
103601,2023-02-15,North,Sports,Running Shoes,Online,Returning Customer,3,5451.76,5,15537.52,10909.94,4627.58,5.0
103602,2024-02-27,South,Home & Kitchen,Cookware Set,Online,Premium Member,1,9422.26,0,9422.26,5536.06,3886.2,5.0
103603,2024-05-13,East,Grocery,Cooking Oil,In-Store,,4,488.99,0,1955.96,1328.39,627.57,5.0
103604,2023-02-06,West,Beauty,Lipstick,Online,Returning Customer,3,1756.54,0,5269.62,3677.17,1592.45,4.0
103605,2023-10-05,West,Electronics,Bluetooth Speaker,In-Store,Premium Member,3,33565.19,5,95660.79,58298.05,37362.74,5.0
103606,2023-04-06,East,Electronics,Laptop,Online,New Customer,3,8777.72,10,23699.84,17314.77,6385.07,5.0
103607,2024-10-18,West,Electronics,Laptop,Online,New Customer,5,6126.1,15,26035.92,19781.52,6254.4,5.0
103608,2024-08-15,North,Beauty,Face Wash,Online,Premium Member,1,1792.21,5,1702.6,1165.55,537.05,5.0
103609,2024-03-12,West,Home & Kitchen,Mixer Grinder,In-Store,Returning Customer,3,5295.29,0,15885.87,11690.38,4195.49,4.0
103610,2024-08-30,East,Electronics,Smartphone,Online,Returning Customer,2,43085.4,5,81862.26,63927.75,17934.51,
103611,2023-03-26,North,Electronics,Headphones,Online,New Customer,5,26120.46,0,130602.3,78445.82,52156.48,5.0
103612,2024-11-11,South,Clothing,Jeans,In-Store,New Customer,5,817.05,0,4085.25,2784.63,1300.62,4.0
103613,2023-09-20,South,Sports,Cricket Bat,In-Store,Returning Customer,2,1868.79,0,3737.58,2167.18,1570.4,
103614,2024-09-05,East,Home & Kitchen,Cookware Set,Online,New Customer,4,7445.73,15,25315.48,21346.71,3968.77,3.0
103615,2023-09-25,west,Electronics,Smartwatch,Online,New Customer,5,38363.24,20,153452.96,138513.63,14939.33,4.0
103616,2023-05-29,South,Home & Kitchen,Cookware Set,Online,Returning Customer,1,7897.8,0,7897.8,5906.33,1991.47,
103617,2023-08-19,West,Electronics,Smartwatch,Online,Returning Customer,5,23919.2,0,119596.0,79119.54,40476.46,3.0
103618,2023-06-11,East,Electronics,Headphones,Online,New Customer,4,20429.95,20,65375.84,48563.03,16812.81,
103619,2023-08-23,North,Sports,Dumbbells,Online,Returning Customer,1,4652.35,15,3954.5,2566.15,1388.35,5.0
103620,2023-09-12,East,Electronics,Smartphone,Online,Premium Member,4,33843.4,0,135373.6,75108.0,60265.6,5.0
103621,2023-03-14,North,Grocery,Cooking Oil,Online,Premium Member,3,599.24,15,1528.06,1024.31,503.75,5.0
103622,2024-02-01,South,Home & Kitchen,Air Fryer,Online,Returning Customer,3,2895.07,0,8685.21,4954.14,3731.07,
103623,2023-04-02,South,Grocery,Tea Pack,In-Store,New Customer,4,248.77,0,995.08,688.43,306.65,5.0
103624,2023-12-30,North,Clothing,Jeans,Online,Returning Customer,4,2380.63,10,8570.27,6421.34,2148.93,3.0
103625,2024-06-26,East,Sports,Dumbbells,Online,Premium Member,3,2550.01,15,6502.53,5526.91,975.62,
103626,2024-06-17,North,Sports,Cricket Bat,Online,Returning Customer,2,3868.08,10,6962.54,5713.84,1248.7,5.0
103627,2024-03-21,East,Beauty,Face Wash,Online,Returning Customer,2,838.26,15,1425.04,936.31,488.73,5.0
103628,2023-04-17,West,Grocery,Snacks Combo,Online,Returning Customer,3,361.82,5,1031.19,709.61,321.58,4.0
103629,2024-01-29,east,Beauty,Sunscreen,In-Store,New Customer,1,335.52,10,301.97,244.21,57.76,5.0
103630,2023-06-07,East,Sports,Yoga Mat,In-Store,Returning Customer,5,5943.47,0,29717.35,19569.96,10147.39,5.0
103631,2023-01-08,East,Beauty,Face Wash,In-Store,New Customer,1,1666.63,15,1416.64,1198.64,218.0,5.0
103632,2024-08-23,South,Sports,Cricket Bat,Online,Premium Member,2,1693.05,10,3047.49,2504.28,543.21,5.0
103633,2023-07-25,East,Electronics,Headphones,Online,New Customer,4,21775.63,15,74037.14,63084.11,10953.03,5.0
103634,2024-03-05,South,Electronics,Bluetooth Speaker,In-Store,Premium Member,4,14445.62,10,52004.23,41400.54,10603.69,5.0
103635,2024-09-13,West,Beauty,Sunscreen,In-Store,Premium Member,3,1683.46,10,4545.34,2893.17,1652.17,
103636,2024-11-01,East,Grocery,Cooking Oil,Online,Premium Member,2,628.95,10,1132.11,807.39,324.72,5.0
103637,2023-11-06,North,Beauty,Shampoo,In-Store,Returning Customer,2,887.16,0,1774.32,1202.7,571.62,
103638,2023-02-02,East,Sports,Dumbbells,Online,Returning Customer,5,5001.42,0,25007.1,14281.02,10726.08,
103639,2024-09-21,North,Grocery,Cooking Oil,In-Store,Returning Customer,2,750.36,5,1425.68,1101.15,324.53,3.0
103640,2024-05-03,South,Home & Kitchen,Mixer Grinder,Online,Returning Customer,5,8934.97,10,40207.36,29856.14,10351.22,3.0
103641,2023-08-23,West,Sports,Yoga Mat,In-Store,New Customer,2,4500.64,20,7201.02,5702.63,1498.39,2.0
103642,2024-08-03,North,Beauty,Lipstick,Online,Returning Customer,3,1058.48,10,2857.9,1985.82,872.08,5.0
103643,2023-02-26,South,Grocery,Snacks Combo,Online,Returning Customer,2,135.41,5,257.28,189.59,67.69,
103644,2024-10-13,North,Home & Kitchen,Cookware Set,In-Store,Premium Member,3,5367.26,0,16101.78,9834.85,6266.93,1.0
103645,2023-03-01,West,Beauty,Face Wash,Online,New Customer,4,821.99,0,3287.96,1880.64,1407.32,5.0
103646,2023-07-14,South,Beauty,Lipstick,Online,New Customer,3,1566.97,10,4230.82,3327.48,903.34,5.0
103647,2024-06-17,East,Home & Kitchen,Vacuum Cleaner,In-Store,New Customer,5,2577.03,0,12885.15,7853.31,5031.84,4.0
103648,2024-03-17,North,Grocery,Cooking Oil,In-Store,New Customer,5,755.81,0,3779.05,2358.29,1420.76,3.0
103649,2024-05-30,South,Beauty,Lipstick,In-Store,New Customer,4,987.65,0,3950.6,2395.83,1554.77,1.0
103650,2023-02-13,South,Beauty,Shampoo,Online,New Customer,4,1335.35,5,5074.33,3980.61,1093.72,5.0
103651,2023-12-29,North,Clothing,Jacket,Online,,2,2471.9,0,4943.8,3458.5,1485.3,2.0
103652,2023-06-01,North,Sports,Dumbbells,In-Store,New Customer,5,4115.71,5,19549.62,14058.23,5491.39,
103653,2024-10-15,North,Clothing,Jeans,Online,Returning Customer,3,2007.01,5,5719.98,4176.35,1543.63,3.0
103654,2023-01-07,North,Sports,Running Shoes,In-Store,New Customer,2,5252.81,0,10505.62,6310.07,4195.55,4.0
103655,2023-02-14,East,Sports,Yoga Mat,Online,Returning Customer,2,3738.37,0,7476.74,4748.02,2728.72,5.0
103656,2024-08-05,West,Home & Kitchen,Vacuum Cleaner,In-Store,Returning Customer,4,6914.31,0,27657.24,18576.51,9080.73,4.0
103657,2024-06-26,South,Grocery,Rice 5kg,Online,Returning Customer,1,729.63,15,620.19,473.59,146.6,4.0
103658,2023-05-04,East,Home & Kitchen,Mixer Grinder,Online,Premium Member,4,3292.22,5,12510.44,7864.14,4646.3,
103659,2023-12-07,South,Home & Kitchen,Vacuum Cleaner,Online,Premium Member,2,2203.58,10,3966.44,3054.03,912.41,
103660,2024-01-20,South,Grocery,Cooking Oil,In-Store,New Customer,3,527.99,5,1504.77,1163.23,341.54,
103661,2023-02-12,East,Clothing,Dress,Online,Premium Member,4,1094.15,5,4157.77,3024.22,1133.55,5.0
103662,2024-12-20,East,Grocery,Rice 5kg,Online,Returning Customer,3,574.03,15,1463.78,1139.73,324.05,
103663,2024-06-20,North,Clothing,T-Shirt,Online,Premium Member,1,1674.63,5,1590.9,1196.88,394.02,2.0
103664,2024-05-14,East,Home & Kitchen,Air Fryer,Online,Returning Customer,3,1657.86,0,4973.58,3051.9,1921.68,3.0
103665,2024-12-04,West,Electronics,Laptop,Online,Returning Customer,1,25382.02,5,24112.92,16593.3,7519.62,4.0
103666,2024-01-11,North,Beauty,Lipstick,Online,Returning Customer,2,1297.72,5,2465.67,1923.47,542.2,
103667,2023-08-24,North,Electronics,Smartwatch,Online,Returning Customer,5,27809.39,5,132094.6,97138.02,34956.58,2.0
103668,2023-09-23,North,Sports,Running Shoes,In-Store,Premium Member,3,3903.18,5,11124.06,8778.74,2345.32,3.0
103669,2024-02-25,East,Electronics,Bluetooth Speaker,Online,Returning Customer,3,27997.63,0,83992.89,48152.82,35840.07,4.0
103670,2024-06-20,South,Sports,Yoga Mat,In-Store,Premium Member,5,2511.42,15,10673.54,8089.72,2583.82,
103671,2024-10-13,West,Grocery,Cooking Oil,In-Store,New Customer,1,499.58,5,474.6,337.95,136.65,1.0
103672,2023-12-07,East,Electronics,Smartwatch,Online,Returning Customer,3,33783.72,5,96283.6,63003.76,33279.84,
103673,2024-03-18,North,Sports,Dumbbells,Online,New Customer,1,1856.52,0,1856.52,1147.75,708.77,4.0
103674,2023-11-13,North,Beauty,Face Wash,In-Store,New Customer,5,656.61,20,2626.44,2012.79,613.65,4.0
103675,2023-11-15,North,Beauty,Face Wash,Online,New Customer,2,1623.89,10,2923.0,2345.58,577.42,
103676,2024-12-27,West,Clothing,Dress,Online,Returning Customer,1,2523.48,5,2397.31,1609.82,787.49,5.0
103677,2024-10-31,North,Electronics,Smartphone,In-Store,Returning Customer,5,34107.15,5,162008.96,94382.17,67626.79,4.0
103678,2023-08-06,West,Grocery,Tea Pack,Online,New Customer,1,269.89,10,242.9,176.19,66.71,
103679,2024-02-21,North,Electronics,Bluetooth Speaker,Online,Premium Member,4,41347.66,10,148851.58,110451.66,38399.92,5.0
103680,2024-10-18,East,Home & Kitchen,Air Fryer,Online,Returning Customer,1,2296.91,0,2296.91,1626.01,670.9,4.0
103681,2023-05-03,North,Clothing,Jacket,Online,New Customer,4,378.28,5,1437.46,1085.16,352.3,1.0
103682,2024-02-22,North,Clothing,T-Shirt,Online,New Customer,2,2206.59,5,4192.52,2846.26,1346.26,
103683,2023-01-12,East,Electronics,Headphones,Online,New Customer,1,32997.35,0,32997.35,19240.21,13757.14,
103684,2024-08-30,North,Electronics,Laptop,Online,Returning Customer,5,1463.14,0,7315.7,4841.56,2474.14,5.0
103685,2023-01-06,West,Clothing,Dress,In-Store,Returning Customer,3,3333.39,0,10000.17,6486.96,3513.21,5.0
103686,2024-02-11,North,Sports,Yoga Mat,Online,Premium Member,1,2900.54,0,2900.54,1618.55,1281.99,5.0
103687,2024-07-28,West,Home & Kitchen,Mixer Grinder,Online,Returning Customer,5,9332.94,5,44331.46,31619.23,12712.23,5.0
103688,2023-12-15,West,Electronics,Headphones,Online,New Customer,4,6170.77,5,23448.93,17594.84,5854.09,4.0
103689,2023-09-23,West,Sports,Yoga Mat,Online,New Customer,5,3714.86,10,16716.87,12252.1,4464.77,
103690,2023-03-07,South,Clothing,Dress,In-Store,New Customer,5,3192.78,0,15963.9,11861.14,4102.76,4.0
103691,2023-02-27,North,Home & Kitchen,Cookware Set,Online,New Customer,4,10523.85,5,39990.63,31261.14,8729.49,4.0
103692,2023-06-14,East,Sports,Dumbbells,Online,Returning Customer,2,5625.25,0,11250.5,7737.03,3513.47,4.0
103693,2023-05-08,South,Grocery,Cooking Oil,In-Store,Returning Customer,3,771.79,0,2315.37,1442.85,872.52,
103694,2024-06-17,North,Sports,Running Shoes,Online,Returning Customer,1,4450.44,0,4450.44,2889.44,1561.0,4.0
103695,2024-11-23,South,Beauty,Shampoo,In-Store,Returning Customer,4,694.67,20,2222.94,1726.73,496.21,4.0
103696,2024-10-20,North,Sports,Yoga Mat,Online,Returning Customer,3,1833.29,0,5499.87,3490.6,2009.27,4.0
103697,2024-02-20,North,Home & Kitchen,Vacuum Cleaner,Online,New Customer,4,1627.35,0,6509.4,4394.37,2115.03,
103698,2023-10-15,East,Clothing,Jacket,Online,Premium Member,2,1474.78,15,2507.13,1977.58,529.55,4.0
103699,2024-11-04,South,Beauty,Lipstick,Online,Returning Customer,5,505.55,0,2527.75,1713.52,814.23,5.0
103700,2024-01-14,South,Clothing,Jacket,Online,Returning Customer,3,3305.95,10,8926.06,5983.24,2942.82,5.0
103701,2023-05-26,East,Home & Kitchen,Cookware Set,Online,Premium Member,2,2443.93,0,4887.86,2798.25,2089.61,5.0
103702,2023-04-13,North,Beauty,Shampoo,In-Store,New Customer,4,1780.64,0,7122.56,4989.39,2133.17,
103703,2024-01-19,East,Beauty,Sunscreen,In-Store,Returning Customer,2,855.1,5,1624.69,1164.17,460.52,
103704,2023-09-02,West,Sports,Yoga Mat,Online,Premium Member,1,4792.55,10,4313.3,2892.48,1420.82,
103705,2023-02-08,South,Clothing,Jeans,Online,Returning Customer,3,2519.49,15,6424.7,4187.06,2237.64,
103706,2024-11-24,North,Sports,Cricket Bat,Online,Returning Customer,4,1587.9,0,6351.6,4742.74,1608.86,4.0
103707,2024-08-25,South,Grocery,Cooking Oil,Online,Returning Customer,3,451.74,5,1287.46,933.77,353.69,5.0
103708,2024-08-26,West,Electronics,Headphones,Online,Premium Member,4,13517.04,5,51364.75,35841.38,15523.37,3.0
103709,2024-12-31,West,Electronics,Headphones,Online,Returning Customer,5,18411.08,0,92055.4,57803.26,34252.14,1.0
103710,2023-04-06,West,Beauty,Shampoo,In-Store,Returning Customer,2,267.49,0,534.98,332.29,202.69,
103711,2023-09-19,South,Electronics,Smartwatch,In-Store,New Customer,5,15812.67,0,79063.35,43909.1,35154.25,4.0
103712,2024-01-12,North,Grocery,Tea Pack,Online,New Customer,4,632.75,0,2531.0,1882.05,648.95,5.0
103713,2023-03-26,North,Home & Kitchen,Cookware Set,Online,Premium Member,2,10354.15,5,19672.88,12829.11,6843.77,5.0
103714,2023-02-14,East,Clothing,Jacket,Online,New Customer,1,780.85,5,741.81,578.48,163.33,5.0
103715,2023-07-16,West,Beauty,Sunscreen,In-Store,New Customer,2,1076.92,0,2153.84,1592.53,561.31,5.0
103716,2024-02-08,North,Grocery,Cooking Oil,Online,New Customer,3,854.39,10,2306.85,1594.25,712.6,5.0
103717,2023-09-08,West,Grocery,Tea Pack,In-Store,New Customer,3,270.92,15,690.85,522.2,168.65,3.0
103718,2023-04-05,West,Beauty,Sunscreen,Online,New Customer,5,638.54,10,2873.43,1804.38,1069.05,2.0
103719,2023-07-25,North,Home & Kitchen,Mixer Grinder,In-Store,New Customer,1,6598.91,0,6598.91,4513.55,2085.36,5.0
103720,2023-02-02,East,Sports,Yoga Mat,Online,Returning Customer,4,1640.74,0,6562.96,4462.22,2100.74,4.0
103721,2024-02-14,West,Electronics,Headphones,Online,Returning Customer,1,7428.58,5,7057.15,5325.46,1731.69,5.0
103722,2024-01-12,West,Sports,Running Shoes,Online,New Customer,1,4071.32,20,3257.06,2633.05,624.01,3.0
103723,2023-01-25,West,Beauty,Shampoo,Online,New Customer,4,581.28,5,2208.86,1448.21,760.65,3.0
103724,2023-10-14,East,Beauty,Sunscreen,Online,Returning Customer,5,419.3,5,1991.68,1243.18,748.5,
103725,2023-08-14,East,Sports,Cricket Bat,Online,Returning Customer,4,1252.33,10,4508.39,3165.4,1342.99,4.0
103726,2023-12-01,West,Grocery,Rice 5kg,In-Store,New Customer,2,167.48,0,334.96,186.63,148.33,3.0
103727,2023-05-23,North,Grocery,Tea Pack,Online,Returning Customer,4,222.31,10,800.32,523.42,276.9,3.0
103728,2023-02-01,North,Beauty,Lipstick,Online,Returning Customer,5,704.9,15,2995.82,2609.5,386.32,4.0
103729,2024-02-07,West,Home & Kitchen,Cookware Set,In-Store,Returning Customer,3,3291.61,15,8393.61,5763.4,2630.21,4.0
103730,2024-03-17,North,Home & Kitchen,Cookware Set,In-Store,New Customer,5,1520.23,10,6841.04,5046.17,1794.87,
103731,2023-10-26,North,Beauty,Lipstick,Online,New Customer,1,1304.9,0,1304.9,745.46,559.44,5.0
103732,2024-12-19,East,Grocery,Rice 5kg,Online,Premium Member,5,638.74,15,2714.64,1772.61,942.03,4.0
103733,2023-07-27,West,Home & Kitchen,Mixer Grinder,Online,Premium Member,2,9193.74,5,17468.11,10253.93,7214.18,
103734,2024-01-15,West,Home & Kitchen,Air Fryer,Online,Premium Member,4,3078.33,20,9850.66,9029.19,821.47,4.0
103735,2024-06-24,East,Beauty,Shampoo,In-Store,Returning Customer,3,503.63,5,1435.35,982.9,452.45,3.0
103736,2024-03-22,North,Sports,Dumbbells,Online,New Customer,4,1289.62,0,5158.48,3147.73,2010.75,
103737,2023-07-06,South,Beauty,Sunscreen,In-Store,Returning Customer,3,581.17,5,1656.33,984.95,671.38,5.0
103738,2023-03-31,South,Sports,Running Shoes,Online,Premium Member,4,4785.69,0,19142.76,12929.49,6213.27,5.0
103739,2023-02-08,North,Clothing,Sneakers,In-Store,New Customer,2,2093.32,0,4186.64,2647.81,1538.83,2.0
103740,2024-03-16,East,Beauty,Lipstick,Online,Premium Member,2,963.38,10,1734.08,1137.66,596.42,4.0
103741,2024-02-10,South,Home & Kitchen,Vacuum Cleaner,In-Store,New Customer,5,3442.79,20,13771.16,10800.81,2970.35,5.0
103742,2024-04-13,South,Home & Kitchen,Vacuum Cleaner,In-Store,Premium Member,5,11601.22,5,55105.8,34773.2,20332.6,4.0
103743,2024-04-28,West,Beauty,Shampoo,Online,Premium Member,4,1048.46,15,3564.76,2331.92,1232.84,
103744,2023-12-09,West,Electronics,Bluetooth Speaker,Online,Returning Customer,4,24578.97,0,98315.88,64256.07,34059.81,4.0
103745,2023-02-28,North,Grocery,Snacks Combo,In-Store,New Customer,3,337.86,0,1013.58,754.02,259.56,5.0
103746,2024-04-08,North,Electronics,Smartwatch,Online,Returning Customer,5,31162.12,5,148020.07,116519.27,31500.8,5.0
103747,2023-03-07,East,Sports,Dumbbells,Online,Returning Customer,4,2655.47,10,9559.69,5960.95,3598.74,4.0
103748,2024-07-22,South,Electronics,Smartphone,Online,Returning Customer,2,22051.29,15,37487.19,24774.75,12712.44,5.0
103749,2024-10-03,South,Electronics,Smartwatch,Online,New Customer,1,12172.98,20,9738.38,7439.46,2298.92,4.0
103750,2024-06-29,East,Electronics,Laptop,Online,Returning Customer,4,9760.62,0,39042.48,27227.96,11814.52,4.0
103751,2024-10-13,East,Electronics,Headphones,In-Store,New Customer,3,6525.72,10,17619.44,11272.02,6347.42,1.0
103752,2023-04-29,West,Grocery,Tea Pack,In-Store,New Customer,3,803.44,5,2289.8,1706.16,583.64,3.0
103753,2023-06-17,South,Clothing,Jacket,Online,Returning Customer,5,2531.57,5,12024.96,7751.32,4273.64,5.0
103754,2023-08-12,East,Grocery,Cooking Oil,Online,Premium Member,5,693.98,0,3469.9,2051.01,1418.89,
103755,2023-09-03,West,Sports,Cricket Bat,Online,Premium Member,5,5433.51,10,24450.8,20071.15,4379.65,
103756,2023-12-19,East,Sports,Running Shoes,Online,New Customer,5,3259.45,0,16297.25,10141.22,6156.03,5.0
103757,2024-08-12,East,Beauty,Lipstick,Online,Premium Member,4,1222.14,5,4644.13,3401.53,1242.6,
103758,2023-07-07,East,Electronics,Smartwatch,Online,New Customer,5,12719.77,5,60418.91,36042.49,24376.42,5.0
103759,2024-03-26,East,Electronics,Headphones,Online,Premium Member,3,16022.61,10,43261.05,32783.64,10477.41,
103760,2023-12-05,South,Electronics,Smartphone,Online,New Customer,3,7397.89,5,21083.99,12528.39,8555.6,
103761,2023-10-01,South,Electronics,Smartwatch,Online,Returning Customer,2,33786.61,5,64194.56,38769.07,25425.49,
103762,2023-09-29,West,Sports,Dumbbells,In-Store,Returning Customer,4,560.23,15,1904.78,1609.83,294.95,3.0
103763,2023-01-17,South,Electronics,Smartphone,Online,New Customer,1,22799.39,5,21659.42,16208.24,5451.18,
103764,2024-09-06,North,Beauty,Face Wash,Online,New Customer,3,668.44,10,1804.79,1191.74,613.05,
103765,2023-08-21,East,Electronics,Laptop,Online,Returning Customer,4,31277.89,0,125111.56,90993.12,34118.44,
103766,2024-03-07,East,Clothing,Jeans,Online,Returning Customer,2,3096.02,20,4953.63,3656.17,1297.46,5.0
103767,2023-09-17,North,Clothing,Jacket,In-Store,,5,2674.49,5,12703.83,9185.56,3518.27,4.0
103768,2024-04-06,West,Grocery,Tea Pack,Online,Returning Customer,4,212.62,0,850.48,500.89,349.59,3.0
103769,2024-01-09,East,Clothing,T-Shirt,Online,New Customer,3,1358.44,15,3464.02,2794.47,669.55,
103770,2023-11-20,North,Beauty,Shampoo,Online,Returning Customer,3,1618.13,10,4368.95,2936.93,1432.02,4.0
103771,2023-05-15,East,Beauty,Lipstick,Online,Returning Customer,4,1398.6,15,4755.24,3571.32,1183.92,
103772,2024-04-18,North,Grocery,Tea Pack,Online,Returning Customer,2,252.52,10,454.54,345.02,109.52,
103773,2023-08-16,East,Clothing,Dress,Online,Returning Customer,5,821.82,10,3698.19,3045.87,652.32,5.0
103774,2024-03-22,North,Electronics,Headphones,Online,New Customer,5,8277.6,10,37249.2,24391.98,12857.22,
103775,2024-08-19,West,Beauty,Shampoo,Online,New Customer,2,1798.49,0,3596.98,2161.6,1435.38,
103776,2023-12-24,North,Sports,Running Shoes,Online,Returning Customer,3,4895.66,0,14686.98,10455.32,4231.66,3.0
103777,2024-08-13,North,Clothing,Sneakers,Online,Returning Customer,4,3207.66,0,12830.64,8903.59,3927.05,
103778,2024-06-05,East,Grocery,Tea Pack,In-Store,Returning Customer,3,83.55,0,250.65,159.89,90.76,4.0
103779,2024-12-04,West,Home & Kitchen,Cookware Set,Online,Returning Customer,5,4354.3,5,20682.92,12938.93,7743.99,4.0
103780,2024-09-16,South,Beauty,Shampoo,In-Store,Returning Customer,4,520.5,0,2082.0,1512.93,569.07,
103781,2023-10-19,West,Grocery,Rice 5kg,In-Store,New Customer,5,687.95,5,3267.76,2423.41,844.35,
103782,2024-12-15,North,Grocery,Cooking Oil,Online,New Customer,1,86.02,5,81.72,52.65,29.07,
103783,2024-02-13,East,Home & Kitchen,Mixer Grinder,Online,Premium Member,2,8163.54,0,16327.08,9964.27,6362.81,5.0
103784,2023-01-05,West,Clothing,Dress,Online,New Customer,1,3493.54,10,3144.19,2083.2,1060.99,4.0
103785,2023-03-03,North,Beauty,Face Wash,Online,Returning Customer,3,162.33,5,462.64,362.19,100.45,3.0
103786,2023-04-14,East,Home & Kitchen,Mixer Grinder,Online,Returning Customer,5,2737.06,0,13685.3,9989.52,3695.78,
103787,2023-08-14,East,Grocery,Cooking Oil,In-Store,Returning Customer,1,415.14,5,394.38,257.63,136.75,4.0
103788,2023-01-11,North,Electronics,Headphones,Online,Returning Customer,2,17937.42,0,35874.84,23728.23,12146.61,4.0
103789,2024-05-26,West,Sports,Cricket Bat,In-Store,Returning Customer,2,1829.98,15,3110.97,2466.21,644.76,
103790,2023-09-06,East,Grocery,Rice 5kg,In-Store,New Customer,4,249.0,10,896.4,556.56,339.84,5.0
103791,2023-07-05,North,Home & Kitchen,Air Fryer,Online,Returning Customer,1,11400.13,5,10830.12,8264.82,2565.3,4.0
103792,2024-01-13,South,Sports,Cricket Bat,In-Store,New Customer,2,2136.53,5,4059.41,2533.12,1526.29,4.0
103793,2023-07-14,North,Electronics,Smartphone,In-Store,Returning Customer,5,9785.66,5,46481.88,34727.81,11754.07,5.0
103794,2023-12-26,West,Clothing,T-Shirt,Online,Returning Customer,1,2222.38,5,2111.26,1520.65,590.61,2.0
103795,2024-04-27,West,Grocery,Cooking Oil,In-Store,Premium Member,5,530.04,0,2650.2,1493.55,1156.65,
103796,2023-10-17,East,Sports,Yoga Mat,Online,Returning Customer,3,4183.55,10,11295.58,7771.35,3524.23,4.0
103797,2023-01-19,West,Electronics,Bluetooth Speaker,In-Store,Returning Customer,3,3336.64,5,9509.42,5748.62,3760.8,5.0
103798,2023-07-23,North,Home & Kitchen,Cookware Set,Online,Returning Customer,4,2082.81,5,7914.68,4723.71,3190.97,5.0
103799,2024-03-19,east,Clothing,Dress,Online,New Customer,5,1176.25,10,5293.12,3746.86,1546.26,
103800,2024-09-14,North,Home & Kitchen,Vacuum Cleaner,Online,Returning Customer,2,5783.39,5,10988.44,7886.47,3101.97,4.0
103801,2023-03-09,West,Beauty,Face Wash,Online,New Customer,4,238.52,5,906.38,616.7,289.68,3.0
103802,2024-09-01,South,Sports,Cricket Bat,In-Store,New Customer,5,1859.57,20,7438.28,5543.74,1894.54,
103803,2024-05-07,North,Home & Kitchen,Vacuum Cleaner,In-Store,Returning Customer,2,5176.92,0,10353.84,6717.25,3636.59,
103804,2023-02-11,East,Beauty,Lipstick,In-Store,New Customer,5,1457.51,0,7287.55,4549.66,2737.89,4.0
103805,2023-06-14,East,Grocery,Tea Pack,Online,,5,583.52,5,2771.72,2128.07,643.65,4.0
103806,2024-08-21,South,Clothing,Dress,In-Store,Returning Customer,5,2287.56,15,9722.13,7095.31,2626.82,5.0
103807,2024-03-07,East,Sports,Running Shoes,Online,New Customer,4,2791.15,10,10048.14,6924.51,3123.63,
103808,2024-07-20,East,Beauty,Lipstick,Online,Returning Customer,5,1472.68,0,7363.4,4265.12,3098.28,
103809,2023-11-05,East,Grocery,Snacks Combo,Online,New Customer,2,375.5,5,713.45,476.21,237.24,4.0
103810,2024-02-19,East,Electronics,Smartphone,Online,Returning Customer,5,20976.96,15,89152.08,62874.94,26277.14,
103811,2024-06-01,South,Home & Kitchen,Air Fryer,Online,Returning Customer,2,8260.91,10,14869.64,11360.16,3509.48,5.0
103812,2024-12-03,West,Electronics,Smartphone,In-Store,Returning Customer,1,33434.17,5,31762.46,24411.4,7351.06,4.0
103813,2023-04-06,West,Beauty,Sunscreen,Online,Premium Member,5,1408.23,0,7041.15,4559.0,2482.15,5.0
103814,2023-03-22,North,Sports,Cricket Bat,Online,Premium Member,2,966.5,5,1836.35,1220.22,616.13,4.0
103815,2024-10-11,West,Beauty,Lipstick,In-Store,Premium Member,3,408.32,5,1163.71,852.06,311.65,
103816,2023-10-30,East,Clothing,Jeans,Online,Returning Customer,4,3240.6,10,11666.16,8530.21,3135.95,5.0
103817,2024-04-15,East,Sports,Dumbbells,In-Store,New Customer,3,3023.0,5,8615.55,5822.14,2793.41,5.0
103818,2024-01-26,North,Sports,Yoga Mat,In-Store,New Customer,4,1054.84,0,4219.36,2766.24,1453.12,
103819,2024-03-16,South,Clothing,Jeans,Online,New Customer,2,2211.65,10,3980.97,3274.79,706.18,2.0
103820,2024-12-27,North,Home & Kitchen,Vacuum Cleaner,Online,Premium Member,2,4313.77,0,8627.54,5499.47,3128.07,
103821,2023-02-04,East,Clothing,Sneakers,In-Store,Returning Customer,5,3419.36,5,16241.96,9846.22,6395.74,5.0
103822,2024-03-06,South,Grocery,Cooking Oil,Online,Returning Customer,5,93.04,5,441.94,256.08,185.86,4.0
103823,2023-10-23,North,Electronics,Headphones,Online,New Customer,2,7004.88,0,14009.76,9831.37,4178.39,5.0
103824,2023-02-09,North,Electronics,Smartphone,In-Store,New Customer,1,32236.92,5,30625.07,18435.62,12189.45,4.0
103825,2024-02-12,East,Electronics,Headphones,In-Store,Premium Member,2,9631.08,10,17335.94,10750.97,6584.97,5.0
103826,2023-01-25,West,Beauty,Lipstick,In-Store,Premium Member,4,492.47,10,1772.89,1458.79,314.1,5.0
103827,2024-09-13,South,Electronics,Laptop,Online,Premium Member,5,38144.48,0,190722.4,140280.92,50441.48,
103828,2023-07-19,South,Clothing,Jeans,In-Store,Returning Customer,1,3433.96,0,3433.96,2452.16,981.8,
103829,2024-05-27,North,Electronics,Bluetooth Speaker,Online,Returning Customer,1,20703.88,5,19668.69,14026.3,5642.39,4.0
103830,2024-08-16,South,Electronics,Smartphone,Online,Returning Customer,5,16509.29,10,74291.81,45834.66,28457.15,
103831,2023-11-26,West,Sports,Yoga Mat,In-Store,New Customer,1,1596.97,5,1517.12,887.36,629.76,4.0
103832,2024-07-23,East,Home & Kitchen,Mixer Grinder,In-Store,New Customer,4,5201.04,20,16643.33,15560.96,1082.37,3.0
103833,2023-09-22,North,Grocery,Snacks Combo,Online,Returning Customer,4,447.5,15,1521.5,1050.6,470.9,5.0
103834,2023-02-05,South,Beauty,Sunscreen,Online,New Customer,4,1073.25,0,4293.0,2903.15,1389.85,
103835,2024-07-28,North,Home & Kitchen,Cookware Set,Online,Returning Customer,1,2568.0,15,2182.8,1768.14,414.66,3.0
103836,2024-01-16,East,Beauty,Sunscreen,In-Store,New Customer,5,1109.85,0,5549.25,3989.83,1559.42,3.0
103837,2023-12-18,West,Grocery,Rice 5kg,Online,Premium Member,5,854.33,15,3630.9,2818.01,812.89,2.0
103838,2024-11-06,West,Sports,Cricket Bat,In-Store,Premium Member,3,2522.97,10,6812.02,4609.79,2202.23,5.0
103839,2023-08-22,North,Beauty,Sunscreen,Online,New Customer,1,1529.68,5,1453.2,965.75,487.45,4.0
103840,2023-12-19,North,Home & Kitchen,Vacuum Cleaner,Online,Returning Customer,1,2311.27,10,2080.14,1285.43,794.71,5.0
103841,2023-09-24,East,Grocery,Rice 5kg,Online,New Customer,4,307.31,0,1229.24,789.07,440.17,5.0
103842,2023-01-03,South,Grocery,Rice 5kg,Online,New Customer,3,839.44,0,2518.32,1674.7,843.62,1.0
103843,2024-02-10,East,Beauty,Lipstick,In-Store,Returning Customer,5,242.21,10,1089.94,697.03,392.91,5.0
103844,2024-07-17,South,Clothing,T-Shirt,In-Store,New Customer,3,2017.09,10,5446.14,4070.11,1376.03,3.0
103845,2024-08-08,South,Grocery,Snacks Combo,In-Store,New Customer,4,574.88,10,2069.57,1400.33,669.24,4.0
103846,2023-06-26,South,Grocery,Snacks Combo,In-Store,Premium Member,5,884.72,0,4423.6,2679.73,1743.87,5.0
103847,2024-03-26,East,Grocery,Cooking Oil,In-Store,Returning Customer,5,418.52,0,2092.6,1180.46,912.14,3.0
103848,2024-05-09,North,Sports,Yoga Mat,Online,Premium Member,4,3589.31,0,14357.24,7901.97,6455.27,5.0
103849,2024-10-14,East,Clothing,Dress,Online,Premium Member,4,2981.3,0,11925.2,7309.7,4615.5,3.0
103850,2023-01-29,West,Grocery,Cooking Oil,In-Store,New Customer,2,90.8,15,154.36,132.5,21.86,
103851,2023-02-25,East,Beauty,Face Wash,Online,Premium Member,1,919.72,0,919.72,518.88,400.84,4.0
103852,2024-08-30,West,Clothing,Sneakers,Online,Premium Member,4,3369.2,5,12802.96,10098.65,2704.31,1.0
103853,2023-09-14,West,Home & Kitchen,Air Fryer,Online,Premium Member,4,11961.38,20,38276.42,28576.23,9700.19,2.0
103854,2024-08-21,North,Home & Kitchen,Air Fryer,Online,Premium Member,4,10127.91,5,38486.06,30280.21,8205.85,
103855,2023-11-15,North,Grocery,Tea Pack,Online,New Customer,4,743.0,15,2526.2,2025.09,501.11,4.0
103856,2024-03-23,North,Electronics,Headphones,Online,Returning Customer,5,29051.03,5,137992.39,86289.48,51702.91,
103857,2024-08-22,East,Beauty,Face Wash,Online,New Customer,5,1017.77,0,5088.85,3779.77,1309.08,
103858,2023-01-12,South,Sports,Running Shoes,Online,Premium Member,3,3931.48,10,10615.0,8825.5,1789.5,4.0
103859,2024-04-02,West,Home & Kitchen,Cookware Set,Online,Returning Customer,5,2018.32,15,8577.86,6662.79,1915.07,4.0
103860,2024-05-08,East,Sports,Cricket Bat,In-Store,New Customer,2,2820.36,5,5358.68,3575.87,1782.81,5.0
103861,2024-03-13,North,Home & Kitchen,Vacuum Cleaner,Online,Returning Customer,5,1273.16,0,6365.8,4524.6,1841.2,5.0
103862,2023-06-12,North,Clothing,T-Shirt,In-Store,New Customer,2,379.98,5,721.96,535.6,186.36,5.0
103863,2023-04-14,North,Home & Kitchen,Air Fryer,In-Store,Returning Customer,1,6659.91,0,6659.91,4578.6,2081.31,
103864,2024-05-06,South,Beauty,Lipstick,In-Store,Returning Customer,3,851.5,0,2554.5,1888.9,665.6,
103865,2024-10-22,East,Clothing,T-Shirt,Online,Returning Customer,5,2359.83,0,11799.15,7569.49,4229.66,3.0
103866,2023-10-19,West,Sports,Dumbbells,Online,New Customer,2,2109.63,0,4219.26,2685.19,1534.07,
103867,2024-10-22,South,Clothing,Sneakers,In-Store,New Customer,2,1596.51,0,3193.02,2019.91,1173.11,4.0
103868,2023-12-25,North,Sports,Cricket Bat,In-Store,New Customer,1,2980.63,0,2980.63,1747.36,1233.27,5.0
103869,2024-10-03,West,Beauty,Face Wash,In-Store,New Customer,4,522.8,0,2091.2,1380.21,710.99,
103870,2023-02-15,South,Home & Kitchen,Air Fryer,Online,Returning Customer,3,1741.8,10,4702.86,3378.3,1324.56,
103871,2024-08-10,South,Sports,Yoga Mat,Online,New Customer,4,4501.1,5,17104.18,12345.18,4759.0,5.0
103872,2024-01-18,South,Grocery,Rice 5kg,In-Store,Returning Customer,3,889.47,10,2401.57,1852.0,549.57,
103873,2024-06-05,South,Clothing,Sneakers,In-Store,Premium Member,4,2623.68,20,8395.78,6627.37,1768.41,4.0
103874,2024-09-12,South,Electronics,Laptop,In-Store,New Customer,2,1729.66,5,3286.35,2264.33,1022.02,4.0
103875,2023-08-21,East,Electronics,Bluetooth Speaker,In-Store,New Customer,4,28725.4,5,109156.52,82020.47,27136.05,
103876,2023-05-27,West,Sports,Yoga Mat,Online,,3,3172.33,0,9516.99,6960.43,2556.56,
103877,2024-03-23,South,Grocery,Snacks Combo,Online,Returning Customer,2,590.69,5,1122.31,847.91,274.4,
103878,2023-10-16,South,Home & Kitchen,Cookware Set,In-Store,New Customer,1,7770.06,15,6604.55,4747.28,1857.27,5.0
103879,2024-01-07,East,Clothing,Jacket,Online,Premium Member,5,2046.35,5,9720.16,7420.35,2299.81,3.0
103880,2024-12-06,East,Beauty,Shampoo,Online,Premium Member,5,943.98,10,4247.91,2987.14,1260.77,
103881,2023-03-22,North,Sports,Dumbbells,Online,New Customer,4,5084.34,10,18303.62,13291.42,5012.2,3.0
103882,2024-05-30,East,Beauty,Sunscreen,In-Store,Premium Member,1,262.82,0,262.82,193.39,69.43,4.0
103883,2024-08-07,East,Beauty,Shampoo,Online,Premium Member,2,1561.66,0,3123.32,1814.66,1308.66,3.0
103884,2023-12-08,East,Grocery,Cooking Oil,Online,New Customer,1,100.52,5,95.49,57.58,37.91,3.0
103885,2023-04-04,East,Sports,Dumbbells,In-Store,New Customer,2,4822.57,15,8198.37,5641.9,2556.47,5.0
103886,2023-10-08,South,Home & Kitchen,Cookware Set,In-Store,New Customer,1,2586.06,10,2327.45,1423.05,904.4,4.0
103887,2023-03-04,West,Grocery,Snacks Combo,In-Store,Returning Customer,1,774.94,0,774.94,516.36,258.58,
103888,2023-06-01,North,Clothing,Dress,Online,New Customer,1,937.48,20,749.98,658.71,91.27,
103889,2024-10-27,West,Electronics,Smartwatch,Online,Returning Customer,2,24436.2,15,41541.54,28988.3,12553.24,3.0
103890,2023-05-06,South,Home & Kitchen,Vacuum Cleaner,Online,Returning Customer,1,8668.52,5,8235.09,5563.33,2671.76,3.0
103891,2024-02-07,East,Electronics,Laptop,Online,New Customer,5,43376.63,0,216883.15,142806.95,74076.2,
103892,2023-01-02,East,Electronics,Laptop,In-Store,New Customer,2,12935.06,5,24576.61,18771.54,5805.07,
103893,2024-01-07,East,Sports,Cricket Bat,Online,Returning Customer,4,3064.44,0,12257.76,8781.14,3476.62,5.0
103894,2024-04-16,West,Sports,Cricket Bat,Online,Premium Member,2,4100.38,10,7380.68,5398.0,1982.68,5.0
103895,2024-10-05,South,Electronics,Laptop,Online,Returning Customer,5,10601.19,10,47705.36,36597.35,11108.01,5.0
103896,2024-01-23,North,Sports,Yoga Mat,In-Store,Premium Member,1,1111.11,0,1111.11,821.41,289.7,5.0
103897,2024-03-02,North,Clothing,Dress,In-Store,Returning Customer,3,1613.81,10,4357.29,3066.33,1290.96,
103898,2024-03-05,East,Home & Kitchen,Mixer Grinder,Online,New Customer,3,5816.47,20,13959.53,11228.75,2730.78,
103899,2024-08-17,North,Sports,Running Shoes,In-Store,New Customer,2,4200.55,5,7981.04,4994.16,2986.88,4.0
103900,2024-04-16,South,Electronics,Smartwatch,Online,Returning Customer,1,1379.91,0,1379.91,812.97,566.94,4.0
103901,2024-03-22,West,Home & Kitchen,Air Fryer,In-Store,Returning Customer,2,9826.79,5,18670.9,11801.0,6869.9,
103902,2023-02-16,East,Home & Kitchen,Vacuum Cleaner,Online,Returning Customer,2,9616.48,10,17309.66,13052.67,4256.99,2.0
103903,2024-12-08,North,Home & Kitchen,Cookware Set,In-Store,New Customer,3,1828.72,0,5486.16,3337.84,2148.32,3.0
103904,2023-11-16,East,Home & Kitchen,Mixer Grinder,Online,Returning Customer,4,4719.55,0,18878.2,12478.38,6399.82,
103905,2023-02-26,East,Clothing,Dress,Online,New Customer,3,2852.81,10,7702.59,5665.69,2036.9,
103906,2024-01-10,West,Clothing,T-Shirt,Online,Premium Member,4,787.1,10,2833.56,1802.48,1031.08,4.0
103907,2024-04-09,East,Clothing,Dress,Online,New Customer,4,2629.95,0,10519.8,6001.26,4518.54,4.0
103908,2024-03-10,West,Sports,Running Shoes,Online,Returning Customer,3,5592.28,0,16776.84,11837.61,4939.23,4.0
103909,2024-07-10,West,Home & Kitchen,Air Fryer,Online,Returning Customer,4,1976.89,0,7907.56,5321.63,2585.93,
103910,2023-08-17,East,Home & Kitchen,Vacuum Cleaner,In-Store,New Customer,2,7973.44,15,13554.85,9907.75,3647.1,3.0
103911,2024-10-14,South,Beauty,Sunscreen,In-Store,Premium Member,2,965.28,20,1544.45,1140.45,404.0,3.0
103912,2023-10-04,West,Grocery,Snacks Combo,Online,New Customer,2,501.0,5,951.9,669.78,282.12,5.0
103913,2023-11-15,North,Electronics,Smartwatch,Online,New Customer,1,25815.07,10,23233.56,17548.59,5684.97,2.0
103914,2023-11-20,West,Electronics,Headphones,Online,Returning Customer,1,16692.23,5,15857.62,11335.67,4521.95,4.0
103915,2023-05-12,North,Grocery,Cooking Oil,Online,Premium Member,3,103.8,5,295.83,191.49,104.34,5.0
103916,2024-07-22,South,Beauty,Face Wash,Online,Returning Customer,5,761.5,0,3807.5,2200.4,1607.1,5.0
103917,2024-02-15,East,Beauty,Face Wash,Online,New Customer,4,403.96,20,1292.67,1154.0,138.67,4.0
103918,2023-07-25,East,Home & Kitchen,Cookware Set,In-Store,New Customer,2,11262.52,10,20272.54,12755.5,7517.04,2.0
103919,2024-12-30,North,Home & Kitchen,Air Fryer,Online,Returning Customer,3,4483.25,5,12777.26,9018.06,3759.2,3.0
103920,2023-05-19,North,Beauty,Face Wash,Online,Returning Customer,1,1347.61,0,1347.61,777.02,570.59,5.0
103921,2023-06-27,North,Electronics,Bluetooth Speaker,Online,Premium Member,1,39926.66,20,31941.33,22358.7,9582.63,4.0
103922,2024-11-10,South,Beauty,Sunscreen,Online,Returning Customer,1,1043.51,15,886.98,672.1,214.88,5.0
103923,2024-09-22,North,Beauty,Face Wash,In-Store,Returning Customer,3,1483.75,5,4228.69,3239.12,989.57,4.0
103924,2023-12-27,West,Electronics,Laptop,Online,New Customer,1,35231.32,0,35231.32,25927.91,9303.41,
103925,2024-05-18,South,Electronics,Laptop,In-Store,Returning Customer,1,10667.31,10,9600.58,6595.96,3004.62,2.0
103926,2024-05-12,North,Home & Kitchen,Cookware Set,Online,Premium Member,5,4090.78,20,16363.12,14835.73,1527.39,
103927,2023-05-07,West,Home & Kitchen,Cookware Set,In-Store,Returning Customer,3,11783.35,5,33582.55,22416.76,11165.79,3.0
103928,2024-03-22,North,Sports,Dumbbells,Online,Returning Customer,5,3172.98,10,14278.41,9619.21,4659.2,3.0
103929,2024-04-14,South,Beauty,Face Wash,In-Store,Returning Customer,5,842.95,10,3793.28,2355.03,1438.25,4.0
103930,2023-12-11,North,Clothing,Sneakers,In-Store,New Customer,4,2938.58,10,10578.89,8770.49,1808.4,4.0
103931,2023-11-29,East,Clothing,Jacket,Online,Returning Customer,1,301.9,20,241.52,192.67,48.85,
103932,2023-05-05,East,Electronics,Smartwatch,Online,New Customer,2,2919.22,10,5254.6,4270.05,984.55,3.0
103933,2024-08-03,North,Grocery,Snacks Combo,Online,Premium Member,5,401.43,0,2007.15,1425.15,582.0,
103934,2023-01-24,South,Home & Kitchen,Mixer Grinder,Online,Returning Customer,5,7315.64,15,31091.47,26927.46,4164.01,4.0
103935,2024-03-01,north,Grocery,Snacks Combo,Online,New Customer,5,323.92,15,1376.66,1201.29,175.37,5.0
103936,2024-02-15,North,Sports,Dumbbells,In-Store,Returning Customer,3,3078.82,0,9236.46,5761.53,3474.93,
103937,2023-06-19,North,Home & Kitchen,Air Fryer,Online,Premium Member,1,2954.79,20,2363.83,1870.61,493.22,5.0
103938,2023-05-10,East,Clothing,T-Shirt,In-Store,Returning Customer,4,1650.55,10,5941.98,4201.06,1740.92,4.0
103939,2024-09-27,South,Sports,Running Shoes,In-Store,Returning Customer,1,3838.98,15,3263.13,2213.28,1049.85,5.0
103940,2024-08-30,North,Clothing,Jacket,Online,Premium Member,2,1099.53,10,1979.15,1615.51,363.64,5.0
103941,2023-09-18,East,Electronics,Headphones,In-Store,Returning Customer,2,34436.8,10,61986.24,49440.35,12545.89,5.0
103942,2024-08-04,North,Grocery,Rice 5kg,Online,New Customer,1,657.52,15,558.89,470.07,88.82,4.0
103943,2024-06-07,East,Grocery,Rice 5kg,In-Store,Returning Customer,2,506.17,5,961.72,753.88,207.84,5.0
103944,2023-01-01,East,Home & Kitchen,Mixer Grinder,Online,Premium Member,3,4330.65,0,12991.95,9465.01,3526.94,4.0
103945,2024-06-24,West,Beauty,Shampoo,In-Store,New Customer,1,1770.54,0,1770.54,979.39,791.15,4.0
103946,2024-05-16,South,Grocery,Cooking Oil,In-Store,New Customer,1,228.37,15,194.11,168.23,25.88,
103947,2023-05-05,West,Beauty,Shampoo,Online,Premium Member,3,248.17,5,707.28,507.0,200.28,
103948,2023-04-19,South,Home & Kitchen,Mixer Grinder,Online,New Customer,1,9103.66,5,8648.48,5426.61,3221.87,
103949,2023-06-05,North,Grocery,Tea Pack,In-Store,New Customer,2,669.43,5,1271.92,891.51,380.41,4.0
103950,2024-12-27,North,Clothing,Jacket,Online,New Customer,2,716.91,15,1218.75,846.79,371.96,
103951,2023-12-19,West,Clothing,Jacket,Online,Returning Customer,2,1956.82,20,3130.91,2239.72,891.19,5.0
103952,2024-04-25,South,Clothing,T-Shirt,Online,New Customer,4,373.65,0,1494.6,950.81,543.79,4.0
103953,2023-06-29,West,Electronics,Laptop,Online,Returning Customer,5,43156.28,0,215781.4,135814.12,79967.28,4.0
103954,2024-06-06,East,Beauty,Lipstick,Online,Returning Customer,5,251.59,5,1195.05,849.18,345.87,5.0
103955,2024-01-05,North,Grocery,Tea Pack,In-Store,Returning Customer,4,266.46,0,1065.84,617.84,448.0,3.0
103956,2024-07-08,West,Grocery,Tea Pack,In-Store,Returning Customer,1,700.25,0,700.25,457.08,243.17,4.0
103957,2023-08-13,North,Home & Kitchen,Mixer Grinder,Online,Returning Customer,4,7219.15,10,25988.94,20211.16,5777.78,5.0
103958,2023-02-21,East,Beauty,Shampoo,In-Store,New Customer,5,425.77,10,1915.96,1442.29,473.67,1.0
103959,2023-05-13,East,Home & Kitchen,Vacuum Cleaner,Online,Returning Customer,2,10930.51,10,19674.92,15527.43,4147.49,3.0
103960,2024-11-15,North,Home & Kitchen,Air Fryer,Online,Premium Member,3,7539.22,10,20355.89,15009.7,5346.19,4.0
103961,2023-01-22,North,Grocery,Rice 5kg,Online,Returning Customer,5,511.97,15,2175.87,1918.52,257.35,4.0
103962,2024-10-13,North,Sports,Yoga Mat,Online,Premium Member,3,2750.06,5,7837.67,6035.66,1802.01,
103963,2023-01-17,East,Grocery,Snacks Combo,Online,Returning Customer,4,394.27,5,1498.23,1137.05,361.18,
103964,2024-02-19,West,Sports,Dumbbells,Online,Premium Member,5,1323.93,20,5295.72,4255.13,1040.59,
103965,2023-06-10,South,Sports,Yoga Mat,In-Store,Returning Customer,1,5939.13,5,5642.17,4116.65,1525.52,3.0
103966,2024-03-08,South,Grocery,Cooking Oil,In-Store,New Customer,5,607.59,5,2886.05,1765.25,1120.8,4.0
103967,2023-06-23,North,Clothing,T-Shirt,Online,Returning Customer,4,1420.65,20,4546.08,3543.75,1002.33,3.0
103968,2023-09-11,West,Grocery,Rice 5kg,Online,Returning Customer,4,518.92,5,1971.9,1383.91,587.99,5.0
103969,2023-11-15,East,Clothing,T-Shirt,Online,Premium Member,4,2403.15,5,9131.97,6520.6,2611.37,4.0
103970,2024-04-17,East,Grocery,Snacks Combo,Online,,3,757.37,10,2044.9,1664.82,380.08,
103971,2024-07-31,East,Beauty,Shampoo,Online,Returning Customer,3,1431.18,0,4293.54,2368.42,1925.12,
103972,2024-10-25,South,Home & Kitchen,Vacuum Cleaner,In-Store,New Customer,1,10922.6,20,8738.08,6797.68,1940.4,
103973,2023-10-18,South,Electronics,Laptop,Online,New Customer,1,31917.08,0,31917.08,22560.62,9356.46,5.0
103974,2024-01-12,East,Sports,Dumbbells,Online,Premium Member,5,1539.14,20,6156.56,4280.39,1876.17,2.0
103975,2023-12-08,South,Sports,Yoga Mat,Online,Returning Customer,1,3310.26,0,3310.26,2398.07,912.19,4.0
103976,2024-04-21,North,Electronics,Smartphone,In-Store,Returning Customer,2,3801.57,0,7603.14,4277.68,3325.46,
103977,2023-07-30,North,Beauty,Shampoo,In-Store,New Customer,1,931.99,5,885.39,668.86,216.53,3.0
103978,2024-11-25,South,Electronics,Smartwatch,Online,Returning Customer,2,21647.96,5,41131.12,32157.69,8973.43,2.0
103979,2023-05-27,North,Electronics,Smartphone,Online,Returning Customer,3,38445.14,5,109568.65,75948.49,33620.16,4.0
103980,2023-08-23,North,Electronics,Smartphone,Online,Returning Customer,3,41967.37,0,125902.11,73799.28,52102.83,4.0
103981,2024-04-14,West,Beauty,Lipstick,In-Store,Returning Customer,5,1792.64,5,8515.04,5844.37,2670.67,
103982,2023-06-29,North,Sports,Dumbbells,In-Store,New Customer,2,4819.92,0,9639.84,5344.03,4295.81,4.0
103983,2024-11-06,West,Electronics,Smartphone,Online,Returning Customer,2,16141.61,0,32283.22,22579.58,9703.64,3.0
103984,2023-10-20,west,Clothing,Jacket,Online,Premium Member,5,1917.18,5,9106.6,6935.38,2171.22,4.0
103985,2023-01-04,North,Grocery,Snacks Combo,In-Store,New Customer,1,648.35,5,615.93,409.26,206.67,5.0
103986,2024-05-22,West,Grocery,Cooking Oil,Online,New Customer,1,250.62,0,250.62,139.04,111.58,
103987,2024-04-04,South,Grocery,Rice 5kg,In-Store,New Customer,1,499.68,10,449.71,301.41,148.3,2.0
103988,2023-06-20,East,Electronics,Bluetooth Speaker,Online,New Customer,5,11938.75,5,56709.06,41281.43,15427.63,5.0
103989,2023-05-30,West,Electronics,Bluetooth Speaker,Online,New Customer,4,13645.45,0,54581.8,30972.13,23609.67,5.0
103990,2024-06-19,North,Clothing,Sneakers,In-Store,New Customer,2,3283.49,0,6566.98,4043.52,2523.46,4.0
103991,2023-08-07,South,Home & Kitchen,Air Fryer,Online,Premium Member,2,2450.64,0,4901.28,3529.89,1371.39,2.0
103992,2023-10-09,South,Sports,Running Shoes,Online,Returning Customer,5,4678.28,10,21052.26,14462.76,6589.5,
103993,2024-02-27,South,Sports,Yoga Mat,Online,New Customer,4,2117.4,0,8469.6,5894.99,2574.61,4.0
103994,2024-08-19,East,Beauty,Sunscreen,In-Store,Premium Member,2,757.54,10,1363.57,873.66,489.91,
103995,2023-12-01,East,Home & Kitchen,Mixer Grinder,In-Store,Premium Member,1,11134.17,5,10577.46,7071.25,3506.21,4.0
103996,2023-01-11,East,Beauty,Lipstick,Online,Premium Member,2,1684.87,10,3032.77,2340.66,692.11,1.0
103997,2023-05-19,North,Grocery,Rice 5kg,Online,New Customer,4,607.44,0,2429.76,1818.63,611.13,
103998,2023-05-17,East,Grocery,Cooking Oil,Online,Returning Customer,3,416.32,5,1186.51,707.19,479.32,5.0
103999,2023-09-22,North,Grocery,Cooking Oil,Online,Returning Customer,1,749.03,0,749.03,509.08,239.95,5.0
104000,2024-06-22,West,Sports,Yoga Mat,Online,Returning Customer,3,5368.39,15,13689.39,10601.38,3088.01,
104001,2024-08-12,North,Sports,Running Shoes,Online,Returning Customer,5,4879.7,20,19518.8,14675.71,4843.09,
104002,2024-01-05,East,Sports,Yoga Mat,In-Store,Returning Customer,1,2880.27,5,2736.26,1738.54,997.72,5.0
104003,2024-12-26,South,Beauty,Sunscreen,Online,Premium Member,4,1535.46,0,6141.84,4540.54,1601.3,5.0
104004,2023-05-09,West,Home & Kitchen,Cookware Set,In-Store,Returning Customer,4,11442.33,0,45769.32,32204.0,13565.32,
104005,2024-04-06,East,Grocery,Cooking Oil,Online,New Customer,3,727.51,5,2073.4,1273.24,800.16,3.0
104006,2024-05-20,North,Clothing,Jacket,Online,Returning Customer,4,2649.29,0,10597.16,7478.31,3118.85,2.0
104007,2023-10-16,North,Electronics,Bluetooth Speaker,Online,Returning Customer,2,32744.18,5,62213.94,45386.68,16827.26,
104008,2024-09-21,West,Sports,Dumbbells,Online,New Customer,2,4308.91,0,8617.82,4762.43,3855.39,5.0
104009,2023-09-29,South,Beauty,Shampoo,Online,Returning Customer,1,532.07,0,532.07,296.09,235.98,
104010,2023-05-28,East,Beauty,Lipstick,In-Store,New Customer,5,629.8,10,2834.1,2288.9,545.2,
104011,2024-12-09,West,Grocery,Tea Pack,Online,New Customer,5,189.41,0,947.05,635.81,311.24,
104012,2024-06-27,West,Clothing,Sneakers,Online,Returning Customer,5,1025.57,20,4102.28,3263.99,838.29,
104013,2023-08-01,East,Home & Kitchen,Air Fryer,Online,New Customer,5,11192.34,15,47567.44,34259.79,13307.65,5.0
104014,2024-09-25,South,Grocery,Snacks Combo,Online,Premium Member,3,194.29,0,582.87,434.38,148.49,5.0
104015,2024-11-28,South,Electronics,Headphones,In-Store,Returning Customer,2,26651.85,10,47973.33,30960.42,17012.91,2.0
104016,2023-03-16,South,Sports,Dumbbells,Online,New Customer,2,5610.11,0,11220.22,8152.48,3067.74,4.0
104017,2024-09-10,East,Home & Kitchen,Cookware Set,Online,New Customer,1,3263.37,0,3263.37,2239.0,1024.37,
104018,2024-10-09,West,Beauty,Lipstick,In-Store,New Customer,5,791.68,0,3958.4,2714.66,1243.74,4.0
104019,2023-10-12,West,Sports,Yoga Mat,Online,Returning Customer,5,1846.01,5,8768.55,5965.81,2802.74,3.0
104020,2024-05-27,South,Grocery,Snacks Combo,Online,Returning Customer,4,143.43,5,545.03,385.84,159.19,3.0
104021,2023-10-05,South,Grocery,Snacks Combo,Online,Premium Member,4,741.81,0,2967.24,1964.7,1002.54,3.0
104022,2023-04-06,North,Electronics,Bluetooth Speaker,In-Store,New Customer,3,33629.72,0,100889.16,63249.72,37639.44,4.0
104023,2024-10-03,East,Grocery,Tea Pack,Online,Returning Customer,3,121.46,5,346.16,221.79,124.37,5.0
104024,2024-12-24,North,Home & Kitchen,Cookware Set,Online,Returning Customer,3,2987.01,0,8961.03,5484.6,3476.43,
104025,2024-09-20,North,Beauty,Shampoo,Online,Premium Member,3,1011.47,15,2579.25,2063.59,515.66,
104026,2024-08-12,South,Sports,Cricket Bat,Online,New Customer,5,1794.67,10,8076.02,6116.91,1959.11,
104027,2023-08-15,South,Grocery,Tea Pack,Online,Returning Customer,4,867.62,10,3123.43,2005.96,1117.47,
104028,2023-11-03,North,Electronics,Laptop,Online,Returning Customer,1,34328.18,15,29178.95,23447.43,5731.52,4.0
104029,2024-01-28,West,Grocery,Snacks Combo,In-Store,New Customer,5,708.67,0,3543.35,2002.82,1540.53,5.0
104030,2023-05-29,South,Beauty,Shampoo,In-Store,Premium Member,1,727.8,15,618.63,479.55,139.08,3.0
104031,2024-12-02,South,Grocery,Snacks Combo,Online,Returning Customer,1,881.42,0,881.42,537.18,344.24,
104032,2024-07-22,South,Sports,Running Shoes,In-Store,Premium Member,1,4875.46,0,4875.46,3304.38,1571.08,4.0
104033,2023-09-24,South,Beauty,Shampoo,Online,New Customer,1,1303.84,15,1108.26,846.11,262.15,5.0
104034,2024-07-25,East,Electronics,Bluetooth Speaker,In-Store,Premium Member,1,11270.59,5,10707.06,6770.99,3936.07,5.0
104035,2024-12-25,West,Grocery,Snacks Combo,In-Store,Returning Customer,4,431.49,15,1467.07,1145.65,321.42,3.0
104036,2024-08-21,East,Home & Kitchen,Cookware Set,In-Store,Returning Customer,5,1053.84,15,4478.82,3541.23,937.59,
104037,2023-04-07,South,Electronics,Smartwatch,Online,Returning Customer,3,10080.81,5,28730.31,17627.07,11103.24,3.0
104038,2023-08-16,North,Clothing,Sneakers,In-Store,New Customer,1,977.81,5,928.92,727.9,201.02,
104039,2024-05-03,South,Clothing,Dress,In-Store,Returning Customer,4,2431.59,10,8753.72,6532.05,2221.67,5.0
104040,2023-08-14,East,Home & Kitchen,Cookware Set,In-Store,Returning Customer,4,6877.79,10,24760.04,15591.12,9168.92,5.0
104041,2024-06-22,North,Clothing,Dress,In-Store,New Customer,1,2354.83,0,2354.83,1687.33,667.5,
104042,2023-12-23,South,Clothing,Dress,In-Store,Returning Customer,5,308.15,20,1232.6,980.34,252.26,3.0
104043,2024-11-27,south,Electronics,Smartphone,Online,New Customer,1,16944.64,5,16097.41,10772.49,5324.92,1.0
104044,2024-09-16,North,Sports,Yoga Mat,In-Store,Returning Customer,5,3165.16,0,15825.8,9039.91,6785.89,
104045,2024-06-27,West,Grocery,Tea Pack,Online,Returning Customer,1,697.36,0,697.36,511.05,186.31,
104046,2024-04-29,East,Home & Kitchen,Cookware Set,Online,Premium Member,2,10276.4,0,20552.8,12672.79,7880.01,4.0
104047,2024-01-30,North,Sports,Dumbbells,In-Store,New Customer,2,4618.17,0,9236.34,5864.15,3372.19,
104048,2024-05-07,West,Beauty,Lipstick,In-Store,Premium Member,1,1670.71,5,1587.17,956.25,630.92,
104049,2023-03-10,West,Clothing,Jacket,Online,Returning Customer,2,2120.55,15,3604.94,2466.84,1138.1,
104050,2024-01-28,North,Home & Kitchen,Air Fryer,Online,Returning Customer,2,9649.65,5,18334.34,12006.45,6327.89,
104051,2024-09-07,West,Grocery,Tea Pack,Online,Returning Customer,5,513.02,0,2565.1,1607.51,957.59,5.0
104052,2024-04-09,West,Grocery,Cooking Oil,In-Store,Premium Member,2,276.97,15,470.85,347.12,123.73,
104053,2024-08-11,East,Beauty,Lipstick,Online,Returning Customer,5,1522.88,10,6852.96,4666.97,2185.99,3.0
104054,2024-01-05,North,Electronics,Smartphone,Online,New Customer,2,7044.66,0,14089.32,8418.45,5670.87,
104055,2023-02-23,East,Clothing,Sneakers,Online,Returning Customer,2,3431.01,10,6175.82,5006.03,1169.79,5.0
104056,2024-03-11,West,Clothing,Jeans,Online,New Customer,5,2474.76,0,12373.8,6847.49,5526.31,5.0
104057,2024-11-27,East,Grocery,Cooking Oil,Online,New Customer,5,684.98,0,3424.9,2454.23,970.67,4.0
104058,2023-02-07,East,Sports,Cricket Bat,Online,Premium Member,1,3863.73,10,3477.36,2639.4,837.96,4.0
104059,2024-08-19,North,Sports,Yoga Mat,Online,Premium Member,1,3410.38,0,3410.38,2220.79,1189.59,5.0
104060,2023-11-03,South,Electronics,Smartphone,In-Store,New Customer,1,2801.88,15,2381.6,1604.11,777.49,4.0
104061,2024-08-13,East,Clothing,Sneakers,Online,Returning Customer,5,529.41,5,2514.7,1553.51,961.19,3.0
104062,2024-10-07,East,Grocery,Snacks Combo,In-Store,,3,283.27,15,722.34,533.46,188.88,5.0
104063,2023-11-22,North,Sports,Cricket Bat,Online,Premium Member,3,871.11,0,2613.33,1767.77,845.56,3.0
104064,2024-08-15,South,Grocery,Rice 5kg,In-Store,New Customer,5,655.13,15,2784.3,2322.76,461.54,3.0
104065,2023-08-16,North,Clothing,Jeans,In-Store,Returning Customer,5,2909.67,5,13820.93,8914.71,4906.22,
104066,2023-04-08,North,Electronics,Smartphone,In-Store,New Customer,4,41260.29,0,165041.16,119491.02,45550.14,2.0
104067,2024-10-20,South,Beauty,Lipstick,Online,Premium Member,2,1621.34,5,3080.55,2018.37,1062.18,5.0
104068,2024-09-11,West,Sports,Yoga Mat,In-Store,Premium Member,2,1350.47,0,2700.94,2007.78,693.16,5.0
104069,2023-06-20,South,Electronics,Laptop,Online,Premium Member,2,34100.52,5,64790.99,39452.01,25338.98,
104070,2023-01-09,South,Electronics,Smartwatch,In-Store,Returning Customer,5,19415.87,0,97079.35,65401.44,31677.91,3.0
104071,2024-10-31,East,Clothing,Jeans,Online,Returning Customer,2,2422.43,5,4602.62,2841.61,1761.01,
104072,2024-08-14,East,Clothing,Jeans,In-Store,Returning Customer,2,756.69,0,1513.38,1003.85,509.53,
104073,2024-12-04,South,Clothing,Dress,Online,New Customer,1,1803.73,10,1623.36,1050.12,573.24,5.0
104074,2023-05-02,South,Grocery,Snacks Combo,In-Store,Returning Customer,4,664.24,20,2125.57,1564.7,560.87,3.0
104075,2023-06-08,West,Beauty,Lipstick,Online,New Customer,4,1776.05,0,7104.2,4285.62,2818.58,
104076,2024-12-30,East,Clothing,Dress,Online,Returning Customer,1,3384.2,10,3045.78,2124.77,921.01,5.0
104077,2024-05-13,West,Electronics,Headphones,Online,New Customer,4,3632.92,0,14531.68,9407.7,5123.98,
104078,2024-12-11,West,Grocery,Cooking Oil,Online,Premium Member,4,795.71,15,2705.41,2270.99,434.42,
104079,2024-09-04,North,Clothing,Jeans,In-Store,Returning Customer,4,2220.27,10,7992.97,5010.58,2982.39,
104080,2024-05-02,North,Beauty,Face Wash,In-Store,Returning Customer,3,1080.13,10,2916.35,1968.94,947.41,
104081,2023-10-19,West,Beauty,Lipstick,Online,Returning Customer,2,447.71,15,761.11,519.4,241.71,5.0
104082,2024-12-11,West,Electronics,Smartwatch,In-Store,Returning Customer,1,11675.01,15,9923.76,6668.63,3255.13,5.0
104083,2023-02-09,North,Sports,Yoga Mat,Online,Returning Customer,3,759.12,15,1935.76,1514.22,421.54,5.0
104084,2024-08-16,South,Electronics,Laptop,Online,New Customer,2,28950.72,10,52111.3,41357.34,10753.96,5.0
104085,2023-10-16,North,Home & Kitchen,Air Fryer,In-Store,Returning Customer,2,1115.94,20,1785.5,1578.26,207.24,2.0
104086,2023-01-28,South,Home & Kitchen,Air Fryer,Online,Returning Customer,5,7743.74,0,38718.7,28687.46,10031.24,2.0
104087,2023-07-10,West,Clothing,Dress,Online,Returning Customer,1,2284.26,5,2170.05,1259.96,910.09,
104088,2024-02-14,East,Home & Kitchen,Mixer Grinder,Online,Returning Customer,1,3676.27,0,3676.27,2226.3,1449.97,4.0
104089,2024-12-07,North,Grocery,Snacks Combo,In-Store,New Customer,3,462.05,15,1178.23,947.42,230.81,
104090,2023-07-14,North,Grocery,Snacks Combo,In-Store,Returning Customer,1,521.61,0,521.61,308.95,212.66,
104091,2023-05-13,South,Clothing,Jeans,Online,Returning Customer,3,1941.26,0,5823.78,3831.06,1992.72,5.0
104092,2024-05-21,North,Beauty,Lipstick,Online,Returning Customer,3,278.0,15,708.9,617.7,91.2,4.0
104093,2023-06-19,North,Sports,Running Shoes,In-Store,Premium Member,5,3179.76,5,15103.86,10434.27,4669.59,
104094,2023-08-05,East,Beauty,Shampoo,Online,Premium Member,2,1176.88,5,2236.07,1542.16,693.91,2.0
104095,2024-11-25,West,Sports,Cricket Bat,In-Store,New Customer,1,682.14,0,682.14,380.95,301.19,2.0
104096,2023-03-18,North,Beauty,Shampoo,Online,Returning Customer,5,990.8,0,4954.0,3623.65,1330.35,4.0
104097,2024-10-28,North,Beauty,Sunscreen,Online,New Customer,5,303.26,0,1516.3,960.53,555.77,4.0
104098,2023-02-07,East,Clothing,Jeans,Online,Returning Customer,5,1107.43,10,4983.44,3466.97,1516.47,3.0
104099,2024-01-16,West,Beauty,Lipstick,Online,New Customer,4,1519.13,15,5165.04,3907.61,1257.43,3.0
104100,2023-01-30,South,Home & Kitchen,Mixer Grinder,Online,Returning Customer,5,7952.28,10,35785.26,24256.65,11528.61,4.0
104101,2024-03-06,North,Clothing,Jacket,Online,Returning Customer,4,1443.9,10,5198.04,4238.64,959.4,2.0
104102,2024-11-28,North,Electronics,Headphones,Online,Returning Customer,2,15805.34,5,30030.15,23516.68,6513.47,5.0
104103,2024-08-18,South,Home & Kitchen,Air Fryer,In-Store,Premium Member,2,2183.0,0,4366.0,3200.6,1165.4,4.0
104104,2023-03-02,South,Electronics,Laptop,In-Store,Premium Member,4,32985.51,0,131942.04,82816.58,49125.46,4.0
104105,2023-11-04,South,Home & Kitchen,Cookware Set,Online,Returning Customer,5,3946.54,0,19732.7,12529.1,7203.6,5.0
104106,2023-07-14,South,Sports,Running Shoes,Online,New Customer,2,4880.3,15,8296.51,7194.12,1102.39,5.0
104107,2024-02-17,West,Beauty,Face Wash,Online,New Customer,3,846.61,0,2539.83,1423.54,1116.29,4.0
104108,2023-01-19,North,Home & Kitchen,Mixer Grinder,Online,New Customer,3,8640.51,20,20737.22,15107.8,5629.42,
104109,2023-05-29,South,Grocery,Rice 5kg,Online,Returning Customer,4,824.59,10,2968.52,2455.51,513.01,5.0
104110,2023-08-21,North,Sports,Yoga Mat,Online,Returning Customer,5,5754.17,20,23016.68,16116.37,6900.31,
104111,2024-06-28,East,Home & Kitchen,Mixer Grinder,Online,Premium Member,4,1081.19,0,4324.76,2962.7,1362.06,5.0
104112,2024-06-30,North,Sports,Dumbbells,Online,Returning Customer,1,5517.28,5,5241.42,3340.53,1900.89,5.0
104113,2023-03-28,South,Home & Kitchen,Cookware Set,In-Store,New Customer,3,1665.68,15,4247.48,2844.8,1402.68,3.0
104114,2023-07-01,West,Electronics,Smartphone,Online,New Customer,1,40850.25,5,38807.74,25500.42,13307.32,4.0
104115,2023-05-29,North,Electronics,Smartphone,Online,Premium Member,3,19445.65,10,52503.26,38743.16,13760.1,3.0
104116,2023-07-18,North,Home & Kitchen,Cookware Set,In-Store,Premium Member,5,5859.34,0,29296.7,20730.57,8566.13,4.0
104117,2024-09-10,South,Home & Kitchen,Vacuum Cleaner,In-Store,Returning Customer,5,10880.43,15,46241.83,33547.29,12694.54,4.0
104118,2023-06-02,East,Home & Kitchen,Mixer Grinder,Online,Premium Member,4,2042.23,0,8168.92,4522.93,3645.99,3.0
104119,2023-03-21,West,Clothing,T-Shirt,Online,Returning Customer,3,1663.58,0,4990.74,2830.83,2159.91,5.0
104120,2023-01-11,North,Home & Kitchen,Vacuum Cleaner,Online,New Customer,2,8678.6,15,14753.62,12770.5,1983.12,4.0
104121,2023-02-25,North,Sports,Dumbbells,In-Store,Returning Customer,4,2969.45,0,11877.8,8761.63,3116.17,4.0
104122,2024-12-13,South,Grocery,Cooking Oil,In-Store,New Customer,5,248.03,5,1178.14,928.35,249.79,5.0
104123,2024-06-21,East,Grocery,Tea Pack,Online,Returning Customer,5,804.98,5,3823.66,2316.02,1507.64,1.0
104124,2023-02-19,East,Beauty,Shampoo,In-Store,Returning Customer,3,1479.6,0,4438.8,2551.75,1887.05,3.0
104125,2023-05-14,North,Electronics,Bluetooth Speaker,Online,New Customer,1,25002.92,5,23752.77,18486.94,5265.83,
104126,2024-02-09,West,Grocery,Snacks Combo,Online,Returning Customer,2,535.11,0,1070.22,673.47,396.75,
104127,2024-03-13,North,Beauty,Face Wash,Online,Returning Customer,4,611.04,0,2444.16,1704.71,739.45,4.0
104128,2024-09-14,West,Grocery,Cooking Oil,In-Store,Returning Customer,3,524.04,0,1572.12,963.74,608.38,4.0
104129,2024-03-08,South,Electronics,Smartphone,Online,Returning Customer,3,43710.93,10,118019.51,88267.04,29752.47,5.0
104130,2024-01-07,South,Grocery,Cooking Oil,Online,New Customer,4,279.55,0,1118.2,829.24,288.96,4.0
104131,2023-09-30,East,Beauty,Face Wash,Online,Premium Member,4,849.68,15,2888.91,2361.62,527.29,
104132,2023-07-06,West,Beauty,Face Wash,Online,Premium Member,2,1299.91,0,2599.82,1544.99,1054.83,4.0
104133,2024-04-30,South,Home & Kitchen,Cookware Set,Online,Returning Customer,2,2934.19,0,5868.38,3350.28,2518.1,1.0
104134,2023-10-21,West,Clothing,Sneakers,Online,Returning Customer,5,522.57,5,2482.21,1828.87,653.34,
104135,2024-02-01,North,Electronics,Smartwatch,In-Store,New Customer,3,36556.73,5,104186.68,68618.46,35568.22,5.0
104136,2023-10-23,South,Clothing,Sneakers,In-Store,,3,576.89,0,1730.67,1206.82,523.85,5.0
104137,2023-07-16,North,Sports,Cricket Bat,Online,Returning Customer,3,5368.38,0,16105.14,12031.27,4073.87,5.0
104138,2024-04-03,East,Clothing,Jacket,Online,Premium Member,5,1425.12,5,6769.32,4399.24,2370.08,5.0
104139,2024-11-13,West,Sports,Running Shoes,Online,Returning Customer,5,3645.1,5,17314.22,12836.55,4477.67,2.0
104140,2023-05-28,South,Grocery,Tea Pack,Online,,2,517.04,10,930.67,594.95,335.72,4.0
104141,2024-09-26,North,Home & Kitchen,Mixer Grinder,Online,New Customer,2,2445.82,20,3913.31,3408.05,505.26,3.0
104142,2024-08-28,East,Electronics,Smartwatch,In-Store,Premium Member,3,18320.05,10,49464.13,38146.22,11317.91,4.0
104143,2023-12-15,West,Beauty,Lipstick,Online,Returning Customer,1,1226.33,0,1226.33,680.8,545.53,5.0
104144,2023-10-28,East,Home & Kitchen,Cookware Set,Online,Premium Member,3,8893.18,5,25345.56,17725.81,7619.75,4.0
104145,2024-03-09,South,Clothing,T-Shirt,In-Store,Returning Customer,4,2692.45,10,9692.82,7814.29,1878.53,5.0
104146,2023-02-17,South,Home & Kitchen,Cookware Set,In-Store,New Customer,2,11577.83,15,19682.31,16429.42,3252.89,
104147,2023-06-26,West,Grocery,Tea Pack,Online,Returning Customer,1,674.52,0,674.52,386.86,287.66,1.0
104148,2023-07-15,West,Electronics,Headphones,Online,Premium Member,3,44595.12,10,120406.82,95212.1,25194.72,
104149,2024-01-16,South,Electronics,Smartwatch,Online,Returning Customer,1,20775.15,5,19736.39,14570.11,5166.28,5.0
104150,2023-05-28,South,Home & Kitchen,Vacuum Cleaner,Online,Returning Customer,3,8268.34,0,24805.02,15607.1,9197.92,5.0
104151,2023-06-29,West,Beauty,Shampoo,Online,Returning Customer,3,1624.61,0,4873.83,3542.3,1331.53,4.0
104152,2023-07-07,North,Clothing,T-Shirt,In-Store,New Customer,3,651.06,0,1953.18,1226.76,726.42,
104153,2024-09-24,East,Home & Kitchen,Cookware Set,Online,New Customer,4,5594.27,5,21258.23,13983.96,7274.27,
104154,2024-06-06,North,Home & Kitchen,Air Fryer,Online,New Customer,4,1826.49,0,7305.96,4323.95,2982.01,
104155,2024-02-05,North,Grocery,Rice 5kg,Online,New Customer,2,615.81,10,1108.46,908.75,199.71,4.0
104156,2023-03-28,South,Grocery,Snacks Combo,Online,Returning Customer,2,201.77,0,403.54,282.03,121.51,
104157,2023-08-28,East,Clothing,Sneakers,In-Store,Premium Member,3,2891.45,0,8674.35,5203.93,3470.42,2.0
104158,2024-07-01,North,Grocery,Rice 5kg,Online,Returning Customer,2,851.3,20,1362.08,1084.48,277.6,4.0
104159,2023-02-20,North,Grocery,Tea Pack,Online,New Customer,1,424.77,0,424.77,279.33,145.44,4.0
104160,2024-01-17,East,Home & Kitchen,Mixer Grinder,Online,Returning Customer,2,1302.94,0,2605.88,1895.53,710.35,
104161,2024-08-21,West,Clothing,Jeans,In-Store,New Customer,1,683.72,10,615.35,389.4,225.95,1.0
104162,2023-08-06,North,Grocery,Tea Pack,In-Store,New Customer,5,322.25,10,1450.12,1051.99,398.13,4.0
104163,2023-08-15,East,Electronics,Smartwatch,Online,Premium Member,5,23478.82,5,111524.4,67319.63,44204.77,3.0
104164,2023-04-12,South,Beauty,Sunscreen,In-Store,Returning Customer,4,298.68,10,1075.25,772.48,302.77,2.0
104165,2024-01-22,west,Clothing,Jacket,Online,New Customer,4,3225.11,5,12255.42,8490.51,3764.91,3.0
104166,2023-08-31,East,Sports,Dumbbells,Online,Premium Member,2,5683.28,0,11366.56,8481.73,2884.83,3.0
104167,2024-01-25,North,Electronics,Headphones,Online,New Customer,2,3499.9,10,6299.82,4029.07,2270.75,
104168,2023-10-22,West,Sports,Yoga Mat,Online,New Customer,5,2453.18,20,9812.72,8946.35,866.37,
104169,2024-10-02,West,Electronics,Headphones,Online,New Customer,1,5672.5,10,5105.25,3407.27,1697.98,
104170,2024-11-12,North,Home & Kitchen,Air Fryer,Online,New Customer,2,3612.24,5,6863.26,4531.08,2332.18,
104171,2023-10-30,North,Home & Kitchen,Cookware Set,Online,Returning Customer,3,6641.87,5,18929.33,12255.52,6673.81,1.0
104172,2024-11-15,North,Sports,Cricket Bat,In-Store,Returning Customer,1,3644.11,5,3461.9,2246.39,1215.51,
104173,2024-10-14,North,Electronics,Laptop,Online,,3,12180.92,5,34715.62,21825.3,12890.32,
104174,2023-06-01,South,Sports,Yoga Mat,In-Store,Premium Member,2,4968.67,5,9440.47,6846.59,2593.88,
104175,2023-04-10,West,Clothing,Dress,In-Store,New Customer,5,2951.65,10,13282.42,9195.71,4086.71,3.0
104176,2023-02-23,East,Electronics,Smartphone,In-Store,New Customer,4,19633.9,10,70682.04,55820.22,14861.82,
104177,2023-03-23,South,Grocery,Rice 5kg,Online,Returning Customer,1,204.01,5,193.81,113.37,80.44,
104178,2023-09-19,East,Beauty,Lipstick,In-Store,Returning Customer,3,1669.07,0,5007.21,2903.99,2103.22,5.0
104179,2023-06-15,South,Grocery,Cooking Oil,In-Store,New Customer,4,844.42,5,3208.8,2040.05,1168.75,3.0
104180,2024-07-25,West,Sports,Yoga Mat,In-Store,New Customer,3,1818.58,0,5455.74,3531.63,1924.11,
104181,2023-10-25,North,Grocery,Tea Pack,Online,Premium Member,3,484.13,5,1379.77,1019.98,359.79,
104182,2023-11-02,East,Home & Kitchen,Cookware Set,Online,New Customer,2,4162.25,20,6659.6,5121.56,1538.04,
104183,2023-11-09,East,Grocery,Snacks Combo,Online,New Customer,2,108.29,10,194.92,127.56,67.36,
104184,2023-06-01,North,Beauty,Lipstick,In-Store,Returning Customer,5,321.86,0,1609.3,1048.38,560.92,1.0
104185,2024-10-01,North,Grocery,Rice 5kg,Online,Returning Customer,1,571.98,5,543.38,334.72,208.66,
104186,2024-01-30,West,Home & Kitchen,Vacuum Cleaner,In-Store,New Customer,3,9122.12,0,27366.36,18798.92,8567.44,3.0
104187,2023-06-12,East,Home & Kitchen,Air Fryer,In-Store,Premium Member,4,1330.6,20,4257.92,3669.29,588.63,1.0
104188,2023-06-20,South,Sports,Cricket Bat,In-Store,Premium Member,2,4096.73,5,7783.79,4701.32,3082.47,5.0
104189,2023-06-27,East,Clothing,Jeans,In-Store,Premium Member,4,3401.33,15,11564.52,8667.44,2897.08,
104190,2023-10-04,North,Sports,Cricket Bat,In-Store,New Customer,4,2602.62,0,10410.48,7455.89,2954.59,4.0
104191,2024-05-08,East,Electronics,Bluetooth Speaker,In-Store,Premium Member,1,1873.53,10,1686.18,1064.92,621.26,
104192,2023-11-08,South,Electronics,Bluetooth Speaker,In-Store,Returning Customer,4,8624.89,5,32774.58,20715.42,12059.16,4.0
104193,2024-10-28,West,Grocery,Snacks Combo,In-Store,Premium Member,4,342.16,10,1231.78,811.77,420.01,5.0
104194,2023-04-26,North,Electronics,Bluetooth Speaker,Online,New Customer,3,6629.86,5,18895.1,13698.04,5197.06,
104195,2023-06-24,East,Sports,Dumbbells,Online,New Customer,1,2408.52,0,2408.52,1472.3,936.22,4.0
104196,2024-06-22,West,Sports,Yoga Mat,Online,Returning Customer,4,5589.58,0,22358.32,14398.92,7959.4,
104197,2024-11-25,South,Beauty,Shampoo,In-Store,New Customer,1,612.84,0,612.84,441.89,170.95,
104198,2024-02-13,West,Home & Kitchen,Air Fryer,Online,Premium Member,1,5342.64,5,5075.51,3221.21,1854.3,4.0
104199,2024-06-29,North,Sports,Running Shoes,In-Store,Returning Customer,1,3133.03,0,3133.03,2102.9,1030.13,2.0
104200,2023-04-29,West,Clothing,Dress,Online,Returning Customer,5,3196.97,5,15185.61,11040.45,4145.16,5.0
104201,2023-02-14,South,Beauty,Lipstick,In-Store,New Customer,5,706.98,0,3534.9,2485.06,1049.84,
104202,2024-09-12,North,Home & Kitchen,Air Fryer,In-Store,Returning Customer,1,6518.27,0,6518.27,3820.5,2697.77,3.0
104203,2024-08-08,West,Beauty,Shampoo,In-Store,Premium Member,5,1692.8,5,8040.8,5930.76,2110.04,
104204,2023-05-31,South,Clothing,Sneakers,Online,Premium Member,3,2668.86,5,7606.25,5060.8,2545.45,
104205,2024-05-26,East,Beauty,Face Wash,In-Store,Returning Customer,5,635.99,0,3179.95,2251.97,927.98,4.0
104206,2023-07-02,South,Home & Kitchen,Cookware Set,Online,Premium Member,2,4775.32,5,9073.11,6904.36,2168.75,3.0
104207,2023-01-10,South,Sports,Dumbbells,In-Store,New Customer,1,960.37,10,864.33,611.75,252.58,5.0
104208,2024-11-11,North,Beauty,Face Wash,In-Store,New Customer,2,586.87,5,1115.05,820.31,294.74,3.0
104209,2024-07-26,East,Beauty,Sunscreen,Online,Returning Customer,4,1653.11,10,5951.2,4776.95,1174.25,3.0
104210,2023-04-18,West,Grocery,Cooking Oil,Online,Returning Customer,4,340.84,0,1363.36,825.83,537.53,
104211,2024-06-11,East,Sports,Running Shoes,In-Store,New Customer,3,4864.78,0,14594.34,10356.51,4237.83,
104212,2023-07-23,South,Clothing,T-Shirt,Online,,3,2562.92,10,6919.88,4289.56,2630.32,4.0
104213,2023-02-09,North,Sports,Yoga Mat,Online,Returning Customer,3,3268.72,10,8825.54,6648.5,2177.04,4.0
104214,2024-07-10,West,Clothing,Sneakers,In-Store,Returning Customer,1,412.04,0,412.04,304.12,107.92,4.0
104215,2024-03-13,South,Home & Kitchen,Air Fryer,Online,Returning Customer,5,7527.66,10,33874.47,23956.08,9918.39,5.0
104216,2024-11-17,East,Beauty,Sunscreen,Online,New Customer,2,365.41,0,730.82,488.09,242.73,2.0
104217,2024-08-21,East,Electronics,Laptop,Online,New Customer,2,39671.03,0,79342.06,47737.54,31604.52,5.0
104218,2024-04-07,North,Beauty,Sunscreen,Online,Premium Member,4,324.65,5,1233.67,786.26,447.41,
104219,2024-12-08,West,Beauty,Sunscreen,Online,Returning Customer,1,1069.33,10,962.4,588.42,373.98,
104220,2023-09-05,West,Sports,Cricket Bat,Online,Returning Customer,3,4735.36,0,14206.08,9812.61,4393.47,3.0
104221,2023-09-02,north,Electronics,Laptop,Online,Returning Customer,2,30361.39,0,60722.78,34932.4,25790.38,4.0
104222,2023-04-24,North,Sports,Cricket Bat,Online,New Customer,5,5913.82,15,25133.73,17044.56,8089.17,5.0
104223,2023-12-04,North,Sports,Cricket Bat,Online,Premium Member,5,2978.58,0,14892.9,10937.23,3955.67,2.0
104224,2023-10-22,North,Electronics,Laptop,Online,Returning Customer,2,23124.41,10,41623.94,28871.64,12752.3,4.0
104225,2023-08-09,East,Beauty,Shampoo,In-Store,Returning Customer,1,780.94,0,780.94,551.9,229.04,4.0
104226,2023-06-28,West,Beauty,Face Wash,In-Store,Premium Member,4,816.32,10,2938.75,2342.34,596.41,2.0
104227,2024-10-10,West,Home & Kitchen,Air Fryer,Online,Returning Customer,2,5185.21,10,9333.38,6954.01,2379.37,4.0
104228,2023-01-16,West,Beauty,Face Wash,In-Store,Returning Customer,4,1269.1,0,5076.4,3738.98,1337.42,
104229,2023-12-02,North,Home & Kitchen,Air Fryer,Online,Returning Customer,5,9668.13,20,38672.52,33344.34,5328.18,4.0
104230,2024-11-28,South,Grocery,Cooking Oil,Online,New Customer,5,112.4,0,562.0,374.45,187.55,4.0
104231,2023-03-29,East,Grocery,Cooking Oil,Online,Premium Member,2,615.84,5,1170.1,703.89,466.21,
104232,2024-01-21,South,Clothing,Dress,Online,Premium Member,4,1496.99,10,5389.16,3904.03,1485.13,5.0
104233,2024-04-10,West,Electronics,Bluetooth Speaker,Online,Returning Customer,5,27376.74,10,123195.33,76606.4,46588.93,3.0
104234,2023-02-21,West,Beauty,Shampoo,In-Store,,4,907.99,5,3450.36,2680.76,769.6,4.0
104235,2024-07-27,West,Grocery,Tea Pack,Online,New Customer,1,764.53,10,688.08,570.21,117.87,5.0
104236,2023-12-15,North,Grocery,Snacks Combo,In-Store,Returning Customer,4,276.16,10,994.18,631.68,362.5,5.0
104237,2024-10-17,South,Electronics,Bluetooth Speaker,Online,Returning Customer,2,42817.72,5,81353.67,53004.53,28349.14,
104238,2024-07-28,South,Beauty,Shampoo,Online,Returning Customer,1,1190.82,20,952.66,664.76,287.9,
104239,2024-05-08,West,Electronics,Bluetooth Speaker,In-Store,New Customer,1,28027.01,0,28027.01,20029.78,7997.23,
104240,2023-05-18,South,Beauty,Shampoo,In-Store,Returning Customer,3,320.84,0,962.52,693.92,268.6,4.0
104241,2024-04-18,North,Home & Kitchen,Air Fryer,In-Store,Premium Member,3,10486.36,5,29886.13,22951.04,6935.09,
104242,2024-04-07,West,Home & Kitchen,Mixer Grinder,Online,Returning Customer,5,5086.24,0,25431.2,14119.93,11311.27,
104243,2023-07-22,West,Sports,Dumbbells,Online,New Customer,1,1556.52,10,1400.87,881.89,518.98,5.0
104244,2024-04-09,East,Home & Kitchen,Vacuum Cleaner,In-Store,New Customer,1,4985.19,0,4985.19,3186.16,1799.03,5.0
104245,2024-09-30,North,Home & Kitchen,Vacuum Cleaner,Online,Returning Customer,5,10162.02,5,48269.6,33100.13,15169.47,
104246,2024-11-21,West,Electronics,Bluetooth Speaker,In-Store,Premium Member,2,17317.19,15,29439.22,24099.54,5339.68,4.0
104247,2024-08-27,East,Grocery,Snacks Combo,Online,New Customer,2,616.22,5,1170.82,823.94,346.88,
104248,2023-07-08,East,Grocery,Snacks Combo,In-Store,Premium Member,3,383.03,15,976.73,641.03,335.7,4.0
104249,2023-05-12,East,Electronics,Smartphone,In-Store,New Customer,1,13076.97,5,12423.12,7270.01,5153.11,3.0
104250,2024-01-26,East,Clothing,T-Shirt,In-Store,Returning Customer,1,2467.87,5,2344.48,1408.96,935.52,4.0
104251,2023-05-31,North,Sports,Cricket Bat,Online,Returning Customer,5,1721.63,5,8177.74,5109.82,3067.92,
104252,2024-06-20,North,Clothing,Jacket,In-Store,New Customer,2,2237.16,0,4474.32,3240.23,1234.09,5.0
104253,2023-11-18,East,Sports,Yoga Mat,Online,Returning Customer,1,5282.62,5,5018.49,3900.5,1117.99,4.0
104254,2024-06-11,East,Beauty,Sunscreen,Online,New Customer,4,1477.35,5,5613.93,3602.42,2011.51,5.0
104255,2023-01-04,West,Electronics,Smartphone,Online,Premium Member,3,12854.64,15,32779.33,24208.44,8570.89,
104256,2023-01-27,East,Beauty,Lipstick,Online,New Customer,5,831.45,5,3949.39,2933.48,1015.91,
104257,2024-09-25,North,Electronics,Bluetooth Speaker,In-Store,New Customer,1,4992.27,0,4992.27,3308.47,1683.8,4.0
104258,2023-12-19,North,Beauty,Sunscreen,Online,Returning Customer,1,396.1,0,396.1,249.3,146.8,1.0
104259,2024-03-13,West,Clothing,Jeans,Online,New Customer,5,2985.9,10,13436.55,8903.73,4532.82,
104260,2023-04-21,West,Clothing,Dress,In-Store,New Customer,5,2631.52,15,11183.96,8126.51,3057.45,
104261,2024-12-27,West,Electronics,Smartwatch,Online,Returning Customer,1,24907.76,5,23662.37,14796.29,8866.08,
104262,2024-05-09,East,Grocery,Cooking Oil,Online,Returning Customer,1,172.38,15,146.52,114.27,32.25,5.0
104263,2024-07-30,South,Home & Kitchen,Mixer Grinder,Online,New Customer,5,4904.22,0,24521.1,15651.86,8869.24,5.0
104264,2024-01-26,North,Sports,Cricket Bat,In-Store,New Customer,2,4863.02,10,8753.44,6334.62,2418.82,1.0
104265,2024-03-13,South,Grocery,Snacks Combo,In-Store,New Customer,2,115.05,0,230.1,156.48,73.62,
104266,2023-10-12,East,Electronics,Headphones,In-Store,Returning Customer,5,16994.15,10,76473.68,59277.33,17196.35,5.0
104267,2023-08-28,West,Electronics,Headphones,In-Store,New Customer,2,17420.69,5,33099.31,22640.37,10458.94,4.0
104268,2023-06-01,North,Sports,Yoga Mat,In-Store,Premium Member,4,5355.41,0,21421.64,13107.8,8313.84,
104269,2023-09-06,West,Electronics,Laptop,Online,Returning Customer,5,27064.32,10,121789.44,78072.17,43717.27,4.0
104270,2023-04-17,West,Home & Kitchen,Cookware Set,Online,,4,5076.04,10,18273.74,14378.12,3895.62,
104271,2023-08-25,East,Grocery,Snacks Combo,Online,Premium Member,5,240.8,5,1143.8,807.34,336.46,5.0
104272,2024-11-06,South,Clothing,Jacket,Online,New Customer,1,508.01,5,482.61,315.21,167.4,
104273,2023-11-27,East,Home & Kitchen,Mixer Grinder,Online,Returning Customer,5,1632.53,20,6530.12,5291.73,1238.39,4.0
104274,2023-09-13,East,Clothing,Sneakers,Online,New Customer,1,2214.78,15,1882.56,1461.51,421.05,
104275,2024-04-20,East,Clothing,T-Shirt,Online,Returning Customer,1,3374.41,5,3205.69,1860.93,1344.76,3.0
104276,2024-01-22,North,Grocery,Snacks Combo,In-Store,New Customer,5,364.49,5,1731.33,1312.95,418.38,
104277,2023-12-12,North,Clothing,T-Shirt,Online,Returning Customer,3,2724.41,0,8173.23,4622.65,3550.58,4.0
104278,2024-04-16,East,Grocery,Rice 5kg,Online,Returning Customer,3,792.55,0,2377.65,1659.69,717.96,1.0
104279,2023-11-15,North,Sports,Running Shoes,Online,New Customer,5,1874.13,5,8902.12,6324.55,2577.57,5.0
104280,2023-11-25,North,Sports,Dumbbells,Online,Premium Member,3,5642.06,10,15233.56,11486.32,3747.24,5.0
104281,2023-01-04,North,Electronics,Smartwatch,In-Store,Returning Customer,3,28650.98,0,85952.94,57360.75,28592.19,4.0
104282,2023-09-16,East,Home & Kitchen,Cookware Set,In-Store,Returning Customer,3,5504.55,0,16513.65,11943.06,4570.59,5.0
104283,2023-08-06,South,Electronics,Headphones,Online,Premium Member,2,25335.48,5,48137.41,31616.07,16521.34,1.0
104284,2023-12-20,South,Home & Kitchen,Air Fryer,In-Store,Premium Member,4,11233.65,10,40441.14,27808.68,12632.46,
104285,2023-06-11,North,Sports,Dumbbells,Online,Returning Customer,5,4227.38,5,20080.06,14922.1,5157.96,5.0
104286,2024-10-16,North,Home & Kitchen,Air Fryer,In-Store,Premium Member,5,4245.92,0,21229.6,13046.46,8183.14,3.0
104287,2023-10-27,North,Grocery,Snacks Combo,Online,Returning Customer,4,702.58,0,2810.32,1918.13,892.19,
104288,2023-05-19,South,Clothing,Jacket,Online,Returning Customer,2,2865.97,0,5731.94,4223.71,1508.23,
104289,2024-08-23,East,Sports,Running Shoes,Online,Returning Customer,4,974.79,10,3509.24,2692.22,817.02,
104290,2023-12-03,East,Electronics,Smartwatch,In-Store,New Customer,5,37177.35,20,148709.4,138317.11,10392.29,5.0
104291,2024-10-22,East,Beauty,Lipstick,Online,Returning Customer,4,707.29,0,2829.16,1960.44,868.72,3.0
104292,2024-09-25,West,Grocery,Tea Pack,Online,Returning Customer,4,213.54,0,854.16,548.07,306.09,5.0
104293,2024-08-22,North,Electronics,Bluetooth Speaker,Online,New Customer,1,9963.88,0,9963.88,7211.36,2752.52,5.0
104294,2024-10-15,North,Home & Kitchen,Vacuum Cleaner,In-Store,Returning Customer,5,9716.76,10,43725.42,31154.43,12570.99,3.0
104295,2023-08-12,East,Sports,Running Shoes,In-Store,New Customer,4,2541.35,0,10165.4,5990.48,4174.92,
104296,2023-08-21,South,Grocery,Tea Pack,In-Store,Returning Customer,5,613.09,5,2912.18,1811.75,1100.43,4.0
104297,2023-11-01,East,Grocery,Snacks Combo,Online,Premium Member,4,380.18,10,1368.65,1128.34,240.31,5.0
104298,2024-08-26,West,Grocery,Snacks Combo,In-Store,Returning Customer,5,226.36,10,1018.62,774.85,243.77,4.0
104299,2023-06-03,south,Clothing,Dress,Online,New Customer,5,1618.84,5,7689.49,5773.53,1915.96,
104300,2023-12-29,West,Beauty,Lipstick,Online,Returning Customer,1,1016.92,15,864.38,570.64,293.74,4.0
104301,2023-03-19,East,Electronics,Smartphone,Online,Premium Member,1,13702.66,0,13702.66,10248.61,3454.05,4.0
104302,2024-10-30,North,Grocery,Snacks Combo,In-Store,New Customer,2,355.3,5,675.07,509.23,165.84,1.0
104303,2023-05-28,West,Home & Kitchen,Air Fryer,Online,New Customer,2,1782.9,0,3565.8,2056.87,1508.93,3.0
104304,2023-03-28,West,Home & Kitchen,Vacuum Cleaner,Online,New Customer,4,1791.69,5,6808.42,4478.01,2330.41,4.0
104305,2024-02-16,East,Clothing,Sneakers,Online,New Customer,1,1406.61,0,1406.61,990.16,416.45,5.0
104306,2023-11-14,North,Sports,Yoga Mat,Online,Premium Member,3,923.79,5,2632.8,1629.86,1002.94,2.0
104307,2024-04-11,South,Beauty,Shampoo,Online,Returning Customer,3,443.31,5,1263.43,985.19,278.24,4.0
104308,2024-07-08,East,Electronics,Bluetooth Speaker,Online,,5,18669.89,5,88681.98,64536.71,24145.27,
104309,2024-02-17,East,Beauty,Shampoo,Online,New Customer,5,909.03,5,4317.89,2783.53,1534.36,
104310,2023-03-05,South,Electronics,Smartphone,In-Store,Premium Member,3,17209.48,0,51628.44,29179.11,22449.33,
104311,2024-08-21,West,Beauty,Face Wash,Online,New Customer,4,1322.14,20,4230.85,3197.49,1033.36,1.0
104312,2023-11-27,West,Grocery,Cooking Oil,In-Store,Returning Customer,3,608.24,5,1733.48,1075.61,657.87,
104313,2023-12-30,South,Beauty,Shampoo,In-Store,New Customer,1,1465.8,10,1319.22,948.11,371.11,
104314,2023-11-17,East,Electronics,Headphones,Online,Returning Customer,5,3002.42,10,13510.89,10224.37,3286.52,
104315,2023-05-24,West,Home & Kitchen,Air Fryer,Online,New Customer,4,3226.83,5,12261.95,7229.15,5032.8,5.0
104316,2023-04-06,East,Beauty,Face Wash,In-Store,Returning Customer,3,738.37,0,2215.11,1372.86,842.25,5.0
104317,2023-12-14,East,Clothing,Jeans,Online,New Customer,1,615.26,0,615.26,355.2,260.06,1.0
104318,2024-09-04,East,Clothing,Dress,In-Store,Premium Member,3,555.05,15,1415.38,1131.54,283.84,1.0
104319,2024-05-07,West,Sports,Running Shoes,In-Store,New Customer,3,1045.88,0,3137.64,2024.5,1113.14,
104320,2024-08-19,West,Grocery,Tea Pack,Online,Premium Member,2,583.42,0,1166.84,667.5,499.34,5.0
104321,2024-01-01,South,Beauty,Shampoo,Online,Returning Customer,2,1585.06,5,3011.61,2272.26,739.35,3.0
104322,2023-01-23,South,Beauty,Sunscreen,Online,Returning Customer,4,1509.32,0,6037.28,4169.36,1867.92,3.0
104323,2023-09-17,North,Clothing,Sneakers,Online,Returning Customer,4,2055.99,0,8223.96,5668.79,2555.17,5.0
104324,2024-10-13,North,Grocery,Tea Pack,In-Store,Returning Customer,5,108.05,0,540.25,352.86,187.39,5.0
104325,2023-11-07,East,Grocery,Snacks Combo,In-Store,Premium Member,5,470.35,10,2116.58,1673.87,442.71,
104326,2024-03-07,East,Home & Kitchen,Vacuum Cleaner,Online,Premium Member,4,7623.25,5,28968.35,19408.39,9559.96,5.0
104327,2024-10-09,North,Electronics,Smartphone,Online,Returning Customer,1,40056.15,5,38053.34,26631.84,11421.5,4.0
104328,2023-09-03,South,Grocery,Tea Pack,In-Store,New Customer,3,603.63,0,1810.89,1328.88,482.01,2.0
104329,2023-11-22,West,Home & Kitchen,Air Fryer,Online,Returning Customer,1,9606.52,0,9606.52,6972.95,2633.57,4.0
104330,2023-08-24,West,Electronics,Laptop,In-Store,Returning Customer,1,40556.52,0,40556.52,28748.36,11808.16,5.0
104331,2024-04-03,West,Sports,Running Shoes,Online,Returning Customer,5,3884.9,10,17482.05,10792.85,6689.2,
104332,2024-10-23,North,Sports,Dumbbells,Online,Returning Customer,5,1947.28,0,9736.4,5739.05,3997.35,5.0
104333,2023-06-06,East,Grocery,Snacks Combo,Online,Returning Customer,3,351.32,5,1001.26,694.29,306.97,4.0
104334,2023-10-04,North,Grocery,Cooking Oil,In-Store,Returning Customer,4,221.59,0,886.36,516.19,370.17,3.0
104335,2024-05-22,South,Clothing,Sneakers,Online,New Customer,5,758.93,0,3794.65,2239.38,1555.27,4.0
104336,2023-08-09,West,Clothing,Sneakers,In-Store,New Customer,3,1100.39,0,3301.17,2103.53,1197.64,5.0
104337,2024-05-31,West,Home & Kitchen,Vacuum Cleaner,Online,Returning Customer,2,9937.93,5,18882.07,14560.93,4321.14,
104338,2024-08-12,North,Beauty,Face Wash,Online,Returning Customer,4,840.07,15,2856.24,2382.82,473.42,1.0
104339,2023-09-06,South,Home & Kitchen,Mixer Grinder,In-Store,New Customer,3,1687.02,10,4554.95,3022.53,1532.42,5.0
104340,2023-11-09,North,Beauty,Lipstick,Online,New Customer,2,1607.63,0,3215.26,2397.91,817.35,
104341,2024-10-10,South,Beauty,Lipstick,In-Store,New Customer,4,644.25,5,2448.15,1551.3,896.85,
104342,2023-09-24,North,Electronics,Bluetooth Speaker,In-Store,Premium Member,2,44117.9,10,79412.22,64806.27,14605.95,5.0
104343,2024-02-26,East,Sports,Yoga Mat,Online,New Customer,2,5297.15,10,9534.87,6549.04,2985.83,5.0
104344,2024-10-18,South,Sports,Dumbbells,In-Store,New Customer,2,5542.37,5,10530.5,6732.27,3798.23,4.0
104345,2024-12-25,South,Home & Kitchen,Mixer Grinder,Online,Premium Member,3,7496.93,0,22490.79,16401.5,6089.29,5.0
104346,2024-07-08,South,Sports,Dumbbells,In-Store,New Customer,5,5872.82,0,29364.1,21814.93,7549.17,
104347,2024-10-23,North,Clothing,T-Shirt,Online,New Customer,1,3293.43,0,3293.43,2421.35,872.08,
104348,2023-05-18,North,Electronics,Laptop,Online,Returning Customer,1,11760.76,5,11172.72,8246.78,2925.94,5.0
104349,2023-03-07,East,Grocery,Tea Pack,In-Store,Returning Customer,4,665.18,5,2527.68,1932.34,595.34,4.0
104350,2023-05-25,West,Grocery,Rice 5kg,Online,New Customer,3,885.9,0,2657.7,1656.86,1000.84,
104351,2024-07-24,East,Clothing,T-Shirt,Online,,5,2562.08,5,12169.88,9124.35,3045.53,5.0
104352,2023-03-05,North,Clothing,T-Shirt,Online,Premium Member,3,2460.42,5,7012.2,4220.76,2791.44,5.0
104353,2024-04-11,West,Clothing,Dress,In-Store,Premium Member,3,783.63,20,1880.71,1702.61,178.1,
104354,2023-02-24,North,Home & Kitchen,Cookware Set,Online,Returning Customer,4,4332.71,0,17330.84,11226.81,6104.03,5.0
104355,2023-03-11,West,Clothing,T-Shirt,Online,Returning Customer,4,819.03,0,3276.12,2004.37,1271.75,5.0
104356,2023-09-04,North,Electronics,Bluetooth Speaker,In-Store,Premium Member,1,23580.37,0,23580.37,16650.46,6929.91,5.0
104357,2023-11-11,East,Sports,Yoga Mat,In-Store,Premium Member,5,3349.76,0,16748.8,10541.97,6206.83,4.0
104358,2023-08-06,East,Electronics,Smartwatch,In-Store,Returning Customer,5,24557.49,15,104369.33,82961.8,21407.53,4.0
104359,2024-07-17,North,Beauty,Sunscreen,In-Store,Premium Member,4,158.24,0,632.96,364.25,268.71,5.0
104360,2024-12-17,North,Grocery,Rice 5kg,Online,Returning Customer,1,876.54,0,876.54,646.62,229.92,4.0
104361,2023-10-26,West,Home & Kitchen,Cookware Set,Online,Returning Customer,1,10367.45,10,9330.71,6068.07,3262.64,4.0
104362,2024-09-13,West,Electronics,Headphones,In-Store,New Customer,4,37568.11,0,150272.44,99594.09,50678.35,3.0
104363,2023-03-18,East,Grocery,Rice 5kg,Online,Returning Customer,4,624.87,20,1999.58,1573.44,426.14,4.0
104364,2024-11-02,East,Home & Kitchen,Vacuum Cleaner,In-Store,Premium Member,4,2019.76,0,8079.04,5132.16,2946.88,4.0
104365,2023-03-19,West,Clothing,Dress,In-Store,Returning Customer,2,2623.93,20,4198.29,3505.79,692.5,
104366,2023-11-30,South,Grocery,Tea Pack,Online,Premium Member,4,505.9,10,1821.24,1512.65,308.59,
104367,2024-05-20,East,Beauty,Sunscreen,In-Store,Returning Customer,4,1118.11,15,3801.57,2749.92,1051.65,5.0
104368,2023-06-12,North,Clothing,Jeans,Online,New Customer,4,1803.98,10,6494.33,4114.3,2380.03,4.0
104369,2023-05-29,North,Home & Kitchen,Cookware Set,Online,New Customer,4,7517.31,10,27062.32,17352.41,9709.91,5.0
104370,2024-02-22,East,Home & Kitchen,Cookware Set,Online,New Customer,5,7047.08,20,28188.32,23908.67,4279.65,4.0
104371,2024-11-11,East,Clothing,Jacket,Online,Returning Customer,1,1634.59,0,1634.59,982.44,652.15,4.0
104372,2023-01-31,South,Sports,Yoga Mat,Online,Premium Member,4,1508.34,5,5731.69,4154.45,1577.24,5.0
104373,2024-12-25,North,Electronics,Headphones,Online,Premium Member,5,10557.84,0,52789.2,32208.58,20580.62,
104374,2024-02-12,South,Clothing,T-Shirt,Online,New Customer,5,1899.91,10,8549.6,5336.88,3212.72,4.0
104375,2024-06-06,East,Beauty,Shampoo,Online,New Customer,3,745.56,10,2013.01,1656.24,356.77,5.0
104376,2023-10-07,North,Sports,Cricket Bat,Online,Premium Member,5,5233.55,5,24859.36,17672.89,7186.47,4.0
104377,2023-08-01,North,Electronics,Smartwatch,Online,New Customer,5,4512.38,0,22561.9,14615.08,7946.82,4.0
104378,2024-03-25,West,Beauty,Shampoo,Online,Returning Customer,2,652.82,5,1240.36,820.81,419.55,1.0
104379,2024-08-06,North,Home & Kitchen,Vacuum Cleaner,Online,New Customer,5,2808.84,0,14044.2,7771.79,6272.41,
104380,2024-03-12,West,Electronics,Smartwatch,Online,New Customer,2,21165.98,20,33865.57,29379.57,4486.0,
104381,2024-12-04,East,Beauty,Shampoo,Online,Returning Customer,1,1013.2,5,962.54,640.9,321.64,
104382,2023-10-18,East,Sports,Running Shoes,In-Store,Returning Customer,2,1599.33,0,3198.66,1824.58,1374.08,
104383,2023-05-26,South,Beauty,Face Wash,In-Store,Returning Customer,3,699.59,15,1783.95,1400.19,383.76,
104384,2023-06-10,north,Beauty,Shampoo,In-Store,Returning Customer,4,708.54,0,2834.16,1841.38,992.78,4.0
104385,2024-12-08,North,Electronics,Bluetooth Speaker,Online,Returning Customer,1,29839.72,5,28347.73,16910.11,11437.62,
104386,2024-03-24,North,Grocery,Cooking Oil,In-Store,Returning Customer,4,195.48,20,625.54,435.39,190.15,5.0
104387,2023-07-28,South,Clothing,Jacket,Online,New Customer,2,1991.49,0,3982.98,2423.63,1559.35,5.0
104388,2023-05-17,East,Grocery,Snacks Combo,In-Store,Returning Customer,2,833.95,10,1501.11,1042.95,458.16,4.0
104389,2023-12-04,West,Sports,Dumbbells,Online,Returning Customer,1,4740.12,5,4503.11,3226.27,1276.84,
104390,2023-06-13,North,Beauty,Sunscreen,In-Store,New Customer,5,1478.56,0,7392.8,4553.53,2839.27,
104391,2023-08-12,east,Grocery,Snacks Combo,Online,New Customer,4,251.46,0,1005.84,567.26,438.58,5.0
104392,2023-08-19,East,Sports,Dumbbells,In-Store,New Customer,1,1115.29,0,1115.29,772.44,342.85,
104393,2023-11-22,North,Sports,Running Shoes,Online,Premium Member,3,5560.75,10,15014.02,10297.6,4716.42,
104394,2023-12-23,East,Clothing,Jacket,Online,Premium Member,3,1757.61,0,5272.83,3605.28,1667.55,2.0
104395,2023-01-10,East,Electronics,Smartwatch,Online,Returning Customer,4,44443.61,5,168885.72,113439.49,55446.23,
104396,2024-12-21,West,Clothing,Jeans,Online,New Customer,2,2474.24,0,4948.48,3032.88,1915.6,
104397,2024-09-03,North,Sports,Cricket Bat,Online,Returning Customer,4,5797.33,10,20870.39,15685.55,5184.84,4.0
104398,2023-11-09,East,Home & Kitchen,Cookware Set,In-Store,New Customer,5,6488.07,0,32440.35,19682.32,12758.03,4.0
104399,2023-02-04,East,Beauty,Shampoo,In-Store,Premium Member,3,904.6,0,2713.8,1673.74,1040.06,
104400,2023-08-21,East,Sports,Dumbbells,Online,New Customer,3,4647.98,10,12549.55,8515.5,4034.05,3.0
104401,2023-11-02,West,Electronics,Smartphone,In-Store,Returning Customer,2,18017.83,0,36035.66,23891.29,12144.37,
104402,2024-06-09,West,Electronics,Headphones,Online,New Customer,4,34527.09,0,138108.36,82186.09,55922.27,5.0
104403,2023-09-12,South,Sports,Yoga Mat,Online,Returning Customer,4,1684.84,10,6065.42,4710.79,1354.63,4.0
104404,2023-10-15,South,Home & Kitchen,Air Fryer,Online,Premium Member,3,5838.97,5,16641.06,10966.88,5674.18,3.0
104405,2023-06-03,South,Clothing,T-Shirt,Online,New Customer,2,836.06,0,1672.12,1246.16,425.96,4.0
104406,2023-07-11,West,Electronics,Smartwatch,In-Store,Premium Member,3,21274.28,20,51058.27,45618.71,5439.56,3.0
104407,2024-02-18,South,Sports,Dumbbells,Online,New Customer,3,4393.99,10,11863.77,8650.33,3213.44,
104408,2024-02-14,South,Beauty,Lipstick,In-Store,Returning Customer,3,1322.41,0,3967.23,2831.91,1135.32,1.0
104409,2024-02-09,South,Sports,Cricket Bat,Online,Returning Customer,1,1727.74,5,1641.35,987.52,653.83,
104410,2024-02-16,South,Grocery,Cooking Oil,In-Store,Returning Customer,1,477.89,10,430.1,356.31,73.79,5.0
104411,2023-03-09,East,Electronics,Smartphone,Online,Premium Member,5,31740.78,0,158703.9,90178.88,68525.02,
104412,2023-07-12,North,Clothing,Jeans,Online,,2,957.58,10,1723.64,1340.75,382.89,4.0
104413,2023-05-23,East,Sports,Yoga Mat,Online,New Customer,1,457.47,15,388.85,302.92,85.93,
104414,2024-04-24,East,Clothing,Jeans,Online,Returning Customer,5,2314.56,0,11572.8,7349.68,4223.12,3.0
104415,2023-12-21,North,Home & Kitchen,Air Fryer,Online,Premium Member,1,1187.09,0,1187.09,871.05,316.04,3.0
104416,2023-09-02,North,Beauty,Face Wash,Online,New Customer,1,1546.93,5,1469.58,1039.14,430.44,5.0
104417,2023-03-10,east,Home & Kitchen,Cookware Set,In-Store,New Customer,2,2505.96,0,5011.92,3111.05,1900.87,
104418,2024-07-23,South,Sports,Yoga Mat,In-Store,Returning Customer,3,2850.85,0,8552.55,5881.02,2671.53,3.0
104419,2024-05-02,North,Home & Kitchen,Vacuum Cleaner,Online,Premium Member,3,8462.85,15,21580.27,15157.53,6422.74,
104420,2024-11-26,south,Clothing,T-Shirt,Online,New Customer,5,3475.43,15,14770.58,12468.8,2301.78,4.0
104421,2024-08-07,West,Clothing,T-Shirt,In-Store,Returning Customer,5,3459.8,5,16434.05,10820.48,5613.57,
104422,2024-09-11,East,Clothing,T-Shirt,Online,Returning Customer,1,593.01,5,563.36,336.08,227.28,3.0
104423,2024-06-17,South,Sports,Yoga Mat,Online,Returning Customer,2,4747.74,0,9495.48,6894.52,2600.96,4.0
104424,2023-05-01,North,Clothing,Jeans,In-Store,Premium Member,5,1015.21,15,4314.64,3284.61,1030.03,3.0
104425,2023-12-24,North,Clothing,Sneakers,Online,Returning Customer,1,3324.66,15,2825.96,2403.72,422.24,3.0
104426,2023-09-06,North,Clothing,T-Shirt,Online,Returning Customer,1,3398.69,5,3228.76,1916.99,1311.77,4.0
104427,2023-05-04,South,Beauty,Sunscreen,In-Store,New Customer,4,1760.44,0,7041.76,5273.35,1768.41,5.0
104428,2023-04-17,North,Home & Kitchen,Vacuum Cleaner,Online,Returning Customer,3,6917.58,5,19715.1,13540.99,6174.11,
104429,2023-05-08,South,Home & Kitchen,Vacuum Cleaner,In-Store,Premium Member,2,11097.72,5,21085.67,15849.3,5236.37,4.0
104430,2023-03-09,North,Home & Kitchen,Vacuum Cleaner,In-Store,Returning Customer,1,7134.72,10,6421.25,4276.84,2144.41,5.0
104431,2023-08-06,South,Clothing,T-Shirt,Online,Premium Member,1,2944.76,0,2944.76,1734.89,1209.87,5.0
104432,2023-07-23,South,Clothing,Sneakers,Online,Returning Customer,1,2177.13,5,2068.27,1233.11,835.16,4.0
104433,2024-05-03,South,Clothing,Dress,In-Store,Premium Member,3,1386.09,0,4158.27,2683.88,1474.39,
104434,2024-06-11,South,Grocery,Rice 5kg,In-Store,New Customer,4,430.22,5,1634.84,1223.91,410.93,4.0
104435,2024-08-24,East,Sports,Running Shoes,Online,New Customer,1,1757.92,0,1757.92,1098.82,659.1,
104436,2024-09-01,South,Clothing,Dress,In-Store,New Customer,2,769.4,5,1461.86,954.04,507.82,
104437,2024-10-22,North,Home & Kitchen,Vacuum Cleaner,In-Store,Premium Member,2,11026.09,0,22052.18,14048.7,8003.48,
104438,2023-03-10,North,Beauty,Lipstick,Online,Returning Customer,3,1003.56,10,2709.61,2185.22,524.39,5.0
104439,2024-09-19,South,Sports,Cricket Bat,Online,Returning Customer,3,4331.77,0,12995.31,9088.26,3907.05,
104440,2024-01-28,West,Clothing,Jacket,Online,Returning Customer,2,2577.07,0,5154.14,3653.73,1500.41,1.0
104441,2024-07-25,West,Clothing,Dress,Online,Returning Customer,3,823.01,5,2345.58,1634.27,711.31,5.0
104442,2023-04-07,West,Beauty,Lipstick,Online,Premium Member,2,1410.08,5,2679.15,1822.24,856.91,
104443,2023-08-13,North,Electronics,Headphones,Online,New Customer,3,7669.79,0,23009.37,15841.99,7167.38,2.0
104444,2023-07-11,South,Clothing,Dress,Online,Returning Customer,4,1435.41,5,5454.56,3537.03,1917.53,3.0
104445,2024-11-16,South,Electronics,Bluetooth Speaker,Online,Returning Customer,4,22221.56,10,79997.62,60684.14,19313.48,
104446,2024-05-21,South,Grocery,Cooking Oil,Online,Returning Customer,5,457.83,0,2289.15,1701.03,588.12,5.0
104447,2023-09-01,North,Home & Kitchen,Mixer Grinder,Online,Returning Customer,5,3812.01,5,18107.05,13242.55,4864.5,
104448,2023-10-16,East,Home & Kitchen,Air Fryer,In-Store,Returning Customer,1,8305.0,0,8305.0,5665.74,2639.26,5.0
104449,2024-10-24,North,Beauty,Lipstick,Online,Returning Customer,5,1640.27,0,8201.35,5920.78,2280.57,4.0
104450,2023-12-12,East,Grocery,Rice 5kg,In-Store,New Customer,1,125.16,15,106.39,72.82,33.57,2.0
104451,2023-07-03,South,Beauty,Lipstick,In-Store,Returning Customer,1,325.61,5,309.33,240.67,68.66,
104452,2023-08-31,West,Home & Kitchen,Mixer Grinder,In-Store,,1,1211.57,10,1090.41,756.9,333.51,4.0
104453,2024-05-10,North,Sports,Yoga Mat,Online,Returning Customer,4,5116.93,5,19444.33,14644.05,4800.28,4.0
104454,2024-10-15,East,Clothing,Dress,Online,Premium Member,4,1619.71,5,6154.9,3775.7,2379.2,4.0
104455,2023-06-25,North,Beauty,Shampoo,Online,Returning Customer,2,825.31,5,1568.09,1035.27,532.82,
104456,2024-12-09,East,Electronics,Smartwatch,Online,Returning Customer,1,4094.8,0,4094.8,2983.18,1111.62,3.0
104457,2023-05-27,east,Grocery,Cooking Oil,Online,Premium Member,3,531.6,15,1355.58,1014.46,341.12,3.0
104458,2023-10-29,South,Beauty,Shampoo,Online,Returning Customer,5,1443.8,10,6497.1,4768.76,1728.34,5.0
104459,2024-12-26,North,Beauty,Sunscreen,Online,Returning Customer,5,1562.92,10,7033.14,5306.32,1726.82,
104460,2024-01-22,South,Clothing,T-Shirt,Online,Premium Member,5,2614.06,0,13070.3,8348.02,4722.28,
104461,2024-09-06,East,Grocery,Tea Pack,In-Store,New Customer,3,623.34,5,1776.52,1352.58,423.94,
104462,2024-03-09,North,Clothing,Jacket,Online,Returning Customer,2,2386.02,0,4772.04,3526.43,1245.61,5.0
104463,2024-12-19,West,Sports,Cricket Bat,Online,New Customer,4,4365.76,10,15716.74,10336.0,5380.74,3.0
104464,2023-03-21,North,Home & Kitchen,Cookware Set,Online,New Customer,1,6370.84,20,5096.67,4161.67,935.0,5.0
104465,2024-08-13,West,Clothing,Jeans,In-Store,New Customer,1,1356.3,5,1288.48,977.28,311.2,
104466,2023-06-29,East,Home & Kitchen,Cookware Set,Online,New Customer,1,5325.2,0,5325.2,3521.61,1803.59,
104467,2023-04-12,North,Sports,Dumbbells,Online,New Customer,2,3493.3,0,6986.6,3882.25,3104.35,3.0
104468,2023-02-25,North,Electronics,Laptop,Online,New Customer,4,26560.89,15,90307.03,70055.41,20251.62,
104469,2024-07-01,North,Electronics,Laptop,Online,Returning Customer,1,42939.77,0,42939.77,25733.68,17206.09,5.0
104470,2024-02-22,South,Sports,Dumbbells,Online,New Customer,5,2961.6,5,14067.6,10410.7,3656.9,4.0
104471,2024-12-07,North,Electronics,Smartphone,Online,Premium Member,4,14374.93,5,54624.73,38661.7,15963.03,
104472,2024-06-23,South,Beauty,Face Wash,Online,Returning Customer,3,417.65,10,1127.66,720.03,407.63,5.0
104473,2023-01-30,East,Sports,Running Shoes,Online,New Customer,3,3087.17,20,7409.21,6946.08,463.13,5.0
104474,2024-07-17,East,Sports,Cricket Bat,Online,New Customer,5,5355.94,0,26779.7,18461.06,8318.64,4.0
104475,2023-05-20,North,Beauty,Sunscreen,In-Store,Premium Member,3,624.74,5,1780.51,1209.78,570.73,
104476,2024-09-10,East,Grocery,Rice 5kg,In-Store,Returning Customer,5,261.96,10,1178.82,734.14,444.68,
104477,2023-01-04,South,Grocery,Cooking Oil,In-Store,Returning Customer,3,425.19,15,1084.23,720.79,363.44,4.0
104478,2024-03-23,East,Home & Kitchen,Air Fryer,Online,Returning Customer,5,10726.18,5,50949.36,36008.1,14941.26,4.0
104479,2023-11-18,North,Clothing,Jacket,Online,Returning Customer,4,784.41,10,2823.88,2267.09,556.79,1.0
104480,2023-11-24,South,Beauty,Lipstick,In-Store,New Customer,4,643.89,0,2575.56,1751.96,823.6,5.0
104481,2023-09-18,South,Beauty,Shampoo,Online,Returning Customer,4,1609.51,10,5794.24,3918.18,1876.06,
104482,2024-11-20,North,Electronics,Laptop,Online,Premium Member,1,1289.67,0,1289.67,712.21,577.46,4.0
104483,2024-07-19,South,Electronics,Headphones,Online,New Customer,1,9883.65,5,9389.47,6318.43,3071.04,1.0
104484,2023-03-31,North,Sports,Cricket Bat,Online,Returning Customer,4,2743.04,10,9874.94,7810.51,2064.43,1.0
104485,2023-06-16,South,Grocery,Cooking Oil,Online,Premium Member,2,738.99,0,1477.98,1071.53,406.45,4.0
104486,2023-05-19,North,Clothing,Jeans,Online,Returning Customer,2,802.77,10,1444.99,1174.59,270.4,
104487,2024-06-11,East,Grocery,Snacks Combo,Online,Returning Customer,5,445.92,0,2229.6,1610.04,619.56,5.0
104488,2023-07-11,East,Sports,Cricket Bat,In-Store,,2,2522.88,5,4793.47,2856.67,1936.8,5.0
104489,2024-09-26,West,Clothing,Dress,In-Store,Returning Customer,2,2518.79,0,5037.58,3237.39,1800.19,
104490,2023-03-25,West,Clothing,Jacket,Online,New Customer,5,1434.53,15,6096.75,4985.47,1111.28,4.0
104491,2023-08-02,East,Clothing,T-Shirt,In-Store,New Customer,5,1065.97,5,5063.36,2955.63,2107.73,4.0
104492,2024-10-04,East,Electronics,Headphones,Online,Returning Customer,3,18417.61,0,55252.83,35528.95,19723.88,5.0
104493,2024-07-15,East,Beauty,Face Wash,In-Store,Premium Member,2,1047.55,0,2095.1,1568.31,526.79,4.0
104494,2023-01-22,North,Beauty,Sunscreen,Online,Returning Customer,4,408.61,5,1552.72,1014.74,537.98,4.0
104495,2024-08-17,North,Home & Kitchen,Cookware Set,Online,Returning Customer,4,7782.6,10,28017.36,22895.46,5121.9,5.0
104496,2023-12-06,West,Home & Kitchen,Vacuum Cleaner,Online,New Customer,1,11665.72,0,11665.72,8622.46,3043.26,5.0
104497,2024-12-26,North,Grocery,Rice 5kg,In-Store,Returning Customer,5,887.19,0,4435.95,2791.83,1644.12,
104498,2023-09-22,South,Grocery,Cooking Oil,Online,Returning Customer,2,431.11,0,862.22,560.16,302.06,5.0
104499,2023-01-05,North,Grocery,Cooking Oil,In-Store,New Customer,4,783.85,5,2978.63,2199.13,779.5,4.0
104500,2024-06-07,North,Electronics,Smartwatch,Online,Returning Customer,5,28866.63,0,144333.15,91918.81,52414.34,4.0
104501,2024-03-21,East,Clothing,T-Shirt,Online,Returning Customer,3,3258.3,10,8797.41,7196.37,1601.04,3.0
104502,2024-05-13,East,Electronics,Bluetooth Speaker,Online,,3,44721.31,0,134163.93,93887.84,40276.09,4.0
104503,2024-01-01,North,Sports,Cricket Bat,Online,Premium Member,3,3138.03,0,9414.09,6607.46,2806.63,5.0
104504,2024-03-30,North,Grocery,Rice 5kg,In-Store,New Customer,1,550.25,10,495.22,386.39,108.83,3.0
104505,2024-05-12,East,Sports,Running Shoes,Online,New Customer,5,1928.96,5,9162.56,6839.88,2322.68,3.0
104506,2024-01-17,West,Grocery,Tea Pack,In-Store,New Customer,5,376.52,15,1600.21,1377.57,222.64,4.0
104507,2023-10-03,East,Sports,Running Shoes,In-Store,Returning Customer,2,2552.81,0,5105.62,3105.19,2000.43,
104508,2023-04-10,South,Electronics,Smartphone,Online,New Customer,2,2193.0,0,4386.0,3206.49,1179.51,4.0
104509,2023-02-15,East,Home & Kitchen,Mixer Grinder,Online,New Customer,3,10389.86,0,31169.58,19831.97,11337.61,
104510,2023-12-18,South,Clothing,Jacket,Online,Returning Customer,4,2271.31,0,9085.24,6519.28,2565.96,
104511,2024-04-29,South,Grocery,Cooking Oil,In-Store,Returning Customer,5,463.48,0,2317.4,1374.74,942.66,
104512,2023-12-06,East,Grocery,Snacks Combo,Online,New Customer,2,567.73,10,1021.91,793.96,227.95,4.0
104513,2023-04-20,East,Sports,Dumbbells,Online,New Customer,5,3698.2,10,16641.9,12150.66,4491.24,3.0
104514,2023-10-05,West,Sports,Yoga Mat,In-Store,Returning Customer,3,4534.89,0,13604.67,9822.43,3782.24,3.0
104515,2024-09-11,East,Home & Kitchen,Mixer Grinder,In-Store,Premium Member,5,5860.09,0,29300.45,19867.5,9432.95,
104516,2023-01-19,North,Electronics,Laptop,Online,Returning Customer,5,43256.15,10,194652.68,158694.62,35958.06,5.0
104517,2024-07-07,North,Grocery,Cooking Oil,In-Store,New Customer,2,829.98,0,1659.96,1200.54,459.42,4.0
104518,2023-10-07,West,Sports,Yoga Mat,In-Store,Returning Customer,5,3082.52,10,13871.34,9562.19,4309.15,3.0
104519,2023-02-20,East,Home & Kitchen,Air Fryer,In-Store,Premium Member,1,1853.7,5,1761.02,1347.59,413.43,4.0
104520,2023-10-28,North,Beauty,Lipstick,Online,Returning Customer,5,633.55,5,3009.36,2311.97,697.39,
104521,2024-06-15,North,Grocery,Tea Pack,Online,New Customer,1,302.99,15,257.54,167.13,90.41,5.0
104522,2023-08-13,South,Grocery,Cooking Oil,In-Store,Returning Customer,4,848.01,5,3222.44,2433.78,788.66,4.0
104523,2024-06-24,North,Sports,Dumbbells,In-Store,Returning Customer,4,1239.36,5,4709.57,3034.23,1675.34,
104524,2023-02-17,North,Beauty,Lipstick,Online,Returning Customer,1,332.74,0,332.74,216.4,116.34,
104525,2024-02-08,North,Beauty,Sunscreen,In-Store,New Customer,5,1684.43,10,7579.94,5771.7,1808.24,5.0
104526,2023-09-23,South,Grocery,Tea Pack,In-Store,New Customer,2,251.06,5,477.01,345.46,131.55,1.0
104527,2024-07-31,East,Beauty,Sunscreen,Online,New Customer,2,1136.55,15,1932.13,1278.58,653.55,3.0
104528,2023-12-22,North,Home & Kitchen,Air Fryer,In-Store,Premium Member,3,9186.29,0,27558.87,17666.1,9892.77,
104529,2023-10-25,North,Sports,Cricket Bat,Online,Premium Member,4,4992.82,0,19971.28,12185.46,7785.82,5.0
104530,2024-04-24,West,Electronics,Smartphone,In-Store,New Customer,1,16775.69,20,13420.55,9906.01,3514.54,3.0
104531,2023-08-24,North,Sports,Yoga Mat,Online,Returning Customer,4,4998.76,10,17995.54,14892.56,3102.98,
104532,2023-06-06,South,Clothing,Dress,Online,New Customer,3,748.26,5,2132.54,1647.71,484.83,4.0
104533,2024-05-21,West,Home & Kitchen,Mixer Grinder,In-Store,Returning Customer,3,6561.9,0,19685.7,14085.39,5600.31,
104534,2024-05-20,East,Sports,Dumbbells,Online,Returning Customer,3,1981.36,0,5944.08,4272.06,1672.02,5.0
104535,2023-12-20,South,Sports,Cricket Bat,Online,New Customer,1,1941.2,0,1941.2,1195.23,745.97,2.0
104536,2023-04-22,East,Beauty,Lipstick,In-Store,Returning Customer,1,508.41,5,482.99,359.33,123.66,5.0
104537,2024-12-22,East,Beauty,Sunscreen,Online,Returning Customer,1,1434.43,5,1362.71,880.41,482.3,
104538,2024-09-28,North,Grocery,Snacks Combo,In-Store,New Customer,1,112.81,5,107.17,81.49,25.68,3.0
104539,2023-11-05,South,Sports,Yoga Mat,Online,New Customer,1,2608.75,10,2347.88,1879.69,468.19,
104540,2024-03-11,East,Beauty,Shampoo,Online,Premium Member,1,1728.4,15,1469.14,1102.76,366.38,
104541,2024-09-08,South,Electronics,Smartphone,Online,Returning Customer,3,35945.44,5,102444.5,61271.93,41172.57,4.0
104542,2024-08-13,North,Electronics,Headphones,Online,New Customer,3,4244.75,0,12734.25,7700.68,5033.57,4.0
104543,2024-10-03,West,Home & Kitchen,Mixer Grinder,Online,New Customer,1,2150.87,5,2043.33,1525.64,517.69,5.0
104544,2023-12-30,South,Grocery,Cooking Oil,Online,Premium Member,2,334.2,10,601.56,469.58,131.98,
104545,2024-08-09,West,Home & Kitchen,Air Fryer,Online,Premium Member,4,4451.33,0,17805.32,10233.45,7571.87,4.0
104546,2024-06-16,East,Grocery,Rice 5kg,In-Store,Returning Customer,4,376.81,0,1507.24,969.08,538.16,4.0
104547,2023-12-03,West,Clothing,Jacket,Online,Returning Customer,1,3429.34,20,2743.47,2558.58,184.89,4.0
104548,2023-11-24,North,Clothing,T-Shirt,Online,Returning Customer,3,1779.84,15,4538.59,3704.21,834.38,
104549,2023-08-16,West,Beauty,Face Wash,Online,Premium Member,1,1412.04,0,1412.04,1004.67,407.37,4.0
104550,2023-07-26,West,Grocery,Cooking Oil,Online,Premium Member,2,189.35,5,359.76,270.23,89.53,4.0
104551,2023-08-03,North,Grocery,Cooking Oil,Online,New Customer,5,591.76,5,2810.86,2046.78,764.08,4.0
104552,2023-08-18,East,Sports,Yoga Mat,In-Store,Returning Customer,3,3414.11,5,9730.21,6567.16,3163.05,
104553,2024-07-18,South,Grocery,Rice 5kg,In-Store,New Customer,3,685.41,5,1953.42,1307.29,646.13,5.0
104554,2023-05-10,South,Home & Kitchen,Air Fryer,In-Store,Returning Customer,1,5640.72,0,5640.72,3635.24,2005.48,3.0
104555,2024-06-14,West,Home & Kitchen,Mixer Grinder,Online,Returning Customer,4,8824.41,5,33532.76,23653.64,9879.12,
104556,2023-05-12,North,Clothing,Jacket,In-Store,Returning Customer,1,429.75,15,365.29,238.74,126.55,
104557,2024-02-25,East,Clothing,Dress,Online,Returning Customer,5,935.97,0,4679.85,2660.71,2019.14,4.0
104558,2024-10-12,East,Electronics,Headphones,Online,,1,40843.13,15,34716.66,30215.66,4501.0,5.0
104559,2024-01-19,North,Home & Kitchen,Air Fryer,In-Store,New Customer,2,3541.99,5,6729.78,3906.42,2823.36,5.0
104560,2023-03-18,North,Sports,Dumbbells,In-Store,New Customer,2,3799.04,5,7218.18,5627.51,1590.67,
104561,2024-11-14,South,Electronics,Smartphone,In-Store,Returning Customer,3,21531.38,10,58134.73,37959.76,20174.97,
104562,2023-08-12,East,Grocery,Tea Pack,Online,New Customer,1,383.63,0,383.63,263.39,120.24,4.0
104563,2023-10-28,West,Clothing,Jeans,Online,New Customer,4,1382.96,15,4702.06,3589.87,1112.19,5.0
104564,2023-08-08,West,Grocery,Cooking Oil,Online,Premium Member,4,454.45,20,1454.24,1230.09,224.15,4.0
104565,2024-02-13,East,Sports,Dumbbells,In-Store,Returning Customer,3,4075.11,20,9780.26,7144.86,2635.4,3.0
104566,2023-08-03,South,Sports,Cricket Bat,In-Store,Premium Member,5,5889.15,5,27973.46,21265.4,6708.06,5.0
104567,2024-03-12,East,Home & Kitchen,Cookware Set,Online,Premium Member,4,4668.1,0,18672.4,11017.82,7654.58,3.0
104568,2023-10-25,South,Clothing,Jacket,Online,New Customer,3,2568.1,0,7704.3,4746.77,2957.53,
104569,2024-11-02,East,Electronics,Smartphone,In-Store,Returning Customer,4,30291.57,10,109049.65,69163.72,39885.93,
104570,2024-03-03,North,Grocery,Snacks Combo,Online,Returning Customer,3,609.17,5,1736.13,1182.81,553.32,3.0
104571,2023-03-09,North,Clothing,Dress,Online,New Customer,5,2551.76,0,12758.8,7578.93,5179.87,3.0
104572,2023-10-28,West,Electronics,Headphones,Online,Returning Customer,3,21830.71,0,65492.13,42794.04,22698.09,5.0
104573,2023-10-17,East,Beauty,Shampoo,In-Store,Returning Customer,3,668.94,15,1705.8,1390.63,315.17,5.0
104574,2024-11-21,South,Electronics,Laptop,Online,New Customer,3,5225.02,5,14891.31,9091.94,5799.37,4.0
104575,2023-04-16,East,Grocery,Snacks Combo,Online,Returning Customer,3,505.15,5,1439.68,967.91,471.77,4.0
104576,2024-01-11,West,Beauty,Shampoo,In-Store,,4,1265.7,15,4303.38,3171.36,1132.02,1.0
104577,2024-11-10,South,Electronics,Headphones,Online,Returning Customer,4,16704.06,0,66816.24,37077.87,29738.37,
104578,2023-10-06,East,Clothing,Sneakers,In-Store,Premium Member,1,2691.31,10,2422.18,1853.42,568.76,5.0
104579,2023-11-22,East,Clothing,T-Shirt,Online,Returning Customer,2,889.18,0,1778.36,990.53,787.83,
104580,2023-10-31,East,Grocery,Tea Pack,In-Store,Premium Member,4,557.83,15,1896.62,1230.43,666.19,4.0
104581,2024-08-11,West,Sports,Dumbbells,Online,New Customer,3,878.54,10,2372.06,1673.51,698.55,4.0
104582,2023-11-15,West,Grocery,Snacks Combo,In-Store,Returning Customer,3,837.98,0,2513.94,1711.86,802.08,
104583,2024-10-22,East,Sports,Dumbbells,Online,Returning Customer,5,848.35,0,4241.75,2970.44,1271.31,3.0
104584,2024-03-05,South,Clothing,Jacket,Online,Premium Member,4,503.41,10,1812.28,1177.24,635.04,4.0
104585,2023-03-11,North,Clothing,Jeans,Online,New Customer,4,583.13,10,2099.27,1332.68,766.59,4.0
104586,2024-10-03,North,Clothing,T-Shirt,In-Store,New Customer,1,3046.69,10,2742.02,1852.68,889.34,3.0
104587,2024-02-13,West,Sports,Cricket Bat,Online,Premium Member,2,4431.63,15,7533.77,6591.23,942.54,3.0
104588,2023-05-04,North,Electronics,Headphones,In-Store,Returning Customer,3,31625.55,5,90132.82,69602.78,20530.04,5.0
104589,2024-07-13,South,Home & Kitchen,Cookware Set,Online,Returning Customer,5,8959.98,15,38079.91,29754.93,8324.98,
104590,2023-03-23,West,Sports,Yoga Mat,Online,New Customer,1,2503.56,5,2378.38,1775.72,602.66,1.0
104591,2024-10-22,South,Electronics,Smartwatch,Online,Returning Customer,1,42159.26,10,37943.33,23441.38,14501.95,2.0
104592,2023-04-23,East,Beauty,Shampoo,In-Store,Returning Customer,4,985.56,5,3745.13,2218.72,1526.41,
104593,2024-05-27,north,Sports,Yoga Mat,In-Store,New Customer,2,1421.68,10,2559.02,2126.93,432.09,1.0
104594,2023-09-04,South,Clothing,T-Shirt,Online,New Customer,5,3385.58,5,16081.5,10106.44,5975.06,5.0
104595,2024-07-04,North,Clothing,Sneakers,Online,Returning Customer,5,1608.14,5,7638.66,5994.54,1644.12,1.0
104596,2024-10-08,South,Electronics,Laptop,In-Store,New Customer,2,12635.33,0,25270.66,16157.58,9113.08,4.0
104597,2024-09-04,North,Beauty,Sunscreen,In-Store,New Customer,5,787.28,5,3739.58,2665.41,1074.17,
104598,2024-12-15,West,Grocery,Rice 5kg,Online,Returning Customer,2,573.11,5,1088.91,643.58,445.33,4.0
104599,2024-02-21,South,Beauty,Face Wash,In-Store,Premium Member,4,969.88,0,3879.52,2419.26,1460.26,
104600,2023-06-30,South,Electronics,Smartphone,Online,Returning Customer,5,17219.65,5,81793.34,63674.8,18118.54,4.0
104601,2024-05-17,North,Grocery,Tea Pack,In-Store,Premium Member,5,140.44,15,596.87,402.69,194.18,
104602,2023-04-27,South,Beauty,Lipstick,Online,Premium Member,4,1242.03,15,4222.9,3003.61,1219.29,
104603,2023-03-18,North,Grocery,Cooking Oil,Online,New Customer,4,246.65,10,887.94,632.5,255.44,5.0
104604,2024-09-14,South,Sports,Cricket Bat,Online,New Customer,4,545.56,0,2182.24,1353.49,828.75,4.0
104605,2023-08-20,North,Electronics,Smartwatch,In-Store,New Customer,2,12314.77,10,22166.59,17813.31,4353.28,
104606,2024-04-21,South,Sports,Running Shoes,Online,Returning Customer,2,3087.1,0,6174.2,4087.1,2087.1,2.0
104607,2024-12-14,East,Electronics,Smartphone,Online,New Customer,5,30611.05,10,137749.72,101927.55,35822.17,4.0
104608,2024-09-10,North,Grocery,Tea Pack,In-Store,New Customer,2,552.59,5,1049.92,690.25,359.67,
104609,2023-02-18,South,Clothing,Dress,Online,Premium Member,1,918.94,0,918.94,570.37,348.57,
104610,2024-05-04,South,Sports,Dumbbells,Online,Returning Customer,1,4383.01,5,4163.86,3100.12,1063.74,
104611,2024-05-21,North,Sports,Cricket Bat,Online,Premium Member,4,2336.36,5,8878.17,5718.97,3159.2,1.0
104612,2024-10-24,West,Sports,Yoga Mat,Online,New Customer,5,3746.47,10,16859.11,13175.57,3683.54,
104613,2023-01-06,North,Beauty,Sunscreen,In-Store,Premium Member,5,883.96,5,4198.81,3122.43,1076.38,
104614,2024-09-04,East,Electronics,Bluetooth Speaker,In-Store,New Customer,4,22488.72,5,85457.14,50325.96,35131.18,5.0
104615,2024-11-25,West,Clothing,Jeans,In-Store,Returning Customer,1,981.28,5,932.22,573.18,359.04,
104616,2024-04-30,East,Grocery,Tea Pack,In-Store,Premium Member,3,148.38,5,422.88,284.75,138.13,
104617,2024-01-24,West,Clothing,Dress,Online,Premium Member,3,1223.94,0,3671.82,2093.58,1578.24,5.0
104618,2023-01-22,South,Home & Kitchen,Vacuum Cleaner,Online,Returning Customer,5,9993.64,5,47469.79,35726.1,11743.69,
104619,2023-02-14,East,Sports,Dumbbells,Online,Premium Member,5,2503.11,15,10638.22,6933.62,3704.6,3.0
104620,2023-02-18,West,Home & Kitchen,Air Fryer,Online,Premium Member,1,5590.4,5,5310.88,3217.38,2093.5,
104621,2024-03-31,East,Home & Kitchen,Air Fryer,In-Store,Returning Customer,1,10622.16,15,9028.84,7890.6,1138.24,4.0
104622,2024-09-11,East,Electronics,Laptop,Online,New Customer,1,10039.41,5,9537.44,7107.77,2429.67,5.0
104623,2023-02-08,West,Beauty,Sunscreen,Online,Premium Member,5,1151.44,20,4605.76,4204.05,401.71,
104624,2024-07-03,South,Sports,Yoga Mat,In-Store,,5,2236.4,15,9504.7,7548.03,1956.67,5.0
104625,2023-07-20,North,Beauty,Sunscreen,In-Store,Premium Member,5,1652.29,5,7848.38,5128.26,2720.12,4.0
104626,2023-07-31,South,Electronics,Smartphone,Online,New Customer,2,2351.44,20,3762.3,3047.1,715.2,4.0
104627,2024-07-10,East,Grocery,Tea Pack,In-Store,Returning Customer,2,744.52,0,1489.04,1075.14,413.9,4.0
104628,2024-06-05,West,Beauty,Face Wash,In-Store,Returning Customer,1,882.47,5,838.35,623.29,215.06,
104629,2023-08-11,North,Electronics,Bluetooth Speaker,Online,New Customer,3,3868.55,10,10445.09,6992.32,3452.77,4.0
104630,2024-05-27,East,Home & Kitchen,Mixer Grinder,Online,Returning Customer,1,1463.57,10,1317.21,1054.59,262.62,5.0
104631,2024-11-24,South,Electronics,Bluetooth Speaker,Online,,2,27766.79,0,55533.58,40827.38,14706.2,
104632,2024-06-20,North,Home & Kitchen,Vacuum Cleaner,Online,Premium Member,3,7566.94,10,20430.74,12854.23,7576.51,4.0
104633,2024-04-07,North,Clothing,T-Shirt,Online,Returning Customer,4,3192.97,0,12771.88,8230.4,4541.48,
104634,2024-04-11,South,Clothing,Jacket,Online,New Customer,1,3199.29,5,3039.33,2037.26,1002.07,4.0
104635,2023-05-14,East,Beauty,Shampoo,In-Store,New Customer,4,918.23,10,3305.63,2428.48,877.15,4.0
104636,2024-10-26,North,Beauty,Sunscreen,Online,New Customer,2,1647.23,15,2800.29,2457.52,342.77,5.0
104637,2024-04-02,East,Clothing,T-Shirt,Online,New Customer,4,3279.53,5,12462.21,7705.11,4757.1,4.0
104638,2024-03-30,North,Clothing,T-Shirt,Online,Premium Member,4,1166.2,10,4198.32,2890.18,1308.14,1.0
104639,2023-09-01,South,Clothing,T-Shirt,Online,Premium Member,1,587.47,5,558.1,431.47,126.63,5.0
104640,2024-04-04,South,Home & Kitchen,Air Fryer,Online,,4,8127.3,10,29258.28,21434.65,7823.63,
104641,2024-02-10,North,Electronics,Laptop,Online,New Customer,3,10661.33,0,31983.99,23139.08,8844.91,4.0
104642,2023-08-26,East,Home & Kitchen,Vacuum Cleaner,Online,Returning Customer,5,1535.24,10,6908.58,5499.27,1409.31,5.0
104643,2023-08-21,South,Grocery,Cooking Oil,Online,New Customer,3,794.69,0,2384.07,1369.84,1014.23,2.0
104644,2024-01-21,North,Grocery,Rice 5kg,In-Store,New Customer,3,154.26,15,393.36,309.35,84.01,
104645,2023-02-05,South,Home & Kitchen,Mixer Grinder,Online,Premium Member,3,9002.77,5,25657.89,15785.44,9872.45,4.0
104646,2023-05-28,North,Clothing,Jeans,Online,New Customer,2,3190.65,0,6381.3,4440.49,1940.81,4.0
104647,2024-05-01,East,Sports,Dumbbells,Online,Returning Customer,3,4305.75,0,12917.25,9381.19,3536.06,4.0
104648,2023-09-20,East,Electronics,Headphones,In-Store,Premium Member,1,2169.72,5,2061.23,1300.39,760.84,5.0
104649,2023-12-05,South,Beauty,Face Wash,Online,Returning Customer,1,906.71,0,906.71,537.71,369.0,5.0
104650,2023-04-25,East,Beauty,Lipstick,Online,New Customer,1,570.59,0,570.59,368.78,201.81,
104651,2023-02-09,North,Beauty,Shampoo,Online,Returning Customer,4,1498.84,10,5395.82,3641.38,1754.44,
104652,2023-02-14,South,Sports,Yoga Mat,In-Store,New Customer,5,725.75,0,3628.75,2488.02,1140.73,
104653,2024-07-30,East,Sports,Yoga Mat,Online,Returning Customer,5,3097.33,0,15486.65,10416.83,5069.82,4.0
104654,2024-11-26,East,Sports,Running Shoes,Online,Premium Member,1,1249.55,20,999.64,778.57,221.07,5.0
104655,2024-02-14,South,Electronics,Smartphone,Online,New Customer,3,16802.93,15,42847.47,30892.98,11954.49,
104656,2024-05-03,North,Clothing,Jeans,In-Store,New Customer,4,1871.11,0,7484.44,5374.87,2109.57,4.0
104657,2023-08-31,North,Grocery,Tea Pack,In-Store,Returning Customer,4,132.0,20,422.4,295.8,126.6,5.0
104658,2023-09-10,East,Home & Kitchen,Vacuum Cleaner,In-Store,New Customer,1,5311.69,20,4249.35,3002.82,1246.53,4.0
104659,2023-09-13,South,Sports,Dumbbells,Online,New Customer,5,2967.72,0,14838.6,11115.6,3723.0,4.0
104660,2024-07-29,East,Home & Kitchen,Mixer Grinder,In-Store,Returning Customer,3,9993.58,10,26982.67,20714.46,6268.21,
104661,2023-06-12,North,Grocery,Cooking Oil,Online,Returning Customer,4,253.38,0,1013.52,686.55,326.97,5.0
104662,2024-03-20,South,Sports,Yoga Mat,In-Store,Returning Customer,3,1196.33,10,3230.09,2619.13,610.96,
104663,2023-02-24,North,Grocery,Snacks Combo,Online,New Customer,1,655.83,0,655.83,434.9,220.93,
104664,2023-09-07,North,Sports,Dumbbells,Online,Returning Customer,1,1172.71,5,1114.07,866.02,248.05,
104665,2024-09-30,East,Home & Kitchen,Vacuum Cleaner,Online,Returning Customer,2,974.92,0,1949.84,1362.9,586.94,2.0
104666,2024-09-21,West,Clothing,Dress,In-Store,Premium Member,4,2229.84,5,8473.39,5827.02,2646.37,
104667,2024-02-02,South,Sports,Cricket Bat,Online,Premium Member,1,5660.21,15,4811.18,3965.1,846.08,5.0
104668,2024-03-17,East,Clothing,Jacket,Online,Returning Customer,5,2202.15,20,8808.6,7125.46,1683.14,5.0
104669,2024-07-17,West,Grocery,Snacks Combo,Online,New Customer,5,635.25,10,2858.62,2191.53,667.09,3.0
104670,2024-10-10,South,Sports,Cricket Bat,In-Store,New Customer,4,4738.8,10,17059.68,10824.92,6234.76,2.0
104671,2024-03-15,South,Electronics,Smartwatch,Online,Returning Customer,2,35484.08,0,70968.16,48403.14,22565.02,5.0
104672,2023-01-29,East,Grocery,Tea Pack,Online,Returning Customer,1,283.94,15,241.35,200.0,41.35,
104673,2023-01-22,North,Beauty,Lipstick,Online,Premium Member,2,567.98,0,1135.96,745.96,390.0,3.0
104674,2023-11-15,West,Electronics,Bluetooth Speaker,In-Store,Premium Member,1,18479.58,15,15707.64,12579.08,3128.56,5.0
104675,2023-10-09,West,Grocery,Cooking Oil,Online,Returning Customer,5,408.96,0,2044.8,1428.59,616.21,4.0
104676,2024-06-30,West,Grocery,Tea Pack,In-Store,Returning Customer,5,624.32,5,2965.52,1783.86,1181.66,5.0
104677,2023-12-19,North,Sports,Cricket Bat,Online,New Customer,4,3866.93,5,14694.33,10022.37,4671.96,
104678,2024-02-13,South,Electronics,Laptop,Online,Returning Customer,1,5245.11,5,4982.85,3052.08,1930.77,5.0
104679,2024-04-04,South,Electronics,Headphones,Online,New Customer,3,9588.83,10,25889.84,16613.07,9276.77,
104680,2024-10-14,South,Electronics,Smartphone,In-Store,New Customer,2,7701.56,5,14632.96,8615.85,6017.11,4.0
104681,2024-03-29,East,Grocery,Snacks Combo,Online,Returning Customer,4,528.21,15,1795.91,1180.01,615.9,5.0
104682,2023-08-16,East,Grocery,Cooking Oil,In-Store,Returning Customer,2,180.87,15,307.48,234.38,73.1,3.0
104683,2024-07-08,East,Grocery,Cooking Oil,Online,,1,766.11,0,766.11,539.25,226.86,
104684,2023-11-11,West,Sports,Running Shoes,Online,Returning Customer,2,5407.57,5,10274.38,7621.0,2653.38,5.0
104685,2023-07-10,South,Sports,Cricket Bat,Online,Returning Customer,4,2758.13,0,11032.52,6093.41,4939.11,2.0
104686,2024-11-15,West,Sports,Dumbbells,Online,New Customer,1,4857.26,15,4128.67,3485.1,643.57,3.0
104687,2024-08-07,South,Home & Kitchen,Cookware Set,Online,Returning Customer,2,7977.48,10,14359.46,10588.36,3771.1,4.0
104688,2023-12-24,East,Beauty,Shampoo,In-Store,Premium Member,5,1055.71,0,5278.55,3378.5,1900.05,
104689,2023-10-04,West,Home & Kitchen,Cookware Set,Online,Returning Customer,1,5094.02,5,4839.32,3258.88,1580.44,
104690,2024-12-25,West,Clothing,Dress,Online,Premium Member,2,3264.48,10,5876.06,4612.78,1263.28,5.0
104691,2023-02-13,North,Grocery,Tea Pack,In-Store,Returning Customer,1,665.11,5,631.85,370.97,260.88,5.0
104692,2024-12-24,East,Grocery,Cooking Oil,In-Store,Premium Member,1,683.27,5,649.11,461.82,187.29,
104693,2023-04-08,West,Clothing,Jeans,Online,Returning Customer,5,2490.24,0,12451.2,6965.72,5485.48,2.0
104694,2024-11-15,South,Home & Kitchen,Cookware Set,Online,New Customer,4,873.87,5,3320.71,2493.75,826.96,4.0
104695,2024-08-10,North,Beauty,Face Wash,In-Store,New Customer,3,254.21,15,648.24,561.19,87.05,4.0
104696,2024-08-06,North,Beauty,Sunscreen,Online,Premium Member,2,1486.35,0,2972.7,1910.02,1062.68,3.0
104697,2023-11-11,South,Home & Kitchen,Vacuum Cleaner,Online,New Customer,2,10772.67,0,21545.34,11927.88,9617.46,
104698,2024-07-26,East,Grocery,Tea Pack,Online,New Customer,3,160.69,0,482.07,288.54,193.53,4.0
104699,2024-02-01,East,Sports,Cricket Bat,Online,Returning Customer,2,3245.73,5,6166.89,4126.87,2040.02,
104700,2024-01-04,East,Home & Kitchen,Mixer Grinder,Online,New Customer,3,4182.41,0,12547.23,7739.23,4808.0,3.0
104701,2023-11-30,South,Sports,Yoga Mat,In-Store,Returning Customer,2,4149.33,15,7053.86,5713.63,1340.23,3.0
104702,2023-12-11,West,Home & Kitchen,Vacuum Cleaner,Online,New Customer,1,2652.95,0,2652.95,1622.37,1030.58,2.0
104703,2024-02-26,East,Electronics,Laptop,In-Store,Premium Member,5,6569.96,0,32849.8,20397.54,12452.26,5.0
104704,2023-07-06,East,Electronics,Bluetooth Speaker,In-Store,Returning Customer,3,8704.6,5,24808.11,15188.79,9619.32,5.0
104705,2023-04-09,West,Electronics,Bluetooth Speaker,Online,New Customer,5,41075.39,0,205376.95,121732.37,83644.58,
104706,2024-11-11,East,Electronics,Smartwatch,Online,Returning Customer,1,7042.91,10,6338.62,4797.09,1541.53,
104707,2024-09-23,West,Grocery,Cooking Oil,Online,Returning Customer,4,599.94,5,2279.77,1454.07,825.7,
104708,2024-06-18,North,Clothing,Jacket,In-Store,New Customer,3,1400.34,0,4201.02,2751.77,1449.25,4.0
104709,2023-07-02,North,Beauty,Shampoo,Online,New Customer,3,1203.76,20,2889.02,2469.47,419.55,4.0
104710,2023-10-13,North,Home & Kitchen,Mixer Grinder,In-Store,Returning Customer,3,7711.82,10,20821.91,13125.57,7696.34,4.0
104711,2023-04-12,South,Electronics,Bluetooth Speaker,Online,New Customer,2,9833.76,0,19667.52,12191.34,7476.18,
104712,2024-02-20,South,Grocery,Rice 5kg,In-Store,New Customer,2,123.52,0,247.04,169.71,77.33,2.0
104713,2023-11-26,North,Sports,Yoga Mat,In-Store,New Customer,1,3556.19,0,3556.19,1957.7,1598.49,
104714,2024-02-17,West,Home & Kitchen,Mixer Grinder,In-Store,Returning Customer,4,6171.62,5,23452.16,18048.43,5403.73,
104715,2023-05-28,East,Sports,Yoga Mat,Online,New Customer,1,1719.52,0,1719.52,1268.28,451.24,
104716,2023-02-11,North,Electronics,Smartwatch,Online,Premium Member,5,44924.27,0,224621.35,132641.61,91979.74,4.0
104717,2024-02-11,West,Sports,Running Shoes,Online,Returning Customer,1,1335.39,0,1335.39,772.71,562.68,4.0
104718,2024-08-01,North,Clothing,Dress,In-Store,Returning Customer,4,1243.7,0,4974.8,3604.54,1370.26,
104719,2024-04-14,East,Beauty,Sunscreen,Online,Premium Member,4,937.31,10,3374.32,2574.49,799.83,4.0
104720,2023-02-21,South,Electronics,Headphones,In-Store,Returning Customer,4,28845.73,15,98075.48,64887.43,33188.05,3.0
104721,2023-10-13,East,Grocery,Snacks Combo,Online,Premium Member,4,438.32,0,1753.28,1310.36,442.92,3.0
104722,2024-11-11,South,Grocery,Tea Pack,Online,New Customer,3,515.03,0,1545.09,898.0,647.09,
104723,2023-02-24,North,Beauty,Lipstick,In-Store,Premium Member,1,620.13,10,558.12,342.18,215.94,5.0
104724,2023-05-01,East,Clothing,Dress,Online,Returning Customer,2,2345.73,20,3753.17,3243.74,509.43,
104725,2024-12-30,North,Sports,Dumbbells,Online,Returning Customer,2,2838.74,10,5109.73,3354.79,1754.94,
104726,2024-08-13,East,Beauty,Lipstick,Online,Returning Customer,5,1045.65,15,4444.01,3783.19,660.82,4.0
104727,2024-08-13,East,Grocery,Tea Pack,Online,Returning Customer,2,877.65,0,1755.3,1088.34,666.96,
104728,2024-12-11,East,Electronics,Bluetooth Speaker,In-Store,New Customer,1,2767.65,20,2214.12,1896.27,317.85,4.0
104729,2023-01-07,East,Sports,Cricket Bat,Online,Returning Customer,3,5878.08,5,16752.53,10841.91,5910.62,2.0
104730,2023-10-03,East,Beauty,Lipstick,Online,Premium Member,2,886.0,5,1683.4,1098.2,585.2,4.0
104731,2023-08-18,South,Sports,Yoga Mat,In-Store,Returning Customer,4,5014.03,0,20056.12,11464.53,8591.59,5.0
104732,2023-10-11,West,Grocery,Tea Pack,In-Store,Premium Member,2,564.35,0,1128.7,740.97,387.73,4.0
104733,2024-03-22,North,Beauty,Shampoo,Online,New Customer,3,975.45,0,2926.35,1792.74,1133.61,
104734,2024-01-27,North,Beauty,Face Wash,Online,New Customer,3,757.95,0,2273.85,1647.65,626.2,5.0
104735,2023-10-17,West,Home & Kitchen,Air Fryer,In-Store,Returning Customer,3,7851.02,0,23553.06,15551.3,8001.76,
104736,2023-09-15,East,Grocery,Rice 5kg,In-Store,,4,329.99,10,1187.96,863.51,324.45,4.0
104737,2024-12-23,West,Home & Kitchen,Cookware Set,Online,Returning Customer,3,11905.22,5,33929.88,20757.56,13172.32,
104738,2024-05-29,East,Grocery,Snacks Combo,Online,Returning Customer,1,743.57,5,706.39,427.35,279.04,
104739,2024-08-10,West,Sports,Dumbbells,In-Store,New Customer,4,4837.07,5,18380.87,13929.17,4451.7,4.0
104740,2024-10-09,East,Grocery,Tea Pack,In-Store,,5,881.12,0,4405.6,2783.63,1621.97,
104741,2024-06-13,South,Electronics,Headphones,Online,Returning Customer,2,24739.58,10,44531.24,27733.58,16797.66,4.0
104742,2023-08-16,North,Grocery,Rice 5kg,Online,Premium Member,3,530.42,0,1591.26,1051.27,539.99,
104743,2023-12-22,West,Home & Kitchen,Cookware Set,Online,New Customer,1,2916.38,10,2624.74,1719.81,904.93,
104744,2023-12-13,North,Clothing,T-Shirt,Online,Premium Member,4,678.3,10,2441.88,2016.14,425.74,3.0
104745,2024-06-09,North,Clothing,Jacket,Online,New Customer,4,2381.36,10,8572.9,7049.7,1523.2,3.0
104746,2023-07-18,North,Clothing,T-Shirt,Online,Returning Customer,4,2637.05,20,8438.56,7005.44,1433.12,3.0
104747,2024-08-13,West,Sports,Yoga Mat,Online,New Customer,1,2361.61,0,2361.61,1606.19,755.42,3.0
104748,2024-05-15,North,Sports,Cricket Bat,Online,New Customer,4,3867.42,15,13149.23,10451.71,2697.52,
104749,2024-01-21,East,Grocery,Cooking Oil,Online,Returning Customer,3,622.01,0,1866.03,1297.01,569.02,3.0
104750,2024-03-23,South,Grocery,Tea Pack,In-Store,New Customer,4,639.77,0,2559.08,1481.7,1077.38,5.0
104751,2023-09-29,North,Sports,Yoga Mat,Online,New Customer,3,2051.27,10,5538.43,4535.69,1002.74,
104752,2024-01-30,North,Clothing,T-Shirt,Online,Premium Member,5,754.5,5,3583.88,2647.01,936.87,
104753,2024-01-25,North,Home & Kitchen,Cookware Set,Online,Returning Customer,4,5091.29,0,20365.16,14239.52,6125.64,4.0
104754,2024-06-03,north,Clothing,Jeans,Online,Returning Customer,5,869.35,20,3477.4,2397.54,1079.86,4.0
104755,2023-10-31,West,Home & Kitchen,Air Fryer,Online,Returning Customer,4,1725.46,5,6556.75,5072.35,1484.4,4.0
104756,2023-08-30,West,Grocery,Tea Pack,Online,Premium Member,4,644.55,0,2578.2,1609.78,968.42,3.0
104757,2024-12-19,East,Home & Kitchen,Vacuum Cleaner,Online,Returning Customer,3,3959.81,0,11879.43,7745.48,4133.95,5.0
104758,2023-09-14,North,Beauty,Shampoo,In-Store,Returning Customer,3,449.56,0,1348.68,989.97,358.71,
104759,2024-03-24,West,Electronics,Laptop,Online,New Customer,3,6849.42,10,18493.43,12004.01,6489.42,
104760,2023-08-12,South,Home & Kitchen,Air Fryer,In-Store,Premium Member,2,7568.25,15,12866.02,9013.24,3852.78,
104761,2023-06-18,North,Beauty,Sunscreen,Online,New Customer,5,523.02,5,2484.34,1838.48,645.86,4.0
104762,2023-07-18,South,Beauty,Lipstick,Online,New Customer,3,593.69,10,1602.96,1107.26,495.7,3.0
104763,2024-10-06,North,Sports,Yoga Mat,In-Store,Returning Customer,5,5482.44,5,26041.59,18665.45,7376.14,
104764,2024-08-14,North,Sports,Yoga Mat,Online,New Customer,3,5987.7,10,16166.79,10674.9,5491.89,4.0
104765,2024-09-26,North,Electronics,Smartwatch,In-Store,Returning Customer,2,39090.13,10,70362.23,47673.41,22688.82,
104766,2024-11-11,North,Electronics,Smartwatch,In-Store,Premium Member,3,23644.7,5,67387.4,45051.42,22335.98,1.0
104767,2024-12-17,South,Sports,Running Shoes,In-Store,Premium Member,4,5964.86,0,23859.44,14145.11,9714.33,4.0
104768,2023-12-28,North,Grocery,Tea Pack,Online,New Customer,2,394.87,15,671.28,570.23,101.05,5.0
104769,2024-11-08,West,Grocery,Snacks Combo,In-Store,Premium Member,5,266.62,0,1333.1,755.77,577.33,4.0
104770,2023-12-12,West,Beauty,Shampoo,In-Store,New Customer,2,866.4,0,1732.8,1138.85,593.95,3.0
104771,2024-05-07,South,Electronics,Bluetooth Speaker,Online,New Customer,2,19032.93,0,38065.86,21620.17,16445.69,4.0
104772,2023-08-12,South,Beauty,Shampoo,Online,Returning Customer,3,420.98,5,1199.79,840.03,359.76,5.0
104773,2023-03-07,East,Beauty,Lipstick,Online,Returning Customer,2,572.71,5,1088.15,740.01,348.14,5.0
104774,2023-09-24,East,Sports,Cricket Bat,Online,New Customer,3,2518.72,0,7556.16,4170.51,3385.65,
104775,2024-07-16,East,Electronics,Laptop,In-Store,Premium Member,2,22740.23,15,38658.39,31925.3,6733.09,
104776,2024-01-29,North,Clothing,Jeans,Online,Premium Member,5,1459.95,5,6934.76,5208.21,1726.55,
104777,2023-05-13,West,Sports,Cricket Bat,Online,New Customer,5,1656.42,0,8282.1,5590.68,2691.42,4.0
104778,2023-05-29,North,Home & Kitchen,Vacuum Cleaner,In-Store,Premium Member,5,9211.34,0,46056.7,30767.57,15289.13,5.0
104779,2023-10-04,South,Beauty,Sunscreen,Online,Returning Customer,2,633.23,0,1266.46,703.94,562.52,5.0
104780,2023-04-02,East,Grocery,Tea Pack,Online,New Customer,5,354.17,0,1770.85,1256.38,514.47,4.0
104781,2023-09-03,East,Beauty,Face Wash,Online,New Customer,5,442.3,0,2211.5,1631.66,579.84,4.0
104782,2023-08-11,West,Beauty,Sunscreen,Online,Returning Customer,1,1073.31,10,965.98,728.73,237.25,5.0
104783,2023-11-19,North,Beauty,Sunscreen,In-Store,Premium Member,4,197.57,0,790.28,556.6,233.68,5.0
104784,2023-10-05,West,Sports,Yoga Mat,In-Store,Returning Customer,1,3254.6,0,3254.6,1802.58,1452.02,5.0
104785,2024-11-13,West,Home & Kitchen,Air Fryer,Online,New Customer,1,4606.19,0,4606.19,2646.12,1960.07,
104786,2023-02-15,East,Grocery,Snacks Combo,In-Store,Premium Member,5,849.47,5,4034.98,3020.28,1014.7,4.0
104787,2023-10-09,South,Beauty,Sunscreen,Online,New Customer,2,358.43,10,645.17,441.97,203.2,4.0
104788,2023-05-02,North,Home & Kitchen,Vacuum Cleaner,In-Store,New Customer,2,2547.86,0,5095.72,3552.92,1542.8,4.0
104789,2024-12-21,West,Electronics,Laptop,Online,New Customer,4,26774.21,10,96387.16,62776.91,33610.25,
104790,2024-11-04,East,Grocery,Rice 5kg,In-Store,New Customer,1,658.54,5,625.61,398.57,227.04,
104791,2023-09-22,North,Electronics,Smartwatch,Online,Returning Customer,1,40980.76,10,36882.68,26414.42,10468.26,5.0
104792,2023-11-29,East,Beauty,Face Wash,Online,New Customer,2,1448.59,0,2897.18,1640.61,1256.57,2.0
104793,2024-01-10,East,Electronics,Smartphone,In-Store,New Customer,2,22113.16,5,42015.0,25111.43,16903.57,4.0
104794,2023-04-04,East,Beauty,Shampoo,Online,New Customer,4,910.74,5,3460.81,2393.24,1067.57,
104795,2023-06-17,South,Beauty,Face Wash,In-Store,Premium Member,5,603.57,5,2866.96,1971.33,895.63,2.0
104796,2023-02-26,South,Beauty,Shampoo,Online,Returning Customer,4,1623.51,0,6494.04,4050.27,2443.77,
104797,2023-07-02,West,Beauty,Sunscreen,In-Store,Returning Customer,5,634.84,0,3174.2,2075.03,1099.17,3.0
104798,2023-06-04,North,Electronics,Headphones,Online,Returning Customer,4,14350.39,5,54531.48,39351.45,15180.03,
104799,2024-11-21,North,Clothing,Sneakers,Online,New Customer,1,1803.1,5,1712.94,1342.36,370.58,4.0
104800,2024-05-22,East,Electronics,Smartphone,Online,New Customer,2,36823.58,0,73647.16,42883.33,30763.83,
104801,2024-04-03,East,Home & Kitchen,Mixer Grinder,In-Store,Premium Member,3,981.49,0,2944.47,2201.94,742.53,4.0
104802,2024-05-02,North,Sports,Running Shoes,In-Store,Returning Customer,2,3715.16,5,7058.8,4698.85,2359.95,5.0
104803,2023-03-06,East,Electronics,Smartwatch,Online,Returning Customer,3,14848.51,5,42318.25,24965.43,17352.82,5.0
104804,2023-06-30,North,Grocery,Rice 5kg,In-Store,New Customer,2,541.01,15,919.72,635.31,284.41,
104805,2024-08-01,west,Grocery,Cooking Oil,In-Store,Returning Customer,2,859.59,10,1547.26,1018.17,529.09,5.0
104806,2024-10-03,North,Electronics,Laptop,Online,New Customer,1,17474.21,10,15726.79,12575.58,3151.21,
104807,2024-05-10,South,Beauty,Sunscreen,In-Store,New Customer,5,789.67,0,3948.35,2754.88,1193.47,4.0
104808,2023-04-09,North,Clothing,T-Shirt,Online,Returning Customer,2,665.9,10,1198.62,854.79,343.83,
104809,2024-05-27,East,Grocery,Cooking Oil,In-Store,Premium Member,3,704.03,5,2006.49,1195.96,810.53,4.0
104810,2023-06-16,South,Home & Kitchen,Air Fryer,Online,Premium Member,1,3517.75,5,3341.86,2249.05,1092.81,4.0
104811,2023-12-10,East,Home & Kitchen,Mixer Grinder,Online,Returning Customer,2,1595.45,5,3031.36,1770.39,1260.97,2.0
104812,2023-11-21,East,Electronics,Headphones,In-Store,Returning Customer,2,15083.19,20,24133.1,21916.34,2216.76,
104813,2024-10-20,East,Home & Kitchen,Vacuum Cleaner,In-Store,Premium Member,5,10150.11,0,50750.55,37190.32,13560.23,5.0
104814,2024-03-08,East,Home & Kitchen,Air Fryer,Online,Returning Customer,5,9238.06,0,46190.3,33364.94,12825.36,
104815,2023-01-02,West,Electronics,Smartphone,Online,New Customer,2,37625.64,5,71488.72,52563.86,18924.86,5.0
104816,2023-10-11,North,Home & Kitchen,Cookware Set,In-Store,New Customer,5,1411.36,0,7056.8,4568.33,2488.47,5.0
104817,2024-05-04,East,Sports,Cricket Bat,In-Store,New Customer,4,1083.73,0,4334.92,2808.52,1526.4,3.0
104818,2024-06-07,East,Clothing,T-Shirt,Online,Premium Member,4,2195.14,10,7902.5,6160.35,1742.15,5.0
104819,2024-07-25,East,Sports,Running Shoes,Online,New Customer,5,3829.66,0,19148.3,11233.0,7915.3,5.0
104820,2023-06-23,South,Beauty,Lipstick,Online,Returning Customer,2,1063.39,5,2020.44,1276.06,744.38,4.0
104821,2023-08-04,South,Grocery,Cooking Oil,Online,New Customer,3,101.97,0,305.91,224.88,81.03,5.0
104822,2023-04-16,East,Grocery,Snacks Combo,In-Store,Premium Member,3,723.95,10,1954.67,1372.85,581.82,3.0
104823,2024-11-12,North,Beauty,Sunscreen,Online,New Customer,4,214.74,0,858.96,584.44,274.52,5.0
104824,2024-05-08,North,Sports,Yoga Mat,Online,Returning Customer,5,4217.51,0,21087.55,13701.29,7386.26,5.0
104825,2024-07-06,West,Sports,Yoga Mat,In-Store,New Customer,1,2935.62,0,2935.62,1623.2,1312.42,5.0
104826,2024-03-25,South,Electronics,Smartphone,In-Store,Returning Customer,3,21419.25,10,57831.98,36232.48,21599.5,2.0
104827,2024-06-25,West,Grocery,Tea Pack,Online,New Customer,5,162.38,15,690.12,463.85,226.27,5.0
104828,2024-04-16,North,Beauty,Sunscreen,In-Store,New Customer,5,1648.76,0,8243.8,5698.73,2545.07,
104829,2023-10-21,North,Sports,Dumbbells,Online,Returning Customer,3,3915.95,0,11747.85,7362.08,4385.77,4.0
104830,2023-06-21,West,Grocery,Tea Pack,In-Store,Returning Customer,2,643.43,0,1286.86,914.8,372.06,1.0
104831,2023-07-24,North,Electronics,Laptop,In-Store,New Customer,5,7337.15,10,33017.18,24995.76,8021.42,5.0
104832,2024-05-04,North,Grocery,Cooking Oil,Online,New Customer,4,605.58,5,2301.2,1478.99,822.21,1.0
104833,2023-11-26,North,Home & Kitchen,Vacuum Cleaner,In-Store,Returning Customer,1,3619.86,0,3619.86,2542.41,1077.45,
104834,2023-08-02,West,Electronics,Bluetooth Speaker,In-Store,New Customer,4,16122.41,20,51591.71,48216.05,3375.66,5.0
104835,2023-11-02,East,Beauty,Face Wash,Online,New Customer,5,242.58,0,1212.9,717.01,495.89,4.0
104836,2024-04-11,North,Home & Kitchen,Vacuum Cleaner,In-Store,Premium Member,1,7927.22,0,7927.22,5445.23,2481.99,
104837,2023-04-17,West,Electronics,Bluetooth Speaker,Online,New Customer,3,19928.36,0,59785.08,34412.76,25372.32,
104838,2023-03-13,West,Beauty,Shampoo,Online,New Customer,1,728.06,5,691.66,492.09,199.57,4.0
104839,2024-11-17,South,Clothing,Dress,Online,Returning Customer,1,2001.95,0,2001.95,1449.37,552.58,5.0
104840,2024-01-29,North,Clothing,Jeans,In-Store,New Customer,2,2078.57,10,3741.43,2290.96,1450.47,3.0
104841,2023-05-28,East,Sports,Yoga Mat,In-Store,Returning Customer,2,2504.65,10,4508.37,3243.55,1264.82,4.0
104842,2023-02-01,East,Clothing,T-Shirt,In-Store,New Customer,5,1313.77,0,6568.85,3766.55,2802.3,
104843,2024-02-11,South,Grocery,Rice 5kg,Online,Returning Customer,4,208.44,0,833.76,623.09,210.67,4.0
104844,2024-02-03,North,Electronics,Headphones,Online,Premium Member,4,40188.22,10,144677.59,93472.74,51204.85,5.0
104845,2024-09-28,South,Sports,Dumbbells,Online,Returning Customer,3,5259.56,5,14989.75,11792.89,3196.86,4.0
104846,2023-01-17,West,Electronics,Laptop,Online,Returning Customer,5,30626.38,0,153131.9,106678.43,46453.47,5.0
104847,2024-02-10,South,Clothing,T-Shirt,Online,Premium Member,1,2421.24,20,1936.99,1732.78,204.21,
104848,2023-03-22,West,Clothing,T-Shirt,Online,New Customer,2,476.45,20,762.32,621.25,141.07,4.0
104849,2023-12-12,North,Electronics,Headphones,Online,New Customer,3,11299.71,0,33899.13,24572.16,9326.97,
104850,2023-02-06,South,Clothing,Jacket,Online,New Customer,2,1377.04,15,2340.97,2044.87,296.1,5.0
104851,2024-05-03,North,Beauty,Shampoo,Online,Returning Customer,4,152.12,0,608.48,395.01,213.47,1.0
104852,2024-04-07,East,Clothing,Sneakers,Online,New Customer,2,2349.63,0,4699.26,3053.8,1645.46,5.0
104853,2023-05-03,East,Home & Kitchen,Cookware Set,Online,Premium Member,3,4375.3,15,11157.02,8960.64,2196.38,
104854,2023-03-23,North,Home & Kitchen,Mixer Grinder,In-Store,Returning Customer,5,5054.98,0,25274.9,16729.31,8545.59,
104855,2023-03-18,East,Home & Kitchen,Air Fryer,Online,Premium Member,4,7658.41,0,30633.64,21100.02,9533.62,4.0
104856,2023-10-10,South,Electronics,Headphones,Online,Premium Member,2,18724.56,10,33704.21,23551.34,10152.87,4.0
104857,2023-09-14,West,Grocery,Snacks Combo,Online,Returning Customer,2,665.81,0,1331.62,830.15,501.47,
104858,2023-04-26,South,Grocery,Rice 5kg,Online,Premium Member,5,298.99,0,1494.95,873.18,621.77,5.0
104859,2023-05-28,North,Grocery,Tea Pack,Online,New Customer,1,556.81,0,556.81,380.41,176.4,4.0
104860,2023-01-03,North,Sports,Yoga Mat,Online,New Customer,5,5341.71,5,25373.12,15560.37,9812.75,5.0
104861,2024-10-29,North,Beauty,Face Wash,Online,Returning Customer,2,1388.18,5,2637.54,1833.47,804.07,5.0
104862,2024-01-05,West,Home & Kitchen,Mixer Grinder,In-Store,New Customer,3,6820.19,0,20460.57,11883.42,8577.15,4.0
104863,2023-10-17,East,Beauty,Lipstick,Online,New Customer,3,334.47,0,1003.41,555.93,447.48,
104864,2024-02-20,West,Sports,Yoga Mat,Online,New Customer,1,541.07,0,541.07,361.48,179.59,4.0
104865,2023-01-17,North,Home & Kitchen,Mixer Grinder,In-Store,New Customer,5,11845.2,0,59226.0,35689.64,23536.36,5.0
104866,2024-05-01,West,Grocery,Cooking Oil,In-Store,New Customer,3,438.15,0,1314.45,893.21,421.24,5.0
104867,2024-11-27,East,Home & Kitchen,Air Fryer,In-Store,Premium Member,5,6338.08,10,28521.36,19294.0,9227.36,5.0
104868,2023-09-24,West,Grocery,Rice 5kg,Online,Returning Customer,3,103.36,5,294.58,199.46,95.12,1.0
104869,2023-07-24,South,Beauty,Shampoo,Online,New Customer,2,1255.7,0,2511.4,1581.25,930.15,
104870,2023-05-25,South,Beauty,Face Wash,In-Store,New Customer,1,1702.52,10,1532.27,1205.5,326.77,1.0
104871,2024-11-17,East,Sports,Running Shoes,Online,Premium Member,4,1771.82,0,7087.28,4606.18,2481.1,
104872,2024-08-26,North,Home & Kitchen,Cookware Set,Online,Returning Customer,5,1328.35,0,6641.75,4243.27,2398.48,4.0
104873,2023-04-23,North,Sports,Dumbbells,Online,New Customer,3,1724.8,0,5174.4,2937.02,2237.38,
104874,2023-03-31,West,Sports,Cricket Bat,Online,New Customer,5,3343.75,15,14210.94,11307.18,2903.76,
104875,2024-08-29,West,Home & Kitchen,Mixer Grinder,In-Store,New Customer,3,9200.54,0,27601.62,15811.09,11790.53,2.0
104876,2024-07-17,North,Clothing,Jeans,Online,Returning Customer,4,952.3,5,3618.74,2685.28,933.46,
104877,2024-09-06,East,Grocery,Snacks Combo,Online,New Customer,1,409.58,5,389.1,282.76,106.34,3.0
104878,2024-01-02,East,Grocery,Tea Pack,In-Store,Returning Customer,3,697.26,5,1987.19,1411.57,575.62,3.0
104879,2023-02-12,East,Sports,Dumbbells,In-Store,New Customer,2,2492.14,15,4236.64,3590.99,645.65,
104880,2023-11-07,East,Sports,Dumbbells,Online,Returning Customer,5,4332.25,0,21661.25,12989.76,8671.49,5.0
104881,2024-05-24,North,Home & Kitchen,Mixer Grinder,Online,New Customer,3,8648.28,5,24647.6,14366.49,10281.11,4.0
104882,2024-01-23,North,Grocery,Rice 5kg,Online,New Customer,1,167.04,10,150.34,93.97,56.37,
104883,2023-01-27,East,Home & Kitchen,Cookware Set,Online,Premium Member,1,10291.19,0,10291.19,6687.81,3603.38,
104884,2023-08-18,West,Electronics,Smartwatch,Online,Returning Customer,1,34740.33,0,34740.33,25732.85,9007.48,4.0
104885,2023-10-08,East,Electronics,Bluetooth Speaker,In-Store,New Customer,4,7234.43,5,27490.83,18900.12,8590.71,5.0
104886,2024-04-25,East,Grocery,Tea Pack,Online,Premium Member,2,590.37,10,1062.67,670.9,391.77,5.0
104887,2024-05-12,North,Beauty,Lipstick,Online,Returning Customer,5,1725.05,10,7762.72,6308.47,1454.25,5.0
104888,2024-08-12,North,Sports,Cricket Bat,Online,Returning Customer,5,3810.63,0,19053.15,11410.13,7643.02,
104889,2023-10-17,East,Beauty,Shampoo,Online,Returning Customer,5,1517.28,5,7207.08,4714.62,2492.46,
104890,2024-06-23,South,Home & Kitchen,Vacuum Cleaner,Online,New Customer,4,9821.94,5,37323.37,28944.7,8378.67,4.0
104891,2023-04-24,North,Beauty,Shampoo,Online,Returning Customer,5,1689.62,0,8448.1,4851.67,3596.43,5.0
104892,2023-09-18,West,Electronics,Smartphone,In-Store,Premium Member,2,18472.63,10,33250.73,26488.03,6762.7,5.0
104893,2024-12-03,East,Clothing,T-Shirt,Online,Premium Member,2,2168.68,20,3469.89,2766.36,703.53,5.0
104894,2024-09-09,West,Electronics,Smartphone,Online,New Customer,4,8319.44,10,29949.98,22779.77,7170.21,
104895,2024-03-11,East,Home & Kitchen,Air Fryer,In-Store,New Customer,2,1936.66,15,3292.32,2703.02,589.3,3.0
104896,2023-01-10,East,Electronics,Smartphone,In-Store,Returning Customer,5,15367.03,5,72993.39,42540.44,30452.95,
104897,2023-02-06,South,Home & Kitchen,Vacuum Cleaner,In-Store,Premium Member,1,4527.49,0,4527.49,2758.87,1768.62,5.0
104898,2024-11-24,West,Clothing,Dress,In-Store,Returning Customer,2,2728.11,5,5183.41,3537.3,1646.11,
104899,2023-11-25,South,Electronics,Headphones,In-Store,Returning Customer,4,3690.64,0,14762.56,9535.42,5227.14,5.0
104900,2024-10-26,West,Electronics,Laptop,In-Store,New Customer,2,17501.55,0,35003.1,20413.81,14589.29,3.0
104901,2023-01-02,North,Beauty,Shampoo,In-Store,Returning Customer,4,821.66,10,2957.98,1920.36,1037.62,
104902,2024-05-18,North,Sports,Cricket Bat,Online,Returning Customer,1,2826.05,10,2543.45,2035.34,508.11,4.0
104903,2024-01-29,South,Grocery,Snacks Combo,Online,New Customer,1,724.5,5,688.28,466.03,222.25,4.0
104904,2024-11-11,South,Beauty,Shampoo,Online,Premium Member,2,175.47,20,280.75,241.55,39.2,5.0
104905,2023-02-19,West,Grocery,Cooking Oil,Online,Premium Member,1,346.02,10,311.42,254.92,56.5,3.0
104906,2023-07-17,South,Clothing,Jeans,In-Store,Premium Member,1,2608.77,0,2608.77,1471.64,1137.13,4.0
104907,2023-01-01,South,Home & Kitchen,Air Fryer,Online,New Customer,5,1706.59,5,8106.3,4786.86,3319.44,4.0
104908,2024-12-08,West,Sports,Cricket Bat,Online,Returning Customer,4,1112.87,5,4228.91,3308.97,919.94,5.0
104909,2023-02-21,East,Clothing,Jacket,In-Store,New Customer,3,3066.29,10,8278.98,6414.39,1864.59,4.0
104910,2024-09-19,North,Beauty,Sunscreen,Online,Returning Customer,2,409.77,5,778.56,578.37,200.19,4.0
104911,2024-06-16,West,Grocery,Tea Pack,Online,Premium Member,5,879.78,15,3739.06,2956.72,782.34,
104912,2023-01-18,East,Beauty,Face Wash,Online,Returning Customer,3,836.33,0,2508.99,1814.34,694.65,5.0
104913,2023-02-14,East,Beauty,Lipstick,In-Store,Premium Member,2,250.85,10,451.53,280.18,171.35,
104914,2023-08-05,West,Clothing,Dress,In-Store,Returning Customer,4,1074.95,0,4299.8,2760.52,1539.28,2.0
104915,2023-11-09,East,Home & Kitchen,Vacuum Cleaner,Online,New Customer,1,1079.12,5,1025.16,665.98,359.18,4.0
104916,2024-01-10,East,Sports,Running Shoes,Online,New Customer,5,1394.64,5,6624.54,4000.03,2624.51,4.0
104917,2023-08-12,East,Home & Kitchen,Cookware Set,Online,Returning Customer,3,8127.57,15,20725.3,15663.29,5062.01,1.0
104918,2023-07-22,North,Home & Kitchen,Cookware Set,Online,New Customer,5,8987.71,5,42691.62,32052.02,10639.6,
104919,2024-11-14,East,Grocery,Rice 5kg,In-Store,Premium Member,3,561.9,5,1601.41,995.61,605.8,3.0
104920,2023-04-29,West,Beauty,Sunscreen,Online,Returning Customer,2,1137.66,15,1934.02,1494.12,439.9,4.0
104921,2024-01-21,East,Home & Kitchen,Air Fryer,In-Store,New Customer,4,7731.71,5,29380.5,17607.72,11772.78,4.0
104922,2023-06-22,East,Clothing,Sneakers,Online,New Customer,3,2628.37,0,7885.11,5783.13,2101.98,
104923,2023-10-01,South,Clothing,Dress,Online,Premium Member,2,1450.38,0,2900.76,1887.21,1013.55,
104924,2024-03-16,South,Sports,Yoga Mat,Online,Returning Customer,5,3405.48,0,17027.4,12105.77,4921.63,3.0
104925,2023-10-28,South,Clothing,Sneakers,In-Store,New Customer,4,3495.35,15,11884.19,9639.17,2245.02,1.0
104926,2024-01-05,North,Beauty,Shampoo,Online,Returning Customer,1,698.91,15,594.07,459.5,134.57,4.0
104927,2024-05-19,East,Home & Kitchen,Vacuum Cleaner,In-Store,Premium Member,5,1320.06,0,6600.3,4798.28,1802.02,
104928,2023-08-09,South,Clothing,Dress,Online,New Customer,5,3135.15,10,14108.18,9192.14,4916.04,2.0
104929,2024-06-04,North,Electronics,Headphones,In-Store,New Customer,1,24617.07,20,19693.66,17474.26,2219.4,
104930,2023-06-13,North,Clothing,T-Shirt,Online,New Customer,5,1450.02,5,6887.6,4683.45,2204.15,
104931,2023-02-19,North,Home & Kitchen,Vacuum Cleaner,Online,New Customer,2,3053.58,10,5496.44,3937.77,1558.67,3.0
104932,2023-06-14,West,Grocery,Cooking Oil,Online,Returning Customer,3,635.05,0,1905.15,1413.28,491.87,
104933,2024-09-20,South,Electronics,Laptop,In-Store,Returning Customer,1,42083.89,0,42083.89,25551.8,16532.09,3.0
104934,2024-02-29,West,Sports,Dumbbells,Online,Returning Customer,5,5364.95,0,26824.75,18582.31,8242.44,5.0
104935,2024-07-11,East,Clothing,T-Shirt,In-Store,Returning Customer,3,1584.4,5,4515.54,3111.96,1403.58,4.0
104936,2023-09-02,North,Home & Kitchen,Mixer Grinder,Online,New Customer,3,7829.31,0,23487.93,17160.33,6327.6,
104937,2023-04-26,South,Grocery,Tea Pack,Online,Returning Customer,2,774.4,0,1548.8,1079.7,469.1,
104938,2023-01-04,East,Clothing,Dress,Online,,5,2512.49,15,10678.08,7301.78,3376.3,
104939,2024-03-31,East,Grocery,Snacks Combo,Online,New Customer,3,238.55,0,715.65,401.9,313.75,5.0
104940,2023-05-08,West,Grocery,Snacks Combo,Online,Returning Customer,1,226.5,20,181.2,145.78,35.42,4.0
104941,2024-05-20,West,Electronics,Headphones,In-Store,Premium Member,1,43372.4,0,43372.4,30593.28,12779.12,
104942,2023-08-31,West,Beauty,Shampoo,Online,Returning Customer,4,857.96,10,3088.66,2015.72,1072.94,5.0
104943,2024-03-28,East,Grocery,Rice 5kg,In-Store,Premium Member,1,353.65,10,318.28,250.2,68.08,
104944,2024-03-03,west,Electronics,Smartphone,Online,Returning Customer,5,13207.86,5,62737.34,42071.94,20665.4,5.0
104945,2024-09-12,North,Home & Kitchen,Cookware Set,In-Store,Returning Customer,5,9883.09,0,49415.45,29158.32,20257.13,3.0
104946,2023-09-18,North,Sports,Yoga Mat,Online,Returning Customer,3,2621.0,0,7863.0,4535.73,3327.27,3.0
104947,2024-04-27,South,Clothing,Jeans,In-Store,New Customer,5,2162.12,20,8648.48,6346.78,2301.7,
104948,2023-02-19,North,Clothing,Jeans,Online,Returning Customer,3,1087.61,20,2610.26,1876.17,734.09,
104949,2023-09-24,South,Clothing,Jeans,Online,Returning Customer,1,3419.27,0,3419.27,2474.98,944.29,2.0
104950,2024-08-07,North,Home & Kitchen,Cookware Set,In-Store,New Customer,2,3403.24,0,6806.48,3790.36,3016.12,
104951,2024-02-20,West,Sports,Running Shoes,In-Store,Returning Customer,3,3511.73,5,10008.43,6426.61,3581.82,4.0
104952,2024-08-04,South,Clothing,Jacket,Online,Premium Member,5,1392.12,5,6612.57,4733.03,1879.54,
104953,2023-10-24,North,Clothing,T-Shirt,In-Store,New Customer,4,1573.59,10,5664.92,3726.95,1937.97,
104954,2023-07-09,west,Grocery,Snacks Combo,In-Store,Returning Customer,4,642.71,0,2570.84,1536.88,1033.96,5.0
104955,2023-07-04,North,Sports,Yoga Mat,In-Store,Returning Customer,2,5886.65,0,11773.3,7124.41,4648.89,3.0
104956,2023-03-13,North,Home & Kitchen,Vacuum Cleaner,Online,Premium Member,2,6029.85,5,11456.72,9014.82,2441.9,5.0
104957,2024-07-01,West,Clothing,Jacket,Online,New Customer,1,2842.28,0,2842.28,1800.68,1041.6,
104958,2024-06-25,West,Beauty,Shampoo,In-Store,New Customer,1,587.03,5,557.68,356.93,200.75,
104959,2024-01-25,North,Clothing,T-Shirt,Online,New Customer,5,561.58,5,2667.5,1555.37,1112.13,5.0
104960,2023-02-12,North,Grocery,Snacks Combo,Online,Returning Customer,1,561.23,5,533.17,409.23,123.94,5.0
104961,2023-02-17,North,Home & Kitchen,Mixer Grinder,Online,New Customer,4,4946.35,5,18796.13,13601.0,5195.13,2.0
104962,2023-12-08,North,Beauty,Sunscreen,Online,New Customer,2,1584.65,10,2852.37,1818.01,1034.36,5.0
104963,2023-06-12,North,Beauty,Shampoo,Online,Premium Member,5,1562.97,10,7033.37,4384.05,2649.32,2.0
104964,2023-12-06,East,Electronics,Smartphone,Online,Returning Customer,4,8708.23,10,31349.63,21970.24,9379.39,5.0
104965,2023-09-12,North,Home & Kitchen,Vacuum Cleaner,In-Store,Premium Member,4,3742.96,5,14223.25,9588.5,4634.75,3.0
104966,2024-01-18,West,Grocery,Tea Pack,Online,Returning Customer,4,185.59,0,742.36,521.46,220.9,5.0
104967,2023-10-25,South,Sports,Cricket Bat,Online,New Customer,1,2334.05,5,2217.35,1656.17,561.18,5.0
104968,2023-10-17,South,Sports,Yoga Mat,Online,Returning Customer,4,2600.24,0,10400.96,6422.17,3978.79,4.0
104969,2024-08-23,West,Electronics,Smartphone,In-Store,Premium Member,4,10113.66,5,38431.91,28048.34,10383.57,
104970,2024-04-19,West,Home & Kitchen,Vacuum Cleaner,Online,Premium Member,2,5316.17,0,10632.34,6197.08,4435.26,4.0
104971,2023-02-27,South,Sports,Dumbbells,Online,Premium Member,1,4011.92,15,3410.13,2869.32,540.81,5.0
104972,2023-02-20,South,Home & Kitchen,Air Fryer,In-Store,Premium Member,1,1330.4,10,1197.36,738.3,459.06,4.0
104973,2024-04-18,North,Home & Kitchen,Air Fryer,Online,Premium Member,1,8204.09,5,7793.89,4720.72,3073.17,3.0
104974,2024-08-27,South,Grocery,Tea Pack,Online,Returning Customer,4,230.98,5,877.72,643.77,233.95,2.0
104975,2023-12-01,North,Grocery,Rice 5kg,In-Store,Returning Customer,2,147.84,0,295.68,170.16,125.52,3.0
104976,2024-03-12,North,Grocery,Rice 5kg,Online,New Customer,2,606.41,0,1212.82,679.81,533.01,
104977,2024-05-19,South,Electronics,Laptop,Online,New Customer,2,21930.78,0,43861.56,31596.03,12265.53,
104978,2023-07-04,West,Beauty,Sunscreen,Online,Premium Member,3,1657.02,0,4971.06,3657.41,1313.65,2.0
104979,2024-01-10,North,Grocery,Tea Pack,In-Store,Premium Member,4,482.64,20,1544.45,1170.61,373.84,
104980,2023-10-21,South,Clothing,Jacket,Online,Returning Customer,3,1730.93,0,5192.79,3513.62,1679.17,5.0
104981,2024-08-20,West,Sports,Yoga Mat,Online,Premium Member,4,5785.75,10,20828.7,14216.65,6612.05,5.0
104982,2024-02-19,North,Sports,Cricket Bat,Online,Returning Customer,3,2737.02,10,7389.95,5576.16,1813.79,5.0
104983,2024-01-01,South,Home & Kitchen,Air Fryer,In-Store,New Customer,5,10148.5,5,48205.38,33724.67,14480.71,4.0
104984,2023-06-11,South,Grocery,Tea Pack,Online,Returning Customer,4,243.74,15,828.72,675.51,153.21,5.0
104985,2024-01-30,North,Electronics,Bluetooth Speaker,Online,New Customer,2,11951.47,10,21512.65,13220.06,8292.59,
104986,2023-11-16,North,Beauty,Sunscreen,In-Store,Returning Customer,1,935.97,0,935.97,650.8,285.17,
104987,2024-02-18,East,Sports,Dumbbells,Online,Premium Member,2,2342.11,0,4684.22,3029.02,1655.2,2.0
104988,2024-07-20,East,Home & Kitchen,Mixer Grinder,Online,New Customer,3,3923.89,5,11183.09,8380.46,2802.63,5.0
104989,2023-09-03,North,Home & Kitchen,Mixer Grinder,In-Store,Premium Member,4,3931.65,15,13367.61,11591.91,1775.7,
104990,2023-09-10,North,Electronics,Bluetooth Speaker,Online,New Customer,2,15414.92,10,27746.86,22171.8,5575.06,5.0
104991,2023-08-10,north,Beauty,Face Wash,In-Store,Returning Customer,3,333.15,0,999.45,647.74,351.71,5.0
104992,2024-10-25,East,Home & Kitchen,Air Fryer,Online,Premium Member,4,3267.65,0,13070.6,7617.71,5452.89,
104993,2023-05-14,South,Home & Kitchen,Mixer Grinder,Online,Returning Customer,2,1147.03,5,2179.36,1582.46,596.9,4.0
104994,2023-06-11,West,Sports,Cricket Bat,In-Store,Premium Member,1,1612.14,5,1531.53,1055.73,475.8,
104995,2024-11-16,East,Clothing,T-Shirt,Online,New Customer,5,3455.01,0,17275.05,10695.18,6579.87,
104996,2024-01-30,South,Electronics,Headphones,Online,New Customer,4,31793.87,0,127175.48,82308.78,44866.7,4.0
104997,2024-05-30,North,Grocery,Snacks Combo,Online,Returning Customer,4,595.23,0,2380.92,1711.0,669.92,
104998,2023-12-17,West,Grocery,Rice 5kg,Online,New Customer,4,569.72,5,2164.94,1283.16,881.78,
104999,2023-05-07,North,Clothing,T-Shirt,Online,New Customer,4,3176.48,5,12070.62,8647.71,3422.91,5.0
105000,2023-08-01,South,Clothing,Sneakers,Online,New Customer,3,494.33,0,1482.99,1046.09,436.9,
105001,2023-10-29,North,Electronics,Smartwatch,Online,New Customer,1,43045.56,5,40893.28,27652.92,13240.36,4.0
105002,2023-06-02,South,Clothing,Sneakers,Online,Returning Customer,1,1522.43,20,1217.94,1006.34,211.6,2.0
105003,2023-10-22,South,Grocery,Rice 5kg,Online,New Customer,4,864.15,5,3283.77,2309.14,974.63,3.0
105004,2024-07-26,East,Beauty,Shampoo,Online,Returning Customer,5,806.66,10,3629.97,2405.42,1224.55,3.0
105005,2024-07-18,North,Clothing,Dress,Online,Premium Member,4,2745.63,0,10982.52,7510.73,3471.79,4.0
105006,2023-12-02,North,Home & Kitchen,Cookware Set,Online,Returning Customer,1,7906.32,5,7511.0,5816.86,1694.14,4.0
105007,2024-07-30,North,Beauty,Lipstick,Online,Returning Customer,2,706.51,15,1201.07,901.96,299.11,
105008,2024-04-29,West,Sports,Dumbbells,In-Store,New Customer,2,3761.62,10,6770.92,4731.92,2039.0,3.0
105009,2024-04-17,West,Electronics,Smartphone,Online,Returning Customer,3,3189.57,5,9090.27,5969.15,3121.12,5.0
105010,2024-09-01,South,Clothing,Jeans,In-Store,Returning Customer,2,3483.12,5,6617.93,3868.27,2749.66,
105011,2023-11-03,North,Grocery,Tea Pack,Online,Returning Customer,5,493.31,0,2466.55,1492.59,973.96,
105012,2024-09-18,North,Home & Kitchen,Air Fryer,Online,Returning Customer,3,6497.18,0,19491.54,13772.18,5719.36,4.0
105013,2024-12-06,South,Clothing,Jeans,In-Store,Premium Member,5,3180.03,5,15105.14,11251.97,3853.17,3.0
105014,2023-12-11,North,Home & Kitchen,Mixer Grinder,Online,Returning Customer,2,7253.52,0,14507.04,10420.82,4086.22,2.0
105015,2023-01-04,East,Grocery,Snacks Combo,Online,Returning Customer,3,292.09,10,788.64,532.53,256.11,3.0
105016,2023-02-02,East,Grocery,Snacks Combo,In-Store,Returning Customer,4,812.63,15,2762.94,2031.36,731.58,2.0
105017,2024-03-11,South,Sports,Cricket Bat,Online,Returning Customer,1,1108.33,5,1052.91,681.67,371.24,
105018,2023-12-14,North,Grocery,Cooking Oil,Online,New Customer,4,781.15,5,2968.37,2068.2,900.17,5.0
105019,2024-05-20,North,Sports,Dumbbells,In-Store,Premium Member,1,4897.14,0,4897.14,3543.53,1353.61,1.0
105020,2024-03-08,East,Electronics,Bluetooth Speaker,Online,New Customer,4,7893.84,0,31575.36,18685.44,12889.92,5.0
105021,2023-07-03,East,Grocery,Tea Pack,In-Store,New Customer,3,581.5,10,1570.05,990.94,579.11,
105022,2023-05-03,East,Clothing,Jacket,Online,Returning Customer,5,2047.47,5,9725.48,5663.23,4062.25,
105023,2023-05-04,West,Beauty,Lipstick,In-Store,New Customer,5,1321.18,20,5284.72,3958.73,1325.99,4.0
105024,2024-05-20,South,Home & Kitchen,Air Fryer,Online,Returning Customer,3,5363.21,5,15285.15,10210.4,5074.75,4.0
105025,2024-10-05,East,Clothing,Jeans,Online,New Customer,4,3085.41,5,11724.56,8205.53,3519.03,
105026,2024-08-25,South,Clothing,Jacket,Online,Returning Customer,4,487.74,5,1853.41,1186.34,667.07,4.0
105027,2024-11-24,North,Home & Kitchen,Cookware Set,In-Store,New Customer,3,5997.59,0,17992.77,10895.12,7097.65,
105028,2023-01-16,North,Electronics,Laptop,Online,New Customer,4,4939.79,10,17783.24,11734.06,6049.18,4.0
105029,2024-02-09,East,Sports,Cricket Bat,Online,New Customer,5,4142.18,5,19675.36,13540.36,6135.0,
105030,2024-07-02,South,Beauty,Sunscreen,Online,Returning Customer,1,981.63,5,932.55,623.94,308.61,4.0
105031,2023-06-27,East,Beauty,Lipstick,In-Store,Premium Member,5,338.0,20,1352.0,941.1,410.9,2.0
105032,2024-08-22,North,Sports,Cricket Bat,Online,New Customer,3,3606.5,5,10278.52,6024.6,4253.92,
105033,2023-03-07,North,Clothing,Dress,Online,Returning Customer,4,1823.87,5,6930.71,4787.65,2143.06,5.0
105034,2024-06-29,South,Home & Kitchen,Vacuum Cleaner,In-Store,New Customer,1,7778.63,5,7389.7,5639.35,1750.35,4.0
105035,2024-10-29,East,Beauty,Sunscreen,Online,Premium Member,4,1698.9,15,5776.26,3912.77,1863.49,
105036,2023-11-15,West,Clothing,Jeans,In-Store,Returning Customer,5,3080.65,0,15403.25,9335.13,6068.12,2.0
105037,2024-11-09,West,Sports,Running Shoes,In-Store,Premium Member,4,2956.03,5,11232.91,8562.28,2670.63,4.0
105038,2024-05-17,North,Clothing,Jeans,Online,Returning Customer,3,1231.85,0,3695.55,2292.18,1403.37,4.0
105039,2024-01-17,East,Electronics,Smartphone,In-Store,Returning Customer,3,4768.83,10,12875.84,9184.62,3691.22,4.0
105040,2024-12-15,North,Sports,Yoga Mat,In-Store,Returning Customer,1,2374.56,0,2374.56,1348.73,1025.83,
105041,2024-05-14,East,Sports,Yoga Mat,In-Store,Returning Customer,1,3324.1,0,3324.1,2424.84,899.26,
105042,2024-12-29,North,Sports,Cricket Bat,Online,Premium Member,4,2750.82,5,10453.12,8103.33,2349.79,
105043,2024-06-16,West,Home & Kitchen,Cookware Set,Online,New Customer,5,845.89,0,4229.45,3060.36,1169.09,3.0
105044,2023-05-24,North,Electronics,Smartwatch,Online,Returning Customer,2,9137.56,10,16447.61,13294.4,3153.21,4.0
105045,2023-11-08,West,Home & Kitchen,Cookware Set,Online,New Customer,3,4160.56,10,11233.51,9203.79,2029.72,4.0
105046,2023-01-17,East,Beauty,Face Wash,Online,,1,901.72,10,811.55,596.08,215.47,5.0
105047,2023-09-10,East,Home & Kitchen,Air Fryer,In-Store,New Customer,2,2941.75,5,5589.32,3668.32,1921.0,
105048,2024-02-20,West,Beauty,Face Wash,Online,Premium Member,1,171.14,5,162.58,105.76,56.82,4.0
105049,2023-01-08,North,Sports,Dumbbells,Online,Returning Customer,2,4416.16,0,8832.32,5094.31,3738.01,
105050,2024-10-06,North,Clothing,T-Shirt,In-Store,Premium Member,1,2880.03,10,2592.03,1710.58,881.45,4.0
105051,2024-04-03,East,Clothing,Sneakers,Online,New Customer,5,1788.22,0,8941.1,6572.09,2369.01,4.0
105052,2023-03-23,North,Grocery,Cooking Oil,Online,Returning Customer,5,372.4,0,1862.0,1269.79,592.21,4.0
105053,2023-06-19,North,Home & Kitchen,Air Fryer,Online,New Customer,3,11124.6,5,31705.11,18611.27,13093.84,4.0
105054,2024-04-24,South,Clothing,T-Shirt,In-Store,,4,1854.56,0,7418.24,4941.91,2476.33,1.0
105055,2023-10-10,North,Clothing,Dress,Online,New Customer,5,3466.01,0,17330.05,11763.4,5566.65,
105056,2024-02-29,East,Grocery,Cooking Oil,Online,New Customer,1,552.02,0,552.02,356.86,195.16,4.0
105057,2024-06-05,North,Beauty,Lipstick,Online,New Customer,4,492.87,10,1774.33,1147.97,626.36,3.0
105058,2023-03-01,East,Beauty,Lipstick,In-Store,Premium Member,3,1757.33,0,5271.99,3170.12,2101.87,5.0
105059,2024-07-09,South,Beauty,Face Wash,Online,New Customer,2,693.81,15,1179.48,864.39,315.09,5.0
105060,2024-07-30,south,Sports,Cricket Bat,In-Store,Returning Customer,5,4501.66,0,22508.3,16602.05,5906.25,4.0
105061,2024-09-13,North,Home & Kitchen,Cookware Set,Online,New Customer,3,5562.88,10,15019.78,12238.96,2780.82,4.0
105062,2023-05-03,East,Home & Kitchen,Cookware Set,Online,Returning Customer,1,1222.01,5,1160.91,883.79,277.12,
105063,2024-03-04,West,Beauty,Shampoo,In-Store,Premium Member,5,369.93,0,1849.65,1169.05,680.6,5.0
105064,2024-10-17,South,Electronics,Laptop,Online,New Customer,2,14807.46,15,25172.68,21226.03,3946.65,4.0
105065,2024-04-06,West,Home & Kitchen,Vacuum Cleaner,Online,Returning Customer,3,10210.62,0,30631.86,20566.62,10065.24,4.0
105066,2023-11-03,East,Electronics,Bluetooth Speaker,Online,Returning Customer,4,4123.15,0,16492.6,11435.0,5057.6,5.0
105067,2023-11-11,West,Electronics,Laptop,Online,New Customer,2,5452.69,0,10905.38,8078.17,2827.21,
105068,2024-04-29,North,Sports,Yoga Mat,Online,New Customer,3,5206.53,0,15619.59,11704.62,3914.97,
105069,2023-01-29,West,Grocery,Tea Pack,Online,Premium Member,1,298.27,15,253.53,206.17,47.36,
105070,2023-11-09,North,Electronics,Bluetooth Speaker,In-Store,Returning Customer,3,43717.51,10,118037.28,75656.91,42380.37,
105071,2023-08-15,West,Beauty,Shampoo,Online,Premium Member,4,1314.11,0,5256.44,3220.49,2035.95,4.0
105072,2023-02-15,East,Beauty,Sunscreen,Online,Returning Customer,3,1081.64,5,3082.67,2046.16,1036.51,5.0
105073,2024-07-09,South,Clothing,Sneakers,Online,Premium Member,3,2940.37,5,8380.05,5190.08,3189.97,1.0
105074,2023-03-11,East,Home & Kitchen,Cookware Set,Online,New Customer,1,7830.95,0,7830.95,5540.01,2290.94,
105075,2023-07-31,North,Sports,Cricket Bat,Online,Returning Customer,2,4169.7,5,7922.43,4699.33,3223.1,1.0
105076,2024-03-30,North,Clothing,Jeans,In-Store,Returning Customer,1,2673.79,10,2406.41,1726.11,680.3,5.0
105077,2024-04-11,South,Clothing,T-Shirt,Online,Returning Customer,5,1710.26,5,8123.73,4888.9,3234.83,
105078,2024-02-06,North,Beauty,Shampoo,Online,Premium Member,5,172.06,0,860.3,606.84,253.46,5.0
105079,2024-12-14,East,Sports,Cricket Bat,Online,New Customer,5,5382.91,10,24223.1,18577.75,5645.35,1.0
105080,2024-01-15,South,Sports,Dumbbells,Online,Returning Customer,5,5597.1,0,27985.5,19711.0,8274.5,3.0
105081,2023-02-14,West,Sports,Cricket Bat,Online,Returning Customer,5,2217.24,5,10531.89,7135.94,3395.95,
105082,2023-11-18,East,Clothing,Dress,In-Store,New Customer,5,1244.19,0,6220.95,4619.19,1601.76,5.0
105083,2023-09-23,West,Grocery,Tea Pack,In-Store,Returning Customer,5,767.96,10,3455.82,2380.19,1075.63,4.0
105084,2024-07-23,South,Beauty,Shampoo,In-Store,Returning Customer,2,449.24,0,898.48,540.69,357.79,5.0
105085,2023-12-06,West,Home & Kitchen,Vacuum Cleaner,Online,Returning Customer,2,8128.4,10,14631.12,9788.37,4842.75,
105086,2024-02-10,East,Beauty,Sunscreen,In-Store,Returning Customer,1,445.0,5,422.75,306.76,115.99,
105087,2024-06-05,East,Home & Kitchen,Cookware Set,Online,Returning Customer,4,6117.1,10,22021.56,13493.88,8527.68,
105088,2023-07-27,North,Electronics,Bluetooth Speaker,Online,New Customer,1,15698.33,10,14128.5,11321.53,2806.97,3.0
105089,2024-06-30,South,Sports,Cricket Bat,In-Store,New Customer,5,1744.92,0,8724.6,5248.03,3476.57,
105090,2023-07-20,South,Home & Kitchen,Cookware Set,In-Store,Returning Customer,2,10439.48,0,20878.96,11998.31,8880.65,4.0
105091,2023-02-01,South,Electronics,Laptop,Online,Returning Customer,2,40121.23,15,68206.09,55222.18,12983.91,5.0
105092,2023-11-16,East,Grocery,Tea Pack,Online,Returning Customer,3,323.44,5,921.8,554.04,367.76,3.0
105093,2023-10-31,South,Sports,Running Shoes,Online,Returning Customer,4,2296.77,20,7349.66,6300.49,1049.17,5.0
105094,2023-11-05,South,Clothing,Sneakers,Online,Returning Customer,3,1749.78,10,4724.41,3068.58,1655.83,4.0
105095,2024-12-18,West,Grocery,Cooking Oil,Online,Premium Member,4,484.36,5,1840.57,1164.2,676.37,
105096,2023-07-17,East,Clothing,Sneakers,Online,New Customer,3,1321.24,0,3963.72,2491.99,1471.73,4.0
105097,2024-08-31,North,Sports,Dumbbells,In-Store,Premium Member,1,2525.39,5,2399.12,1435.93,963.19,4.0
105098,2023-03-20,South,Sports,Cricket Bat,In-Store,Returning Customer,5,2286.56,5,10861.16,8486.04,2375.12,
105099,2024-02-02,South,Grocery,Tea Pack,In-Store,Returning Customer,3,490.0,5,1396.5,954.08,442.42,5.0
105100,2023-03-21,West,Beauty,Shampoo,In-Store,Returning Customer,2,1586.25,10,2855.25,2338.09,517.16,
105101,2023-08-09,North,Home & Kitchen,Vacuum Cleaner,In-Store,Returning Customer,2,2598.53,0,5197.06,3484.18,1712.88,4.0
105102,2023-11-23,South,Grocery,Cooking Oil,Online,New Customer,2,700.89,10,1261.6,925.13,336.47,5.0
105103,2023-06-30,North,Beauty,Face Wash,Online,New Customer,4,640.53,5,2434.01,1790.34,643.67,5.0
105104,2023-06-04,North,Electronics,Smartphone,Online,Premium Member,5,14634.62,10,65855.79,49808.61,16047.18,
105105,2024-10-09,South,Electronics,Laptop,In-Store,Returning Customer,2,34056.96,10,61302.53,50041.12,11261.41,3.0
105106,2023-08-09,South,Home & Kitchen,Air Fryer,Online,Returning Customer,2,9376.38,15,15939.85,12193.69,3746.16,5.0
105107,2023-09-30,North,Beauty,Shampoo,Online,Returning Customer,4,1274.16,0,5096.64,3756.91,1339.73,
105108,2024-02-24,West,Grocery,Cooking Oil,Online,Premium Member,2,200.69,10,361.24,256.78,104.46,4.0
105109,2023-10-25,East,Electronics,Headphones,Online,New Customer,2,36784.56,0,73569.12,43058.72,30510.4,2.0
105110,2024-04-13,South,Home & Kitchen,Cookware Set,Online,New Customer,2,1719.39,0,3438.78,2075.5,1363.28,1.0
105111,2024-10-08,South,Sports,Yoga Mat,Online,Premium Member,1,3892.91,0,3892.91,2576.4,1316.51,2.0
105112,2024-06-02,East,Electronics,Smartwatch,In-Store,New Customer,4,43812.37,10,157724.53,121201.13,36523.4,3.0
105113,2023-02-15,South,Home & Kitchen,Cookware Set,Online,Premium Member,5,6778.64,5,32198.54,19769.62,12428.92,
105114,2024-05-12,South,Sports,Cricket Bat,Online,Premium Member,5,686.68,5,3261.73,2126.44,1135.29,4.0
105115,2024-04-26,West,Beauty,Sunscreen,Online,Returning Customer,4,1116.28,15,3795.35,2650.29,1145.06,4.0
105116,2023-03-28,East,Beauty,Face Wash,Online,New Customer,3,1556.14,0,4668.42,2602.2,2066.22,3.0
105117,2024-06-14,North,Clothing,Dress,In-Store,Returning Customer,4,1101.29,0,4405.16,2637.07,1768.09,4.0
105118,2023-05-30,East,Home & Kitchen,Vacuum Cleaner,Online,New Customer,2,6445.37,5,12246.2,7371.29,4874.91,4.0
105119,2024-10-26,West,Clothing,Sneakers,Online,New Customer,5,1747.43,0,8737.15,5113.13,3624.02,4.0
105120,2024-11-05,West,Clothing,Jeans,Online,Returning Customer,1,2226.43,15,1892.47,1486.09,406.38,3.0
105121,2024-03-20,East,Beauty,Shampoo,In-Store,Returning Customer,3,808.88,5,2305.31,1451.73,853.58,3.0
105122,2024-02-16,East,Beauty,Lipstick,Online,Premium Member,1,1035.9,0,1035.9,603.14,432.76,5.0
105123,2023-04-10,East,Clothing,Dress,In-Store,Returning Customer,3,3269.94,5,9319.33,6158.33,3161.0,4.0
105124,2024-04-05,East,Grocery,Rice 5kg,Online,New Customer,3,372.16,10,1004.83,736.89,267.94,4.0
105125,2023-06-17,South,Electronics,Smartwatch,Online,New Customer,2,38382.47,0,76764.94,57242.84,19522.1,3.0
105126,2024-02-19,South,Home & Kitchen,Vacuum Cleaner,Online,New Customer,2,5619.42,10,10114.96,7069.49,3045.47,5.0
105127,2023-03-29,East,Sports,Yoga Mat,In-Store,Returning Customer,4,475.19,5,1805.72,1336.09,469.63,4.0
105128,2024-12-27,South,Beauty,Lipstick,In-Store,Premium Member,4,1455.93,5,5532.53,3961.49,1571.04,
105129,2023-12-20,East,Grocery,Rice 5kg,In-Store,Returning Customer,2,312.41,0,624.82,380.06,244.76,4.0
105130,2024-07-06,West,Home & Kitchen,Vacuum Cleaner,In-Store,Returning Customer,5,9692.63,5,46039.99,28543.02,17496.97,5.0
105131,2024-07-10,West,Home & Kitchen,Cookware Set,Online,New Customer,5,9279.87,0,46399.35,31538.54,14860.81,
105132,2023-10-22,North,Grocery,Cooking Oil,Online,Premium Member,3,451.83,10,1219.94,795.35,424.59,
105133,2024-06-24,East,Grocery,Cooking Oil,In-Store,New Customer,5,861.91,0,4309.55,2810.21,1499.34,2.0
105134,2023-10-31,East,Sports,Dumbbells,Online,New Customer,4,4676.57,5,17770.97,10561.88,7209.09,
105135,2024-01-16,East,Sports,Yoga Mat,Online,,1,3658.52,0,3658.52,2534.03,1124.49,4.0
105136,2024-08-10,North,Clothing,T-Shirt,In-Store,Returning Customer,3,1592.96,0,4778.88,3203.04,1575.84,2.0
105137,2023-11-01,North,Electronics,Bluetooth Speaker,Online,New Customer,1,16715.69,0,16715.69,9939.66,6776.03,
105138,2024-03-27,South,Sports,Cricket Bat,Online,New Customer,4,4544.38,5,17268.64,10251.02,7017.62,
105139,2023-07-03,West,Electronics,Smartwatch,Online,New Customer,2,19956.57,5,37917.48,28590.01,9327.47,5.0
105140,2023-11-28,East,Grocery,Snacks Combo,Online,Premium Member,5,340.92,5,1619.37,1046.61,572.76,
105141,2024-08-16,South,Electronics,Laptop,Online,Premium Member,5,29585.85,10,133136.33,82010.99,51125.34,
105142,2024-07-17,East,Electronics,Headphones,Online,Premium Member,4,5147.73,0,20590.92,12697.14,7893.78,
105143,2024-02-20,West,Clothing,Sneakers,In-Store,Returning Customer,4,986.75,15,3354.95,2819.84,535.11,
105144,2024-08-06,East,Home & Kitchen,Air Fryer,In-Store,Premium Member,2,4797.77,0,9595.54,7106.81,2488.73,
105145,2023-02-22,North,Home & Kitchen,Vacuum Cleaner,Online,Premium Member,3,11859.82,5,33800.49,22958.51,10841.98,5.0
105146,2023-06-18,West,Electronics,Laptop,In-Store,Returning Customer,3,14527.34,15,37044.72,29169.68,7875.04,4.0
105147,2024-11-18,East,Beauty,Face Wash,Online,Returning Customer,5,402.21,15,1709.39,1426.27,283.12,
105148,2023-05-16,South,Electronics,Smartphone,In-Store,New Customer,5,25455.22,0,127276.1,84391.6,42884.5,4.0
105149,2024-12-25,East,Home & Kitchen,Cookware Set,Online,New Customer,3,9216.83,0,27650.49,19070.82,8579.67,4.0
105150,2023-07-21,South,Sports,Dumbbells,In-Store,New Customer,2,1656.01,0,3312.02,1872.65,1439.37,
105151,2023-10-17,south,Grocery,Cooking Oil,Online,Returning Customer,5,268.92,10,1210.14,802.4,407.74,2.0
105152,2024-12-01,East,Grocery,Tea Pack,In-Store,Returning Customer,3,639.34,0,1918.02,1327.04,590.98,2.0
105153,2024-04-02,North,Beauty,Sunscreen,Online,Returning Customer,2,1530.88,0,3061.76,2258.73,803.03,1.0
105154,2024-08-14,West,Grocery,Snacks Combo,Online,Returning Customer,3,203.16,0,609.48,346.87,262.61,
105155,2023-01-13,North,Grocery,Cooking Oil,In-Store,Returning Customer,2,556.84,0,1113.68,707.72,405.96,4.0
105156,2023-12-27,West,Sports,Yoga Mat,In-Store,Returning Customer,3,1649.55,5,4701.22,3134.7,1566.52,5.0
105157,2024-06-08,East,Sports,Yoga Mat,Online,Returning Customer,3,638.82,0,1916.46,1089.36,827.1,5.0
105158,2024-12-24,North,Home & Kitchen,Vacuum Cleaner,Online,Returning Customer,3,4465.92,5,12727.87,7387.13,5340.74,3.0
105159,2023-11-08,West,Beauty,Shampoo,Online,Returning Customer,2,1199.6,0,2399.2,1732.94,666.26,2.0
105160,2023-08-01,South,Clothing,T-Shirt,In-Store,New Customer,4,2711.32,5,10303.02,8122.88,2180.14,4.0
105161,2024-03-02,East,Home & Kitchen,Vacuum Cleaner,Online,New Customer,3,6811.66,15,17369.73,14726.76,2642.97,1.0
105162,2024-03-12,East,Beauty,Sunscreen,In-Store,New Customer,5,401.39,10,1806.26,1438.71,367.55,
105163,2024-11-26,West,Clothing,T-Shirt,Online,Returning Customer,1,2612.18,0,2612.18,1828.28,783.9,4.0
105164,2023-06-09,North,Electronics,Smartphone,Online,Returning Customer,1,19711.52,5,18725.94,12508.16,6217.78,4.0
105165,2023-03-26,South,Sports,Yoga Mat,Online,Premium Member,1,488.15,0,488.15,268.97,219.18,5.0
105166,2024-10-11,North,Beauty,Face Wash,In-Store,New Customer,3,1168.85,10,3155.9,2151.3,1004.6,5.0
105167,2023-09-07,North,Clothing,Jacket,Online,Returning Customer,4,2631.87,0,10527.48,7230.11,3297.37,
105168,2024-01-12,West,Grocery,Cooking Oil,In-Store,Premium Member,4,806.59,0,3226.36,2237.4,988.96,
105169,2023-08-17,East,Electronics,Smartphone,Online,New Customer,2,39768.23,5,75559.64,59625.58,15934.06,5.0
105170,2024-12-28,West,Home & Kitchen,Vacuum Cleaner,In-Store,Returning Customer,3,5775.38,15,14727.22,11493.26,3233.96,
105171,2023-12-03,east,Beauty,Shampoo,Online,New Customer,2,904.52,0,1809.04,1120.5,688.54,3.0
105172,2023-02-25,North,Sports,Dumbbells,Online,Premium Member,2,1598.82,0,3197.64,2262.88,934.76,4.0
105173,2023-04-28,West,Electronics,Smartwatch,Online,New Customer,2,41613.53,20,66581.65,59669.34,6912.31,5.0
105174,2023-06-29,East,Home & Kitchen,Mixer Grinder,Online,New Customer,4,5193.15,5,19733.97,12285.27,7448.7,
105175,2024-09-21,North,Grocery,Rice 5kg,In-Store,Returning Customer,3,558.17,10,1507.06,1173.92,333.14,
105176,2024-05-19,North,Sports,Running Shoes,Online,Returning Customer,5,4384.54,15,18634.3,15211.69,3422.61,4.0
105177,2024-05-28,North,Home & Kitchen,Air Fryer,In-Store,New Customer,4,2447.22,20,7831.1,6188.5,1642.6,5.0
105178,2024-01-06,East,Grocery,Cooking Oil,Online,Returning Customer,2,820.37,0,1640.74,1210.78,429.96,4.0
105179,2024-02-10,East,Home & Kitchen,Mixer Grinder,In-Store,Premium Member,4,9053.87,15,30783.16,27063.53,3719.63,3.0
105180,2024-12-03,West,Clothing,Dress,Online,New Customer,1,2405.47,10,2164.92,1324.16,840.76,2.0
105181,2023-07-09,East,Home & Kitchen,Air Fryer,Online,New Customer,4,7044.04,0,28176.16,18964.5,9211.66,3.0
105182,2024-01-22,East,Sports,Running Shoes,In-Store,Premium Member,3,5464.36,5,15573.43,11282.61,4290.82,
105183,2023-11-24,East,Grocery,Tea Pack,Online,Returning Customer,5,381.67,10,1717.52,1353.67,363.85,
105184,2023-12-21,West,Sports,Cricket Bat,Online,Returning Customer,2,1659.13,0,3318.26,2400.81,917.45,4.0
105185,2024-06-03,North,Grocery,Tea Pack,Online,Premium Member,5,254.92,15,1083.41,708.24,375.17,4.0
105186,2024-10-16,East,Home & Kitchen,Vacuum Cleaner,In-Store,New Customer,5,4332.26,0,21661.3,13392.49,8268.81,4.0
105187,2023-12-06,South,Home & Kitchen,Air Fryer,Online,New Customer,1,5667.09,0,5667.09,4085.62,1581.47,
105188,2023-10-07,East,Clothing,Jacket,In-Store,,4,3136.26,15,10663.28,9060.73,1602.55,4.0
105189,2024-09-11,North,Electronics,Laptop,Online,Premium Member,1,40581.62,0,40581.62,28856.99,11724.63,2.0
105190,2024-07-29,East,Clothing,Jacket,Online,Returning Customer,2,2926.29,10,5267.32,3278.28,1989.04,3.0
105191,2023-01-01,West,Beauty,Shampoo,Online,Returning Customer,5,434.87,10,1956.92,1471.97,484.95,
105192,2024-01-22,South,Electronics,Bluetooth Speaker,Online,Premium Member,4,4301.23,10,15484.43,12709.13,2775.3,5.0
105193,2023-01-02,West,Electronics,Headphones,Online,New Customer,1,44548.39,0,44548.39,28459.76,16088.63,4.0
105194,2024-01-23,East,Clothing,T-Shirt,Online,Returning Customer,5,2199.85,0,10999.25,6782.38,4216.87,5.0
105195,2024-09-18,North,Clothing,Sneakers,Online,New Customer,5,1362.25,0,6811.25,4148.66,2662.59,4.0
105196,2024-06-21,South,Grocery,Snacks Combo,Online,Returning Customer,5,661.42,15,2811.04,2458.92,352.12,5.0
105197,2024-11-01,East,Grocery,Snacks Combo,Online,Premium Member,4,110.78,15,376.65,287.13,89.52,5.0
105198,2023-04-27,North,Clothing,T-Shirt,Online,New Customer,2,2213.55,10,3984.39,3229.62,754.77,5.0
105199,2024-01-23,West,Clothing,Dress,In-Store,Returning Customer,3,1645.04,15,4194.85,3448.17,746.68,4.0
105200,2023-06-15,South,Home & Kitchen,Vacuum Cleaner,Online,,1,10886.66,0,10886.66,6699.48,4187.18,5.0
105201,2024-10-13,North,Beauty,Face Wash,In-Store,Returning Customer,3,1694.12,0,5082.36,3163.96,1918.4,5.0
105202,2024-04-18,West,Electronics,Laptop,In-Store,New Customer,3,12582.26,5,35859.44,28217.69,7641.75,
105203,2023-01-29,South,Home & Kitchen,Mixer Grinder,In-Store,Returning Customer,1,10250.45,0,10250.45,6441.83,3808.62,
105204,2023-05-01,East,Clothing,Dress,In-Store,New Customer,1,862.08,0,862.08,502.78,359.3,
105205,2023-11-29,East,Beauty,Shampoo,In-Store,Returning Customer,4,1311.73,5,4984.57,3567.25,1417.32,5.0
105206,2024-09-30,West,Beauty,Face Wash,Online,New Customer,3,1646.72,5,4693.15,3154.4,1538.75,3.0
105207,2023-08-30,North,Sports,Cricket Bat,In-Store,New Customer,5,3598.51,5,17092.92,11064.94,6027.98,4.0
105208,2024-08-03,North,Sports,Dumbbells,Online,,3,2833.14,10,7649.48,5101.38,2548.1,
105209,2024-12-01,South,Sports,Yoga Mat,In-Store,Returning Customer,4,4210.19,5,15998.72,10595.6,5403.12,5.0
105210,2024-08-29,East,Beauty,Shampoo,Online,New Customer,3,511.78,10,1381.81,1096.93,284.88,5.0
105211,2024-09-22,East,Sports,Running Shoes,Online,Returning Customer,3,2100.99,0,6302.97,3718.13,2584.84,
105212,2024-10-31,North,Sports,Yoga Mat,Online,Returning Customer,5,791.1,0,3955.5,2879.37,1076.13,4.0
105213,2024-09-15,East,Sports,Running Shoes,Online,New Customer,1,1346.82,20,1077.46,957.78,119.68,3.0
105214,2024-09-04,South,Electronics,Bluetooth Speaker,In-Store,New Customer,2,28202.62,10,50764.72,34528.16,16236.56,5.0
105215,2024-09-24,North,Grocery,Snacks Combo,In-Store,Premium Member,5,762.02,0,3810.1,2633.06,1177.04,
105216,2023-12-25,East,Sports,Yoga Mat,In-Store,Returning Customer,2,2526.23,5,4799.84,3406.96,1392.88,3.0
105217,2023-06-11,West,Electronics,Smartwatch,Online,New Customer,1,3849.4,15,3271.99,2351.2,920.79,5.0
105218,2024-05-24,North,Clothing,Sneakers,Online,New Customer,1,2139.4,0,2139.4,1375.14,764.26,4.0
105219,2023-05-18,East,Clothing,Sneakers,Online,New Customer,5,2883.56,0,14417.8,8740.97,5676.83,
105220,2024-04-20,South,Sports,Dumbbells,Online,Premium Member,3,4449.47,10,12013.57,8135.09,3878.48,3.0
105221,2023-07-30,East,Electronics,Smartwatch,Online,Premium Member,5,6395.57,10,28780.06,17632.89,11147.17,4.0
105222,2023-05-03,East,Beauty,Lipstick,Online,Premium Member,1,1070.43,0,1070.43,713.66,356.77,5.0
105223,2024-08-03,west,Clothing,Dress,Online,Returning Customer,4,1199.66,0,4798.64,3053.23,1745.41,
105224,2023-07-07,South,Sports,Yoga Mat,In-Store,Returning Customer,1,4817.31,5,4576.44,2848.15,1728.29,3.0
105225,2023-02-18,East,Beauty,Face Wash,In-Store,Premium Member,1,636.57,0,636.57,427.84,208.73,4.0
105226,2024-06-02,East,Home & Kitchen,Mixer Grinder,Online,Returning Customer,5,8233.99,10,37052.96,27030.36,10022.6,4.0
105227,2023-07-12,West,Beauty,Face Wash,In-Store,New Customer,2,1035.4,0,2070.8,1320.9,749.9,5.0
105228,2024-10-13,North,Home & Kitchen,Air Fryer,Online,Returning Customer,5,1247.7,5,5926.58,3883.65,2042.93,
105229,2023-02-04,East,Sports,Dumbbells,Online,New Customer,5,567.67,15,2412.6,1583.08,829.52,4.0
105230,2023-04-11,West,Home & Kitchen,Vacuum Cleaner,Online,Returning Customer,5,8227.81,5,39082.1,23684.24,15397.86,5.0
105231,2024-06-17,East,Clothing,T-Shirt,Online,Returning Customer,3,826.74,10,2232.2,1531.25,700.95,5.0
105232,2024-02-03,West,Sports,Cricket Bat,Online,Premium Member,3,3715.36,0,11146.08,8176.27,2969.81,5.0
105233,2024-10-29,South,Beauty,Shampoo,Online,Returning Customer,1,683.95,10,615.56,495.7,119.86,4.0
105234,2024-06-10,East,Home & Kitchen,Vacuum Cleaner,Online,New Customer,3,7926.54,10,21401.66,16153.46,5248.2,
105235,2023-09-22,South,Beauty,Face Wash,In-Store,Returning Customer,5,1609.21,15,6839.14,5167.13,1672.01,4.0
105236,2024-03-17,East,Grocery,Snacks Combo,Online,Returning Customer,5,119.71,15,508.77,330.67,178.1,
105237,2024-12-13,North,Sports,Running Shoes,Online,New Customer,5,892.91,0,4464.55,2889.74,1574.81,5.0
105238,2023-04-23,South,Electronics,Smartwatch,Online,Returning Customer,2,32201.32,15,54742.24,40554.68,14187.56,
105239,2024-12-06,East,Electronics,Headphones,In-Store,Returning Customer,1,10343.11,15,8791.64,6821.71,1969.93,5.0
105240,2023-07-02,West,Home & Kitchen,Cookware Set,Online,Returning Customer,4,4829.85,0,19319.4,13742.84,5576.56,1.0
105241,2024-02-01,East,Grocery,Cooking Oil,In-Store,Returning Customer,1,126.42,0,126.42,87.23,39.19,
105242,2024-04-30,West,Grocery,Cooking Oil,Online,Returning Customer,5,608.73,0,3043.65,2252.65,791.0,5.0
105243,2023-06-14,East,Home & Kitchen,Vacuum Cleaner,Online,New Customer,1,6822.3,20,5457.84,3790.21,1667.63,5.0
105244,2024-12-14,South,Beauty,Face Wash,Online,Premium Member,4,452.68,5,1720.18,1031.37,688.81,5.0
105245,2024-12-24,East,Home & Kitchen,Cookware Set,In-Store,Returning Customer,2,6402.77,5,12165.26,7307.11,4858.15,1.0
105246,2023-11-15,West,Clothing,Dress,Online,Returning Customer,2,1869.24,5,3551.56,2455.0,1096.56,
105247,2024-09-30,North,Beauty,Sunscreen,Online,Returning Customer,4,1450.33,5,5511.25,3955.46,1555.79,4.0
105248,2024-11-24,East,Beauty,Shampoo,Online,New Customer,1,335.06,10,301.55,208.66,92.89,
105249,2023-07-21,North,Beauty,Shampoo,In-Store,Returning Customer,4,1245.84,5,4734.19,3650.12,1084.07,4.0
105250,2023-10-18,South,Grocery,Cooking Oil,In-Store,Returning Customer,1,591.41,15,502.7,336.41,166.29,5.0
105251,2024-08-13,East,Home & Kitchen,Air Fryer,Online,Returning Customer,5,3224.11,0,16120.55,11479.3,4641.25,
105252,2023-06-25,East,Grocery,Rice 5kg,Online,New Customer,5,634.96,10,2857.32,1749.08,1108.24,3.0
105253,2023-07-06,South,Clothing,Jacket,Online,New Customer,2,312.9,10,563.22,418.95,144.27,
105254,2023-03-17,East,Grocery,Rice 5kg,Online,Premium Member,4,175.67,5,667.55,467.67,199.88,
105255,2023-04-04,West,Electronics,Headphones,Online,Returning Customer,3,19978.78,5,56939.52,35500.04,21439.48,
105256,2024-12-13,West,Clothing,T-Shirt,Online,Premium Member,5,2331.6,0,11658.0,7332.72,4325.28,4.0
105257,2023-09-30,North,Clothing,Sneakers,In-Store,New Customer,2,736.64,5,1399.62,920.85,478.77,
105258,2023-01-25,South,Home & Kitchen,Vacuum Cleaner,Online,New Customer,2,8582.11,0,17164.22,9472.66,7691.56,4.0
105259,2024-06-03,North,Grocery,Cooking Oil,Online,New Customer,2,802.25,0,1604.5,956.43,648.07,4.0
105260,2024-10-26,East,Electronics,Bluetooth Speaker,Online,New Customer,4,34280.36,0,137121.44,96824.25,40297.19,4.0
105261,2024-06-30,South,Beauty,Lipstick,In-Store,Returning Customer,1,1532.74,10,1379.47,879.75,499.72,
105262,2023-06-26,West,Electronics,Smartphone,In-Store,Returning Customer,3,7386.84,5,21052.49,13818.39,7234.1,4.0
105263,2023-10-31,West,Home & Kitchen,Mixer Grinder,In-Store,New Customer,1,7042.15,15,5985.83,4028.99,1956.84,
105264,2023-10-19,West,Clothing,Dress,Online,Returning Customer,2,1213.25,0,2426.5,1675.34,751.16,1.0
105265,2024-04-04,North,Grocery,Rice 5kg,Online,Premium Member,3,824.83,15,2103.32,1740.45,362.87,
105266,2023-01-23,East,Clothing,Jeans,Online,Returning Customer,2,1245.14,10,2241.25,1503.07,738.18,3.0
105267,2023-09-15,East,Sports,Running Shoes,In-Store,Returning Customer,2,5596.07,10,10072.93,7972.36,2100.57,3.0
105268,2023-05-01,East,Clothing,Sneakers,Online,Premium Member,1,3054.14,10,2748.73,1810.95,937.78,3.0
105269,2023-09-06,East,Home & Kitchen,Mixer Grinder,In-Store,Returning Customer,5,11137.08,5,52901.13,36869.12,16032.01,1.0
105270,2023-04-26,North,Grocery,Tea Pack,Online,Returning Customer,3,334.82,5,954.24,632.71,321.53,
105271,2023-03-02,North,Clothing,Sneakers,In-Store,New Customer,1,1795.07,10,1615.56,1332.31,283.25,
105272,2023-10-01,East,Sports,Dumbbells,In-Store,New Customer,5,1890.33,5,8979.07,5878.84,3100.23,5.0
105273,2023-06-03,West,Sports,Running Shoes,Online,Premium Member,2,4755.18,5,9034.84,5650.75,3384.09,5.0
105274,2023-08-06,East,Beauty,Face Wash,In-Store,Returning Customer,3,257.15,10,694.3,564.2,130.1,3.0
105275,2023-12-09,West,Beauty,Face Wash,In-Store,Returning Customer,3,1627.02,5,4637.01,3579.65,1057.36,4.0
105276,2024-04-18,West,Sports,Dumbbells,In-Store,New Customer,1,3614.3,5,3433.58,2342.51,1091.07,
105277,2024-09-14,North,Beauty,Face Wash,Online,New Customer,4,1271.92,0,5087.68,3349.48,1738.2,5.0
105278,2024-03-27,South,Electronics,Bluetooth Speaker,Online,Returning Customer,5,33667.98,0,168339.9,112619.32,55720.58,4.0
105279,2023-10-25,East,Electronics,Bluetooth Speaker,Online,Returning Customer,4,42498.64,15,144495.38,104964.31,39531.07,3.0
105280,2024-05-14,East,Home & Kitchen,Mixer Grinder,In-Store,Returning Customer,5,11394.66,5,54124.64,35788.35,18336.29,
105281,2024-07-22,North,Clothing,Sneakers,Online,New Customer,3,2806.81,5,7999.41,4971.82,3027.59,5.0
105282,2023-03-11,West,Beauty,Sunscreen,In-Store,New Customer,1,1521.62,5,1445.54,1053.84,391.7,5.0
105283,2023-03-24,West,Beauty,Shampoo,Online,New Customer,4,684.62,15,2327.71,1933.56,394.15,4.0
105284,2024-11-14,North,Beauty,Face Wash,Online,New Customer,1,548.89,0,548.89,333.08,215.81,3.0
105285,2023-02-04,East,Sports,Yoga Mat,In-Store,New Customer,4,5917.65,15,20120.01,15586.81,4533.2,
105286,2023-05-13,North,Sports,Yoga Mat,In-Store,Returning Customer,4,2334.26,0,9337.04,5207.94,4129.1,5.0
105287,2024-05-07,West,Grocery,Rice 5kg,Online,Premium Member,3,100.81,15,257.07,191.01,66.06,1.0
105288,2024-12-18,North,Sports,Running Shoes,In-Store,Returning Customer,1,2422.01,0,2422.01,1412.28,1009.73,
105289,2023-02-03,North,Grocery,Tea Pack,In-Store,New Customer,1,505.63,20,404.5,284.73,119.77,4.0
105290,2024-04-24,South,Sports,Yoga Mat,Online,New Customer,2,5639.03,15,9586.35,6814.46,2771.89,
105291,2024-09-19,North,Beauty,Sunscreen,Online,Premium Member,3,1068.68,5,3045.74,2090.19,955.55,4.0
105292,2023-06-25,West,Clothing,T-Shirt,In-Store,Premium Member,1,556.18,0,556.18,410.45,145.73,
105293,2024-12-17,north,Clothing,Sneakers,Online,New Customer,1,1865.21,5,1771.95,1366.62,405.33,4.0
105294,2024-06-16,West,Grocery,Cooking Oil,Online,Returning Customer,4,822.36,0,3289.44,2452.06,837.38,
105295,2024-11-11,North,Grocery,Cooking Oil,In-Store,Returning Customer,2,835.5,5,1587.45,1097.94,489.51,5.0
105296,2024-09-21,East,Home & Kitchen,Cookware Set,Online,Premium Member,1,10925.35,5,10379.08,8019.48,2359.6,5.0
105297,2024-08-20,East,Sports,Cricket Bat,Online,New Customer,5,968.67,10,4359.01,2736.66,1622.35,3.0
105298,2024-03-05,North,Grocery,Snacks Combo,Online,New Customer,1,419.36,0,419.36,243.89,175.47,4.0
105299,2024-12-19,North,Clothing,Jeans,Online,New Customer,2,2026.64,5,3850.62,2748.94,1101.68,2.0
105300,2024-06-07,West,Clothing,Jacket,Online,Premium Member,2,3365.52,5,6394.49,4479.14,1915.35,
105301,2024-11-24,North,Sports,Dumbbells,In-Store,Premium Member,2,2998.22,15,5096.97,3796.25,1300.72,5.0
105302,2023-06-19,East,Home & Kitchen,Vacuum Cleaner,Online,Returning Customer,3,9510.8,10,25679.16,19665.83,6013.33,2.0
105303,2023-08-21,South,Grocery,Tea Pack,In-Store,Returning Customer,2,579.63,15,985.37,802.95,182.42,5.0
105304,2024-03-13,East,Grocery,Cooking Oil,Online,Returning Customer,1,667.47,5,634.1,367.33,266.77,2.0
105305,2024-06-07,West,Grocery,Cooking Oil,In-Store,New Customer,3,344.57,0,1033.71,651.57,382.14,
105306,2023-03-18,South,Clothing,Dress,Online,Returning Customer,1,3407.31,5,3236.94,1901.67,1335.27,2.0
105307,2023-12-17,North,Sports,Yoga Mat,Online,New Customer,4,5066.32,0,20265.28,11665.06,8600.22,1.0
105308,2024-07-30,North,Home & Kitchen,Air Fryer,In-Store,New Customer,3,4017.17,10,10846.36,8283.35,2563.01,
105309,2024-11-02,North,Home & Kitchen,Vacuum Cleaner,Online,Returning Customer,1,11705.03,0,11705.03,7865.24,3839.79,2.0
105310,2024-11-06,East,Beauty,Sunscreen,In-Store,Returning Customer,4,1348.12,20,4313.98,3882.52,431.46,5.0
105311,2023-12-08,North,Grocery,Rice 5kg,In-Store,Returning Customer,2,419.98,20,671.97,567.45,104.52,2.0
105312,2024-10-02,East,Electronics,Headphones,In-Store,Premium Member,1,6140.88,5,5833.84,3639.98,2193.86,4.0
105313,2023-08-30,East,Sports,Cricket Bat,Online,Returning Customer,2,1139.14,0,2278.28,1305.55,972.73,
105314,2023-03-23,North,Electronics,Smartphone,Online,New Customer,3,16471.56,0,49414.68,34808.95,14605.73,3.0
105315,2023-04-18,North,Electronics,Smartwatch,Online,New Customer,2,36818.09,0,73636.18,42119.51,31516.67,2.0
105316,2023-06-29,South,Grocery,Rice 5kg,Online,Returning Customer,4,476.74,0,1906.96,1316.48,590.48,3.0
105317,2024-04-18,West,Home & Kitchen,Cookware Set,In-Store,Premium Member,3,6820.28,0,20460.84,14551.83,5909.01,3.0
105318,2023-11-03,West,Home & Kitchen,Air Fryer,Online,Returning Customer,1,5202.94,0,5202.94,3765.07,1437.87,4.0
105319,2024-10-29,East,Sports,Running Shoes,Online,Returning Customer,4,4988.7,5,18957.06,13388.08,5568.98,5.0
105320,2024-05-26,North,Sports,Yoga Mat,Online,New Customer,2,5054.59,0,10109.18,6498.0,3611.18,5.0
105321,2023-11-07,East,Grocery,Rice 5kg,In-Store,Returning Customer,4,809.31,10,2913.52,2346.87,566.65,4.0
105322,2023-06-26,West,Home & Kitchen,Cookware Set,Online,New Customer,4,6745.04,10,24282.14,18704.9,5577.24,2.0
105323,2023-07-13,West,Grocery,Rice 5kg,Online,Returning Customer,4,818.39,0,3273.56,1880.59,1392.97,
105324,2023-07-27,West,Grocery,Cooking Oil,In-Store,Returning Customer,2,183.21,0,366.42,204.4,162.02,3.0
105325,2023-07-25,East,Home & Kitchen,Mixer Grinder,Online,Returning Customer,2,5397.11,15,9175.09,6074.65,3100.44,2.0
105326,2024-06-06,East,Sports,Yoga Mat,Online,New Customer,3,5561.28,0,16683.84,12139.88,4543.96,3.0
105327,2023-12-16,West,Sports,Yoga Mat,Online,New Customer,2,835.1,0,1670.2,1003.69,666.51,5.0
105328,2024-12-17,North,Sports,Yoga Mat,In-Store,Premium Member,3,893.45,10,2412.32,1939.69,472.63,5.0
105329,2024-12-12,East,Clothing,Sneakers,Online,New Customer,4,3116.67,20,9973.34,7843.32,2130.02,5.0
105330,2024-04-13,North,Sports,Running Shoes,Online,Returning Customer,2,3557.43,10,6403.37,4421.0,1982.37,2.0
105331,2024-11-20,West,Sports,Yoga Mat,Online,Premium Member,3,3132.97,5,8928.96,5655.44,3273.52,3.0
105332,2024-12-23,East,Electronics,Laptop,Online,Returning Customer,1,10895.11,0,10895.11,8073.42,2821.69,4.0
105333,2023-08-23,East,Home & Kitchen,Vacuum Cleaner,In-Store,New Customer,4,8427.34,0,33709.36,20698.52,13010.84,3.0
105334,2023-09-12,North,Home & Kitchen,Vacuum Cleaner,Online,New Customer,3,5445.08,5,15518.48,10543.55,4974.93,4.0
105335,2024-11-04,West,Electronics,Smartwatch,Online,Returning Customer,3,20216.36,5,57616.63,42560.63,15056.0,4.0
105336,2023-03-08,West,Home & Kitchen,Vacuum Cleaner,Online,Premium Member,1,5403.26,10,4862.93,3714.34,1148.59,4.0
105337,2024-12-11,West,Electronics,Laptop,In-Store,Returning Customer,1,18275.15,0,18275.15,13176.07,5099.08,5.0
105338,2023-08-16,West,Home & Kitchen,Vacuum Cleaner,In-Store,New Customer,4,6412.9,0,25651.6,16900.79,8750.81,4.0
105339,2023-03-26,South,Sports,Yoga Mat,In-Store,New Customer,3,4241.97,0,12725.91,8589.85,4136.06,5.0
105340,2024-03-02,West,Grocery,Tea Pack,In-Store,Premium Member,1,532.63,0,532.63,319.1,213.53,
105341,2024-11-17,East,Beauty,Lipstick,Online,Premium Member,3,1514.14,15,3861.06,2551.18,1309.88,4.0
105342,2024-04-20,South,Clothing,Dress,Online,Premium Member,5,2085.55,0,10427.75,6242.11,4185.64,4.0
105343,2024-08-08,South,Grocery,Snacks Combo,Online,New Customer,5,869.33,5,4129.32,2896.03,1233.29,
105344,2024-01-11,North,Clothing,Jacket,In-Store,Returning Customer,5,1232.86,5,5856.08,3635.49,2220.59,5.0
105345,2023-10-29,North,Home & Kitchen,Air Fryer,Online,New Customer,4,11054.54,0,44218.16,29437.2,14780.96,
105346,2024-10-02,South,Clothing,Jeans,In-Store,Returning Customer,2,1595.1,0,3190.2,1857.03,1333.17,3.0
105347,2023-07-28,North,Sports,Cricket Bat,Online,Returning Customer,3,1426.21,0,4278.63,2640.41,1638.22,5.0
105348,2024-12-03,West,Beauty,Sunscreen,In-Store,New Customer,4,819.02,10,2948.47,2221.45,727.02,2.0
105349,2023-09-07,East,Electronics,Smartwatch,Online,Returning Customer,5,32635.58,20,130542.32,109216.17,21326.15,
105350,2023-11-02,North,Home & Kitchen,Mixer Grinder,Online,New Customer,1,10820.62,0,10820.62,6784.0,4036.62,3.0
105351,2024-09-14,South,Grocery,Tea Pack,In-Store,Returning Customer,1,438.1,0,438.1,251.39,186.71,5.0
105352,2024-10-13,East,Beauty,Face Wash,Online,Returning Customer,4,827.02,0,3308.08,2021.46,1286.62,4.0
105353,2023-10-01,North,Clothing,Sneakers,Online,Premium Member,1,3189.21,0,3189.21,1958.69,1230.52,4.0
105354,2024-03-05,West,Clothing,Jeans,Online,Returning Customer,3,1920.25,15,4896.64,4226.38,670.26,5.0
105355,2024-06-02,East,Home & Kitchen,Mixer Grinder,In-Store,New Customer,4,6952.22,5,26418.44,17505.7,8912.74,4.0
105356,2024-10-26,East,Grocery,Rice 5kg,In-Store,Returning Customer,4,309.24,10,1113.26,768.81,344.45,4.0
105357,2024-03-14,West,Sports,Cricket Bat,In-Store,Returning Customer,1,1707.16,0,1707.16,1259.27,447.89,5.0
105358,2023-10-31,North,Beauty,Shampoo,Online,New Customer,2,297.99,5,566.18,332.27,233.91,
105359,2024-10-22,North,Beauty,Shampoo,Online,Premium Member,5,320.46,0,1602.3,1110.09,492.21,5.0
105360,2024-10-18,West,Clothing,Sneakers,In-Store,New Customer,4,1575.99,15,5358.37,3594.16,1764.21,4.0
105361,2024-07-24,South,Clothing,Jacket,Online,Premium Member,3,2113.79,0,6341.37,4646.33,1695.04,3.0
105362,2024-01-03,West,Grocery,Rice 5kg,Online,New Customer,1,658.96,15,560.12,490.74,69.38,
105363,2024-01-10,North,Clothing,Jeans,Online,Premium Member,4,1019.02,0,4076.08,2988.93,1087.15,4.0
105364,2024-10-31,North,Beauty,Shampoo,In-Store,Returning Customer,4,519.31,15,1765.65,1433.08,332.57,3.0
105365,2023-12-28,East,Home & Kitchen,Vacuum Cleaner,Online,Returning Customer,1,4498.86,0,4498.86,3227.08,1271.78,5.0
105366,2023-04-15,West,Beauty,Sunscreen,Online,Returning Customer,5,1217.21,15,5173.14,3490.59,1682.55,4.0
105367,2024-12-16,West,Electronics,Smartphone,Online,New Customer,2,33985.1,5,64571.69,37849.77,26721.92,4.0
105368,2024-10-09,North,Electronics,Laptop,Online,Premium Member,2,16857.94,0,33715.88,23364.92,10350.96,
105369,2023-12-06,North,Electronics,Smartwatch,Online,Returning Customer,2,41385.41,15,70355.2,58939.03,11416.17,4.0
105370,2023-03-20,South,Sports,Running Shoes,In-Store,Returning Customer,1,2626.87,10,2364.18,1809.56,554.62,2.0
105371,2023-01-15,South,Home & Kitchen,Air Fryer,In-Store,New Customer,3,1184.55,0,3553.65,2361.96,1191.69,4.0
105372,2024-09-09,East,Sports,Dumbbells,In-Store,New Customer,2,2604.23,10,4687.61,3797.1,890.51,
105373,2024-06-10,East,Beauty,Face Wash,Online,New Customer,4,1045.56,10,3764.02,2999.8,764.22,3.0
105374,2024-03-17,North,Home & Kitchen,Cookware Set,In-Store,Returning Customer,3,9954.93,0,29864.79,21692.24,8172.55,5.0
105375,2024-01-31,East,Grocery,Rice 5kg,Online,New Customer,2,298.66,0,597.32,445.47,151.85,
105376,2023-09-28,East,Grocery,Tea Pack,Online,Returning Customer,5,622.61,5,2957.4,2242.59,714.81,
105377,2023-02-10,East,Electronics,Smartwatch,In-Store,Premium Member,1,24151.82,10,21736.64,16747.36,4989.28,
105378,2024-01-06,East,Sports,Dumbbells,Online,Returning Customer,2,1781.34,20,2850.14,2253.35,596.79,4.0
105379,2024-06-10,West,Electronics,Laptop,Online,New Customer,4,10097.99,15,34333.17,28305.57,6027.6,4.0
105380,2023-06-29,East,Electronics,Headphones,Online,New Customer,3,43905.27,0,131715.81,86370.42,45345.39,1.0
105381,2024-02-09,South,Electronics,Smartwatch,Online,New Customer,5,15599.42,10,70197.39,48870.92,21326.47,1.0
105382,2023-06-03,North,Grocery,Tea Pack,Online,Returning Customer,5,508.2,10,2286.9,1511.87,775.03,3.0
105383,2024-02-25,North,Sports,Cricket Bat,Online,New Customer,1,1401.52,0,1401.52,791.75,609.77,
105384,2024-06-27,West,Grocery,Snacks Combo,Online,Returning Customer,2,488.51,10,879.32,594.5,284.82,5.0
105385,2023-03-15,West,Home & Kitchen,Cookware Set,Online,New Customer,4,1669.47,0,6677.88,4951.8,1726.08,2.0
105386,2024-06-29,East,Grocery,Tea Pack,Online,New Customer,4,598.95,0,2395.8,1377.32,1018.48,5.0
105387,2024-03-28,East,Electronics,Bluetooth Speaker,In-Store,Returning Customer,3,34643.62,0,103930.86,63075.03,40855.83,4.0
105388,2024-04-12,West,Home & Kitchen,Vacuum Cleaner,Online,Returning Customer,4,5432.62,0,21730.48,15780.54,5949.94,1.0
105389,2023-07-28,West,Home & Kitchen,Vacuum Cleaner,Online,,5,2604.61,0,13023.05,9519.49,3503.56,
105390,2024-09-15,West,Clothing,Dress,In-Store,Returning Customer,2,1120.21,10,2016.38,1489.12,527.26,
105391,2023-05-27,East,Beauty,Face Wash,Online,New Customer,2,434.96,10,782.93,485.86,297.07,2.0
105392,2023-01-04,North,Electronics,Laptop,Online,Returning Customer,1,17475.53,0,17475.53,11735.53,5740.0,4.0
105393,2023-12-19,East,Clothing,T-Shirt,Online,New Customer,4,3150.41,10,11341.48,9360.28,1981.2,4.0
105394,2023-04-17,East,Home & Kitchen,Vacuum Cleaner,In-Store,New Customer,4,3461.2,5,13152.56,7747.13,5405.43,
105395,2024-02-25,South,Grocery,Snacks Combo,In-Store,Returning Customer,5,143.59,5,682.05,447.41,234.64,2.0
105396,2024-07-07,West,Grocery,Snacks Combo,Online,New Customer,5,254.16,0,1270.8,815.7,455.1,3.0
105397,2023-07-11,South,Grocery,Snacks Combo,Online,Returning Customer,4,690.55,10,2485.98,2000.13,485.85,
105398,2023-04-05,South,Clothing,Jeans,Online,Premium Member,1,1510.31,5,1434.79,994.41,440.38,5.0
105399,2023-06-21,North,Electronics,Smartphone,Online,Returning Customer,3,27060.14,10,73062.38,48827.45,24234.93,4.0
105400,2024-08-09,East,Sports,Running Shoes,In-Store,New Customer,2,2498.11,5,4746.41,3667.56,1078.85,4.0
105401,2023-11-18,West,Sports,Yoga Mat,In-Store,Returning Customer,2,519.42,5,986.9,598.6,388.3,5.0
105402,2023-01-09,East,Sports,Dumbbells,Online,Premium Member,2,3804.95,0,7609.9,4707.74,2902.16,4.0
105403,2023-10-03,East,Electronics,Smartwatch,In-Store,New Customer,1,16322.75,5,15506.61,11989.98,3516.63,4.0
105404,2024-06-09,North,Clothing,Sneakers,Online,Returning Customer,3,2036.15,10,5497.6,4187.82,1309.78,5.0
105405,2023-05-01,East,Grocery,Snacks Combo,In-Store,New Customer,5,413.79,0,2068.95,1305.47,763.48,3.0
105406,2024-04-07,West,Home & Kitchen,Cookware Set,Online,Returning Customer,3,5398.98,10,14577.25,10510.31,4066.94,5.0
105407,2024-11-13,West,Beauty,Sunscreen,Online,Returning Customer,2,842.18,0,1684.36,1161.36,523.0,4.0
105408,2024-05-17,North,Home & Kitchen,Mixer Grinder,Online,Premium Member,1,7177.74,0,7177.74,4365.28,2812.46,3.0
105409,2024-04-30,South,Home & Kitchen,Air Fryer,Online,Returning Customer,1,7805.27,0,7805.27,5422.71,2382.56,
105410,2023-06-22,North,Clothing,Jacket,Online,Returning Customer,3,796.27,15,2030.49,1693.93,336.56,
105411,2023-02-19,North,Sports,Dumbbells,In-Store,Returning Customer,2,5534.26,5,10515.09,6749.13,3765.96,4.0
105412,2024-03-02,East,Sports,Yoga Mat,In-Store,Returning Customer,5,5058.2,0,25291.0,14528.96,10762.04,5.0
105413,2024-10-24,North,Grocery,Snacks Combo,In-Store,Returning Customer,4,804.69,15,2735.95,1834.18,901.77,
105414,2023-04-24,West,Electronics,Laptop,Online,Returning Customer,1,10593.37,0,10593.37,6234.47,4358.9,4.0
105415,2024-07-02,West,Home & Kitchen,Air Fryer,Online,Returning Customer,4,3505.29,5,13320.1,7966.86,5353.24,3.0
105416,2023-12-29,North,Electronics,Smartwatch,In-Store,New Customer,5,17943.51,0,89717.55,66454.33,23263.22,
105417,2023-07-22,East,Home & Kitchen,Cookware Set,Online,Returning Customer,3,4171.14,0,12513.42,7493.22,5020.2,5.0
105418,2023-06-03,East,Electronics,Headphones,Online,New Customer,3,9514.43,5,27116.13,17966.55,9149.58,
105419,2024-02-06,North,Grocery,Tea Pack,Online,New Customer,5,97.91,0,489.55,318.42,171.13,4.0
105420,2024-04-29,East,Electronics,Headphones,In-Store,New Customer,5,37488.73,5,178071.47,110851.2,67220.27,4.0
105421,2023-02-27,East,Home & Kitchen,Air Fryer,In-Store,Premium Member,1,7354.54,5,6986.81,4229.53,2757.28,4.0
105422,2024-06-09,North,Sports,Cricket Bat,Online,Returning Customer,4,531.24,5,2018.71,1488.39,530.32,5.0
105423,2024-04-14,East,Home & Kitchen,Cookware Set,Online,Returning Customer,3,6383.23,5,18192.21,13931.09,4261.12,4.0
105424,2023-09-30,East,Home & Kitchen,Vacuum Cleaner,Online,Premium Member,4,8457.6,0,33830.4,21713.46,12116.94,4.0
105425,2023-10-14,North,Electronics,Smartphone,Online,Returning Customer,5,25576.82,10,115095.69,80995.28,34100.41,1.0
105426,2024-03-21,North,Clothing,Dress,In-Store,New Customer,4,1871.59,0,7486.36,5170.19,2316.17,3.0
105427,2024-11-19,South,Grocery,Tea Pack,Online,Returning Customer,2,635.11,0,1270.22,885.73,384.49,5.0
105428,2024-10-09,East,Grocery,Cooking Oil,Online,Returning Customer,1,814.47,0,814.47,450.09,364.38,4.0
105429,2024-03-22,North,Beauty,Face Wash,In-Store,Premium Member,5,465.12,5,2209.32,1469.51,739.81,4.0
105430,2023-07-03,East,Home & Kitchen,Air Fryer,Online,Returning Customer,3,7223.82,5,20587.89,15335.92,5251.97,
105431,2023-10-29,North,Clothing,Dress,In-Store,New Customer,2,650.11,5,1235.21,944.5,290.71,4.0
105432,2024-05-13,East,Sports,Yoga Mat,In-Store,New Customer,3,2471.55,20,5931.72,4668.29,1263.43,5.0
105433,2024-02-13,East,Beauty,Lipstick,Online,Returning Customer,1,1639.05,5,1557.1,1066.53,490.57,5.0
105434,2023-01-06,South,Beauty,Lipstick,In-Store,Returning Customer,3,1062.39,15,2709.09,1808.69,900.4,
105435,2024-02-05,East,Electronics,Laptop,Online,Premium Member,1,16211.0,20,12968.8,9538.52,3430.28,5.0
105436,2023-12-31,West,Beauty,Face Wash,Online,Returning Customer,2,928.52,0,1857.04,1154.24,702.8,4.0
105437,2024-08-23,South,Home & Kitchen,Air Fryer,In-Store,New Customer,5,10351.34,0,51756.7,38047.59,13709.11,5.0
105438,2024-06-18,West,Sports,Running Shoes,Online,Returning Customer,5,3218.77,0,16093.85,9159.67,6934.18,
105439,2024-11-28,East,Electronics,Smartwatch,In-Store,Returning Customer,2,9505.32,20,15208.51,12511.3,2697.21,
105440,2023-09-15,East,Clothing,Sneakers,Online,New Customer,3,1201.63,5,3424.65,2107.49,1317.16,3.0
105441,2023-06-04,East,Grocery,Tea Pack,Online,Returning Customer,2,111.53,5,211.91,150.75,61.16,4.0
105442,2023-10-05,North,Electronics,Headphones,In-Store,Returning Customer,1,22141.85,0,22141.85,13565.79,8576.06,2.0
105443,2024-02-06,East,Sports,Running Shoes,Online,Premium Member,5,1646.82,0,8234.1,5972.83,2261.27,5.0
105444,2024-02-05,North,Beauty,Sunscreen,In-Store,Premium Member,4,377.47,0,1509.88,1121.53,388.35,3.0
105445,2024-04-15,South,Sports,Cricket Bat,In-Store,Returning Customer,4,4632.17,5,17602.25,13671.97,3930.28,4.0
105446,2023-11-13,East,Electronics,Smartphone,In-Store,Returning Customer,5,8706.07,10,39177.32,30951.8,8225.52,4.0
105447,2024-07-12,South,Grocery,Tea Pack,Online,Returning Customer,3,318.21,0,954.63,569.2,385.43,4.0
105448,2024-04-25,East,Grocery,Tea Pack,Online,Returning Customer,2,203.48,0,406.96,299.06,107.9,5.0
105449,2023-08-16,West,Sports,Yoga Mat,In-Store,Returning Customer,1,4295.56,10,3866.0,2940.54,925.46,4.0
105450,2023-10-24,East,Grocery,Cooking Oil,Online,Returning Customer,4,837.03,15,2845.9,1971.59,874.31,4.0
105451,2023-12-18,East,Home & Kitchen,Vacuum Cleaner,In-Store,Returning Customer,2,7222.88,10,13001.18,8770.87,4230.31,
105452,2024-06-23,East,Beauty,Lipstick,In-Store,New Customer,1,405.91,5,385.61,257.74,127.87,3.0
105453,2023-07-09,East,Clothing,Dress,In-Store,Returning Customer,3,1591.25,10,4296.38,3131.13,1165.25,
105454,2023-05-20,North,Grocery,Cooking Oil,Online,New Customer,1,691.67,5,657.09,503.66,153.43,
105455,2023-03-25,North,Electronics,Bluetooth Speaker,In-Store,New Customer,3,37811.82,0,113435.46,65551.15,47884.31,4.0
105456,2024-06-10,North,Grocery,Tea Pack,Online,Premium Member,5,846.94,0,4234.7,2960.6,1274.1,5.0
105457,2023-08-01,South,Beauty,Shampoo,In-Store,New Customer,1,1625.01,20,1300.01,1034.6,265.41,3.0
105458,2024-07-01,East,Beauty,Shampoo,Online,Returning Customer,5,185.73,0,928.65,511.67,416.98,4.0
105459,2024-11-13,North,Home & Kitchen,Air Fryer,In-Store,New Customer,3,811.97,5,2314.11,1638.4,675.71,
105460,2023-12-25,West,Clothing,Sneakers,In-Store,New Customer,4,2006.22,5,7623.64,5765.03,1858.61,4.0
105461,2023-07-19,East,Grocery,Tea Pack,Online,Returning Customer,2,616.92,5,1172.15,863.39,308.76,
105462,2023-01-27,East,Sports,Running Shoes,Online,Premium Member,2,4632.33,0,9264.66,6438.59,2826.07,3.0
105463,2024-10-26,East,Electronics,Smartwatch,Online,Premium Member,1,36724.48,15,31215.81,20751.58,10464.23,4.0
105464,2024-05-06,West,Home & Kitchen,Cookware Set,In-Store,Returning Customer,1,5684.22,10,5115.8,3241.48,1874.32,
105465,2023-04-12,West,Clothing,Jeans,In-Store,New Customer,3,3462.72,0,10388.16,5990.03,4398.13,
105466,2024-09-02,South,Clothing,Sneakers,Online,Returning Customer,4,783.75,0,3135.0,2155.35,979.65,3.0
105467,2024-03-01,West,Electronics,Smartphone,In-Store,Premium Member,4,26863.83,5,102082.55,64954.27,37128.28,
105468,2023-08-11,North,Clothing,Jacket,Online,Returning Customer,2,509.36,0,1018.72,763.99,254.73,
105469,2024-06-23,East,Beauty,Shampoo,Online,Returning Customer,3,1152.7,5,3285.2,2171.43,1113.77,
105470,2023-08-01,North,Beauty,Shampoo,Online,Premium Member,2,738.53,10,1329.35,940.71,388.64,5.0
105471,2023-10-14,South,Home & Kitchen,Vacuum Cleaner,In-Store,Premium Member,2,9671.51,0,19343.02,10862.06,8480.96,
105472,2024-08-15,South,Clothing,Jacket,In-Store,Returning Customer,3,1277.62,0,3832.86,2344.12,1488.74,3.0
105473,2023-05-17,East,Electronics,Headphones,Online,New Customer,5,7186.27,0,35931.35,25376.15,10555.2,3.0
105474,2024-07-04,West,Beauty,Sunscreen,Online,Returning Customer,1,669.49,10,602.54,442.22,160.32,
105475,2023-09-04,West,Home & Kitchen,Mixer Grinder,In-Store,Returning Customer,1,6355.13,10,5719.62,4012.23,1707.39,5.0
105476,2023-03-02,East,Beauty,Sunscreen,Online,Returning Customer,5,1134.53,0,5672.65,3480.61,2192.04,4.0
105477,2024-12-04,North,Home & Kitchen,Mixer Grinder,Online,Premium Member,3,7193.97,15,18344.62,15778.39,2566.23,4.0
105478,2023-03-05,South,Home & Kitchen,Cookware Set,Online,Returning Customer,1,9343.51,0,9343.51,6674.02,2669.49,1.0
105479,2024-11-04,South,Clothing,Jeans,Online,New Customer,1,2047.38,10,1842.64,1282.55,560.09,
105480,2024-04-06,East,Clothing,Sneakers,Online,Returning Customer,1,3353.32,20,2682.66,2195.33,487.33,4.0
105481,2024-08-10,East,Home & Kitchen,Air Fryer,Online,Returning Customer,2,6471.49,15,11001.53,9061.15,1940.38,
105482,2023-06-26,South,Electronics,Smartphone,Online,Premium Member,4,29596.27,20,94708.06,69698.85,25009.21,2.0
105483,2023-04-10,North,Clothing,Sneakers,In-Store,Returning Customer,1,2792.68,5,2653.05,2049.03,604.02,5.0
105484,2024-11-09,East,Electronics,Laptop,In-Store,Premium Member,5,25093.4,20,100373.6,69422.1,30951.5,
105485,2024-12-01,East,Clothing,Jeans,In-Store,Returning Customer,3,812.06,15,2070.75,1443.87,626.88,2.0
105486,2024-08-27,West,Sports,Dumbbells,Online,New Customer,5,5485.11,5,26054.27,15576.64,10477.63,
105487,2023-06-06,West,Clothing,Jacket,In-Store,Returning Customer,5,3000.59,0,15002.95,10455.47,4547.48,4.0
105488,2024-08-29,South,Electronics,Smartwatch,Online,New Customer,5,5576.09,20,22304.36,17144.81,5159.55,4.0
105489,2023-06-19,North,Beauty,Sunscreen,Online,Returning Customer,1,1689.14,20,1351.31,1026.3,325.01,4.0
105490,2023-09-22,North,Home & Kitchen,Mixer Grinder,Online,New Customer,2,1816.78,0,3633.56,2657.26,976.3,5.0
105491,2023-12-12,East,Beauty,Sunscreen,Online,Returning Customer,1,753.2,0,753.2,452.7,300.5,
105492,2024-03-12,North,Clothing,T-Shirt,Online,New Customer,2,2194.76,0,4389.52,3161.01,1228.51,5.0
105493,2023-09-26,West,Beauty,Shampoo,In-Store,New Customer,4,730.46,10,2629.66,2069.06,560.6,2.0
105494,2024-09-12,South,Beauty,Shampoo,In-Store,New Customer,3,492.57,15,1256.05,1005.67,250.38,4.0
105495,2024-08-25,North,Home & Kitchen,Vacuum Cleaner,Online,Returning Customer,4,4189.64,0,16758.56,12483.01,4275.55,
105496,2024-06-19,North,Clothing,T-Shirt,Online,Premium Member,5,2306.69,10,10380.11,7350.47,3029.64,
105497,2023-06-24,North,Grocery,Snacks Combo,In-Store,Premium Member,1,410.83,10,369.75,249.76,119.99,4.0
105498,2023-09-17,South,Home & Kitchen,Vacuum Cleaner,In-Store,New Customer,2,7792.93,5,14806.57,10321.88,4484.69,5.0
105499,2024-12-16,East,Clothing,Sneakers,Online,Returning Customer,5,917.37,10,4128.17,2983.8,1144.37,
105500,2024-11-07,South,Beauty,Face Wash,In-Store,New Customer,3,239.77,15,611.41,459.47,151.94,5.0
105501,2023-12-15,South,Sports,Running Shoes,In-Store,Returning Customer,1,4140.4,10,3726.36,2847.45,878.91,3.0
105502,2024-01-11,West,Home & Kitchen,Mixer Grinder,Online,Premium Member,3,9091.12,20,21818.69,17451.07,4367.62,4.0
105503,2023-08-20,South,Sports,Dumbbells,Online,Returning Customer,2,2951.6,5,5608.04,4324.83,1283.21,
105504,2023-07-07,East,Beauty,Sunscreen,Online,Premium Member,1,1430.44,5,1358.92,839.07,519.85,3.0
105505,2023-09-24,West,Beauty,Face Wash,Online,Returning Customer,5,1312.42,5,6234.0,4612.94,1621.06,
105506,2024-02-20,South,Beauty,Lipstick,In-Store,New Customer,1,664.62,10,598.16,492.75,105.41,5.0
105507,2023-07-02,West,Electronics,Laptop,In-Store,Returning Customer,1,40691.71,15,34587.95,24701.3,9886.65,
105508,2023-03-15,East,Grocery,Snacks Combo,In-Store,New Customer,1,420.77,0,420.77,307.71,113.06,4.0
105509,2024-09-09,South,Home & Kitchen,Air Fryer,In-Store,New Customer,1,7723.85,15,6565.27,5659.34,905.93,
105510,2023-01-20,East,Clothing,Sneakers,In-Store,Returning Customer,2,2600.08,0,5200.16,3035.56,2164.6,4.0
105511,2023-07-02,North,Electronics,Laptop,In-Store,Premium Member,4,35116.27,10,126418.57,89613.76,36804.81,
105512,2023-10-02,South,Grocery,Cooking Oil,Online,Premium Member,1,180.25,0,180.25,102.2,78.05,
105513,2024-09-09,South,Sports,Dumbbells,In-Store,Premium Member,4,1669.19,0,6676.76,4107.46,2569.3,5.0
105514,2023-06-26,South,Home & Kitchen,Cookware Set,In-Store,New Customer,1,6131.2,10,5518.08,3666.98,1851.1,3.0
105515,2024-08-02,East,Electronics,Smartphone,Online,Returning Customer,5,22009.45,10,99042.52,79129.55,19912.97,
105516,2024-05-30,North,Clothing,Jeans,Online,New Customer,5,2077.66,10,9349.47,6984.4,2365.07,4.0
105517,2023-04-17,North,Home & Kitchen,Mixer Grinder,In-Store,Premium Member,2,3691.73,0,7383.46,5382.52,2000.94,
105518,2024-01-19,North,Clothing,Jeans,Online,New Customer,1,804.87,5,764.63,597.74,166.89,1.0
105519,2024-12-22,South,Sports,Running Shoes,Online,Premium Member,2,1897.03,5,3604.36,2280.45,1323.91,4.0
105520,2023-02-11,South,Home & Kitchen,Cookware Set,In-Store,New Customer,4,6888.47,0,27553.88,18855.02,8698.86,4.0
105521,2023-02-19,North,Home & Kitchen,Mixer Grinder,Online,New Customer,5,10447.02,0,52235.1,37434.45,14800.65,4.0
105522,2024-09-03,West,Clothing,T-Shirt,In-Store,Premium Member,4,887.14,20,2838.85,2575.85,263.0,3.0
105523,2024-10-31,East,Electronics,Smartwatch,Online,Premium Member,5,8254.63,5,39209.49,30251.9,8957.59,
105524,2024-10-10,North,Home & Kitchen,Cookware Set,In-Store,Premium Member,3,6235.61,0,18706.83,12865.05,5841.78,3.0
105525,2024-07-31,North,Sports,Cricket Bat,Online,New Customer,4,2893.69,5,10996.02,6553.69,4442.33,
105526,2023-10-10,West,Grocery,Cooking Oil,In-Store,Premium Member,5,352.95,5,1676.51,1000.15,676.36,5.0
105527,2024-10-24,West,Grocery,Tea Pack,Online,New Customer,4,461.33,0,1845.32,1114.35,730.97,5.0
105528,2023-03-02,South,Electronics,Smartwatch,In-Store,Returning Customer,3,38093.46,0,114280.38,63136.32,51144.06,
105529,2024-04-08,North,Electronics,Headphones,In-Store,Returning Customer,2,8393.9,0,16787.8,9798.16,6989.64,
105530,2024-03-31,East,Clothing,Sneakers,In-Store,Returning Customer,5,2228.58,0,11142.9,7454.58,3688.32,
105531,2024-12-30,West,Grocery,Cooking Oil,Online,Premium Member,2,430.14,20,688.22,507.93,180.29,5.0
105532,2024-04-21,East,Beauty,Shampoo,In-Store,Premium Member,2,215.23,0,430.46,281.91,148.55,3.0
105533,2024-05-24,South,Home & Kitchen,Mixer Grinder,Online,Returning Customer,4,2040.81,10,7346.92,4691.15,2655.77,5.0
105534,2023-03-04,North,Clothing,Dress,In-Store,Premium Member,1,332.11,0,332.11,245.91,86.2,5.0
105535,2024-11-14,East,Clothing,T-Shirt,Online,Returning Customer,2,1996.61,0,3993.22,2304.88,1688.34,5.0
105536,2024-07-31,West,Sports,Cricket Bat,Online,Returning Customer,5,4125.15,10,18563.18,13743.09,4820.09,4.0
105537,2024-12-11,East,Beauty,Face Wash,Online,,2,1049.9,20,1679.84,1253.82,426.02,5.0
105538,2024-03-28,West,Electronics,Bluetooth Speaker,In-Store,New Customer,5,13126.81,10,59070.64,46653.58,12417.06,
105539,2023-08-01,East,Beauty,Shampoo,In-Store,Returning Customer,1,1348.27,0,1348.27,962.68,385.59,
105540,2023-09-01,South,Beauty,Shampoo,In-Store,Returning Customer,3,382.2,0,1146.6,717.76,428.84,
105541,2024-08-18,West,Home & Kitchen,Mixer Grinder,Online,Returning Customer,5,5803.75,0,29018.75,16050.68,12968.07,
105542,2024-07-03,East,Electronics,Laptop,In-Store,Returning Customer,2,24727.51,0,49455.02,37043.93,12411.09,5.0
105543,2024-05-31,North,Home & Kitchen,Cookware Set,In-Store,Returning Customer,3,2948.22,10,7960.19,5201.14,2759.05,
105544,2023-04-23,West,Sports,Running Shoes,Online,Returning Customer,2,2187.15,0,4374.3,3072.24,1302.06,
105545,2024-01-31,South,Sports,Cricket Bat,In-Store,New Customer,3,4838.78,5,13790.52,8475.48,5315.04,5.0
105546,2024-06-20,East,Sports,Running Shoes,Online,Premium Member,3,875.79,10,2364.63,1959.0,405.63,5.0
105547,2024-02-13,East,Clothing,Sneakers,Online,Returning Customer,5,2718.75,10,12234.38,7673.84,4560.54,
105548,2024-05-09,West,Clothing,Dress,In-Store,New Customer,2,1516.2,15,2577.54,2000.29,577.25,4.0
105549,2023-05-03,North,Clothing,Jeans,Online,Premium Member,2,1593.98,5,3028.56,2252.68,775.88,4.0
105550,2023-12-26,South,Clothing,Sneakers,In-Store,Returning Customer,3,2732.78,0,8198.34,4740.78,3457.56,2.0
105551,2023-12-20,East,Beauty,Lipstick,Online,New Customer,3,1003.08,15,2557.85,2121.56,436.29,5.0
105552,2023-09-05,South,Beauty,Sunscreen,Online,,4,1567.38,10,5642.57,4491.69,1150.88,
105553,2024-03-14,East,Home & Kitchen,Cookware Set,In-Store,Premium Member,4,9812.17,0,39248.68,23820.23,15428.45,
105554,2023-04-04,West,Sports,Dumbbells,Online,New Customer,4,5938.71,15,20191.61,16370.16,3821.45,5.0
105555,2023-04-05,North,Beauty,Shampoo,Online,Returning Customer,1,1289.29,5,1224.83,757.37,467.46,1.0
105556,2023-12-28,West,Home & Kitchen,Vacuum Cleaner,In-Store,Returning Customer,3,1067.6,0,3202.8,1803.64,1399.16,4.0
105557,2023-09-13,North,Sports,Cricket Bat,In-Store,Returning Customer,2,950.59,15,1616.0,1197.74,418.26,5.0
105558,2023-12-30,North,Home & Kitchen,Air Fryer,In-Store,New Customer,4,10558.65,5,40122.87,28976.85,11146.02,
105559,2023-04-09,East,Home & Kitchen,Cookware Set,Online,Returning Customer,4,6096.46,0,24385.84,16639.46,7746.38,2.0
105560,2024-06-23,North,Clothing,Jeans,Online,Returning Customer,2,1073.04,0,2146.08,1362.72,783.36,5.0
105561,2024-05-21,South,Clothing,Jacket,Online,New Customer,3,1946.67,5,5548.01,3861.21,1686.8,4.0
105562,2023-12-15,East,Home & Kitchen,Vacuum Cleaner,In-Store,Returning Customer,5,3034.45,5,14413.64,10878.3,3535.34,5.0
105563,2024-09-19,North,Grocery,Cooking Oil,Online,New Customer,2,504.33,10,907.79,738.23,169.56,5.0
105564,2023-10-01,North,Sports,Running Shoes,Online,New Customer,4,5842.22,0,23368.88,16687.83,6681.05,
105565,2023-07-11,East,Clothing,Dress,Online,New Customer,2,3258.47,5,6191.09,4116.03,2075.06,
105566,2023-06-11,North,Beauty,Sunscreen,In-Store,New Customer,2,846.02,10,1522.84,1033.69,489.15,3.0
105567,2024-02-11,South,Electronics,Bluetooth Speaker,In-Store,Premium Member,5,12614.74,0,63073.7,37879.34,25194.36,
105568,2024-12-10,West,Electronics,Smartwatch,Online,Returning Customer,3,22026.25,20,52863.0,43269.64,9593.36,5.0
105569,2023-02-07,North,Beauty,Face Wash,In-Store,Premium Member,2,642.45,0,1284.9,888.99,395.91,2.0
105570,2024-02-07,East,Beauty,Shampoo,Online,Premium Member,4,984.66,5,3741.71,2776.37,965.34,
105571,2023-07-04,South,Electronics,Smartphone,Online,New Customer,4,16674.29,15,56692.59,42202.37,14490.22,4.0
105572,2024-10-10,South,Sports,Cricket Bat,Online,Returning Customer,1,2153.55,15,1830.52,1373.73,456.79,
105573,2023-11-10,South,Beauty,Face Wash,Online,Premium Member,3,1609.88,20,3863.71,2990.18,873.53,4.0
105574,2024-12-19,East,Sports,Yoga Mat,Online,Returning Customer,5,773.13,5,3672.37,2419.23,1253.14,5.0
105575,2024-08-09,South,Beauty,Lipstick,Online,New Customer,2,462.96,5,879.62,585.08,294.54,3.0
105576,2024-06-02,West,Beauty,Lipstick,In-Store,New Customer,5,705.45,5,3350.89,2424.6,926.29,
105577,2023-09-15,West,Electronics,Smartwatch,In-Store,Premium Member,1,28533.97,0,28533.97,21074.17,7459.8,3.0
105578,2024-10-24,South,Beauty,Face Wash,Online,New Customer,4,766.04,5,2910.95,2100.74,810.21,
105579,2024-04-26,West,Beauty,Sunscreen,In-Store,New Customer,1,1662.91,20,1330.33,1215.56,114.77,
105580,2024-02-10,West,Clothing,Jeans,In-Store,Premium Member,4,1737.83,5,6603.75,4920.55,1683.2,5.0
105581,2024-11-19,North,Grocery,Rice 5kg,Online,Returning Customer,4,146.63,0,586.52,375.36,211.16,4.0
105582,2023-11-01,West,Beauty,Face Wash,In-Store,New Customer,1,719.95,0,719.95,509.14,210.81,2.0
105583,2023-12-27,South,Sports,Running Shoes,Online,Returning Customer,1,2146.24,0,2146.24,1258.73,887.51,
105584,2023-10-27,South,Home & Kitchen,Cookware Set,Online,Returning Customer,1,10281.7,0,10281.7,6858.48,3423.22,
105585,2024-08-03,South,Sports,Cricket Bat,Online,Returning Customer,2,1849.43,15,3144.03,2143.74,1000.29,3.0
105586,2023-07-05,East,Sports,Yoga Mat,Online,Premium Member,2,465.81,5,885.04,589.31,295.73,3.0
105587,2023-07-30,North,Electronics,Laptop,Online,Returning Customer,4,1487.5,15,5057.5,4133.96,923.54,5.0
105588,2023-05-10,West,Beauty,Lipstick,Online,Returning Customer,4,1500.39,0,6001.56,4012.97,1988.59,5.0
105589,2023-02-15,East,Clothing,Sneakers,Online,Returning Customer,1,953.69,5,906.01,527.1,378.91,5.0
105590,2024-06-15,South,Home & Kitchen,Mixer Grinder,In-Store,Premium Member,5,11779.12,0,58895.6,41459.51,17436.09,4.0
105591,2024-08-14,South,Clothing,T-Shirt,Online,New Customer,2,2131.2,0,4262.4,2862.89,1399.51,3.0
105592,2024-12-17,South,Sports,Yoga Mat,Online,Returning Customer,5,2601.27,0,13006.35,8307.62,4698.73,5.0
105593,2023-03-24,South,Electronics,Smartphone,Online,Returning Customer,5,31191.53,0,155957.65,91935.16,64022.49,4.0
105594,2024-12-01,North,Clothing,Sneakers,Online,Premium Member,2,779.05,0,1558.1,976.6,581.5,2.0
105595,2024-02-11,North,Clothing,T-Shirt,In-Store,Returning Customer,2,2834.3,0,5668.6,3493.12,2175.48,
105596,2023-04-12,East,Electronics,Smartphone,In-Store,Premium Member,2,31598.8,5,60037.72,39810.39,20227.33,5.0
105597,2023-07-04,North,Beauty,Sunscreen,In-Store,New Customer,5,1162.29,5,5520.88,3934.49,1586.39,4.0
105598,2024-07-29,East,Home & Kitchen,Vacuum Cleaner,In-Store,Returning Customer,1,10994.31,15,9345.16,6442.49,2902.67,5.0
105599,2024-07-05,East,Home & Kitchen,Cookware Set,Online,Returning Customer,3,842.63,10,2275.1,1804.78,470.32,4.0
105600,2023-05-18,North,Electronics,Smartphone,In-Store,Returning Customer,4,29476.53,5,112010.81,69162.44,42848.37,
105601,2024-12-25,South,Electronics,Headphones,In-Store,New Customer,1,13376.35,20,10701.08,8368.51,2332.57,4.0
105602,2023-03-26,West,Home & Kitchen,Air Fryer,Online,Premium Member,4,4485.41,5,17044.56,12132.19,4912.37,4.0
105603,2024-05-30,North,Grocery,Cooking Oil,In-Store,Returning Customer,1,516.31,5,490.49,375.04,115.45,4.0
105604,2023-03-15,South,Clothing,Dress,In-Store,New Customer,4,2521.27,5,9580.83,7281.38,2299.45,
105605,2024-07-30,North,Home & Kitchen,Vacuum Cleaner,In-Store,Returning Customer,5,6013.03,10,27058.64,18570.48,8488.16,
105606,2023-12-23,North,Clothing,Jacket,Online,Returning Customer,1,1039.47,10,935.52,583.65,351.87,3.0
105607,2024-03-06,South,Clothing,Dress,In-Store,New Customer,3,1846.29,10,4984.98,3301.6,1683.38,5.0
105608,2023-05-12,South,Clothing,Dress,In-Store,Returning Customer,1,796.18,0,796.18,537.88,258.3,4.0
105609,2023-04-26,North,Clothing,Sneakers,Online,New Customer,5,2296.48,5,10908.28,8025.08,2883.2,5.0
105610,2023-05-29,West,Sports,Cricket Bat,In-Store,Premium Member,5,4850.43,5,23039.54,14315.52,8724.02,2.0
105611,2024-01-02,North,Clothing,T-Shirt,In-Store,Returning Customer,4,1336.29,0,5345.16,3607.0,1738.16,2.0
105612,2023-03-19,South,Beauty,Face Wash,Online,Returning Customer,2,924.61,0,1849.22,1257.94,591.28,
105613,2024-03-03,North,Home & Kitchen,Cookware Set,Online,Returning Customer,1,6738.63,0,6738.63,5008.59,1730.04,5.0
105614,2024-07-05,North,Clothing,T-Shirt,Online,Returning Customer,1,3312.71,5,3147.07,1917.69,1229.38,4.0
105615,2023-06-20,West,Electronics,Smartwatch,Online,New Customer,2,11695.78,5,22221.98,17517.79,4704.19,2.0
105616,2024-02-01,South,Sports,Dumbbells,Online,Returning Customer,2,3051.39,5,5797.64,3669.72,2127.92,5.0
105617,2023-06-10,East,Sports,Running Shoes,Online,Premium Member,1,2274.57,10,2047.11,1520.57,526.54,
105618,2023-12-20,North,Electronics,Laptop,In-Store,Returning Customer,4,17464.71,0,69858.84,38978.22,30880.62,
105619,2024-02-01,North,Grocery,Cooking Oil,Online,Returning Customer,4,363.5,5,1381.3,831.2,550.1,4.0
105620,2023-11-28,South,Electronics,Laptop,Online,,1,7377.7,0,7377.7,5036.33,2341.37,4.0
105621,2024-10-21,North,Home & Kitchen,Vacuum Cleaner,Online,Returning Customer,1,8501.73,0,8501.73,4965.4,3536.33,5.0
105622,2024-09-27,South,Grocery,Snacks Combo,Online,New Customer,2,473.39,0,946.78,629.62,317.16,
105623,2023-08-18,North,Grocery,Rice 5kg,In-Store,Returning Customer,3,380.3,15,969.77,775.84,193.93,5.0
105624,2023-06-03,East,Clothing,T-Shirt,In-Store,New Customer,4,3373.32,0,13493.28,9185.49,4307.79,5.0
105625,2023-07-02,East,Electronics,Smartwatch,Online,Returning Customer,2,11008.38,20,17613.41,16404.98,1208.43,3.0
105626,2024-04-03,South,Sports,Cricket Bat,In-Store,Returning Customer,1,5920.75,0,5920.75,4357.47,1563.28,4.0
105627,2024-12-17,North,Beauty,Sunscreen,Online,New Customer,5,411.15,20,1644.6,1448.49,196.11,5.0
105628,2023-06-02,South,Grocery,Snacks Combo,In-Store,Returning Customer,5,381.17,5,1810.56,1198.95,611.61,
105629,2024-08-05,North,Grocery,Snacks Combo,Online,New Customer,3,855.26,0,2565.78,1705.97,859.81,4.0
105630,2024-03-11,South,Sports,Cricket Bat,Online,Returning Customer,2,898.15,10,1616.67,1276.23,340.44,4.0
105631,2024-07-19,North,Beauty,Lipstick,Online,Returning Customer,4,1755.47,15,5968.6,4432.17,1536.43,5.0
105632,2024-07-14,West,Clothing,Jacket,In-Store,Premium Member,1,513.33,0,513.33,332.52,180.81,
105633,2024-05-18,West,Clothing,Jeans,In-Store,Returning Customer,5,1617.47,20,6469.88,4932.86,1537.02,3.0
105634,2024-03-15,North,Electronics,Smartwatch,In-Store,New Customer,2,42490.69,10,76483.24,49898.25,26584.99,
105635,2023-05-15,North,Clothing,Dress,Online,New Customer,3,348.56,10,941.11,612.22,328.89,
105636,2023-07-03,South,Electronics,Laptop,Online,New Customer,4,29663.33,10,106787.99,67357.54,39430.45,
105637,2023-05-03,West,Home & Kitchen,Cookware Set,In-Store,Returning Customer,5,9100.28,10,40951.26,31304.06,9647.2,4.0
105638,2023-02-18,South,Clothing,Sneakers,In-Store,Returning Customer,1,2278.42,5,2164.5,1559.3,605.2,
105639,2023-10-20,West,Home & Kitchen,Mixer Grinder,Online,Returning Customer,5,9172.66,15,38983.8,28060.68,10923.12,5.0
105640,2023-09-01,West,Electronics,Smartwatch,In-Store,Returning Customer,5,9432.6,0,47163.0,30073.2,17089.8,
105641,2023-07-09,North,Home & Kitchen,Air Fryer,Online,Returning Customer,3,11964.06,0,35892.18,23440.49,12451.69,
105642,2023-06-26,South,Sports,Yoga Mat,Online,Returning Customer,4,2782.43,0,11129.72,8093.2,3036.52,3.0
105643,2023-03-14,North,Electronics,Smartphone,In-Store,,2,4038.85,0,8077.7,4845.78,3231.92,
105644,2023-11-19,East,Beauty,Shampoo,Online,Returning Customer,3,855.73,0,2567.19,1897.2,669.99,
105645,2024-12-15,East,Sports,Cricket Bat,In-Store,New Customer,4,4999.8,10,17999.28,11862.5,6136.78,5.0
105646,2023-04-15,West,Electronics,Headphones,In-Store,Returning Customer,5,39115.33,5,185797.82,108732.31,77065.51,4.0
105647,2024-02-08,South,Electronics,Headphones,Online,New Customer,3,35570.36,0,106711.08,69830.67,36880.41,
105648,2023-10-14,East,Sports,Cricket Bat,Online,New Customer,1,4272.5,0,4272.5,2522.24,1750.26,4.0
105649,2023-03-12,West,Home & Kitchen,Mixer Grinder,Online,Returning Customer,4,2669.02,0,10676.08,7558.8,3117.28,
105650,2023-01-05,North,Clothing,Dress,In-Store,Returning Customer,1,2187.59,0,2187.59,1279.5,908.09,5.0
105651,2024-04-19,East,Home & Kitchen,Cookware Set,In-Store,Premium Member,5,8308.88,0,41544.4,23388.87,18155.53,
105652,2023-08-13,West,Beauty,Lipstick,Online,Returning Customer,5,1054.3,0,5271.5,3349.44,1922.06,3.0
105653,2023-05-10,South,Electronics,Smartwatch,Online,Premium Member,2,18389.7,0,36779.4,20661.11,16118.29,3.0
105654,2024-12-31,East,Sports,Yoga Mat,Online,Returning Customer,2,1091.28,5,2073.43,1437.51,635.92,
105655,2023-09-22,West,Beauty,Sunscreen,Online,New Customer,1,1499.34,0,1499.34,989.0,510.34,3.0
105656,2023-12-05,North,Sports,Cricket Bat,In-Store,Returning Customer,2,5779.68,0,11559.36,7046.23,4513.13,
105657,2023-12-10,East,Electronics,Smartwatch,Online,Premium Member,3,23587.42,10,63686.03,43396.02,20290.01,
105658,2023-10-16,West,Clothing,T-Shirt,In-Store,Returning Customer,2,1028.63,10,1851.53,1281.75,569.78,4.0
105659,2023-12-31,North,Electronics,Headphones,Online,New Customer,5,29460.07,5,139935.33,99757.2,40178.13,4.0
105660,2023-08-17,West,Beauty,Face Wash,In-Store,New Customer,3,1290.03,15,3289.58,2578.36,711.22,
105661,2023-08-18,West,Home & Kitchen,Vacuum Cleaner,Online,Premium Member,3,5476.02,0,16428.06,10163.92,6264.14,4.0
105662,2024-09-10,North,Sports,Cricket Bat,In-Store,Returning Customer,3,477.46,0,1432.38,862.57,569.81,4.0
105663,2023-07-28,West,Grocery,Rice 5kg,Online,Returning Customer,4,171.05,5,649.99,458.92,191.07,
105664,2023-06-18,east,Home & Kitchen,Vacuum Cleaner,Online,Returning Customer,5,10579.96,0,52899.8,38660.17,14239.63,5.0
105665,2023-04-14,South,Beauty,Face Wash,Online,Returning Customer,2,1020.57,0,2041.14,1266.14,775.0,3.0
105666,2024-09-08,South,Sports,Running Shoes,Online,Returning Customer,2,4032.51,5,7661.77,4578.78,3082.99,4.0
105667,2023-01-27,West,Grocery,Cooking Oil,Online,Premium Member,1,135.09,0,135.09,99.71,35.38,2.0
105668,2023-03-08,West,Clothing,Sneakers,Online,Premium Member,3,1034.16,0,3102.48,1737.68,1364.8,4.0
105669,2023-11-11,West,Home & Kitchen,Air Fryer,Online,Returning Customer,5,5427.8,0,27139.0,19636.64,7502.36,4.0
105670,2023-06-10,North,Sports,Cricket Bat,Online,New Customer,5,1259.15,5,5980.96,3994.54,1986.42,5.0
105671,2023-11-21,East,Home & Kitchen,Vacuum Cleaner,Online,New Customer,2,7300.31,0,14600.62,8652.23,5948.39,
105672,2024-11-22,South,Clothing,Dress,In-Store,Returning Customer,4,2223.25,10,8003.7,5362.94,2640.76,
105673,2024-05-10,West,Clothing,T-Shirt,In-Store,Returning Customer,4,3404.92,0,13619.68,8750.4,4869.28,5.0
105674,2023-07-06,North,Clothing,T-Shirt,In-Store,New Customer,1,1950.04,0,1950.04,1173.76,776.28,2.0
105675,2024-04-29,South,Beauty,Sunscreen,In-Store,New Customer,2,1379.19,0,2758.38,1817.21,941.17,
105676,2024-01-22,West,Beauty,Shampoo,In-Store,Premium Member,3,370.67,5,1056.41,774.65,281.76,5.0
105677,2023-10-27,West,Sports,Running Shoes,In-Store,New Customer,5,4301.33,20,17205.32,13660.42,3544.9,4.0
105678,2023-08-30,West,Grocery,Rice 5kg,In-Store,New Customer,1,86.24,0,86.24,56.27,29.97,5.0
105679,2024-05-13,West,Grocery,Cooking Oil,Online,Premium Member,5,525.84,10,2366.28,1447.97,918.31,4.0
105680,2023-01-13,South,Beauty,Face Wash,Online,Returning Customer,5,1124.01,15,4777.04,4196.18,580.86,4.0
105681,2023-05-25,South,Grocery,Rice 5kg,Online,New Customer,3,692.35,10,1869.35,1308.42,560.93,5.0
105682,2024-09-15,North,Electronics,Smartphone,In-Store,Returning Customer,2,34137.99,5,64862.18,49496.14,15366.04,4.0
105683,2023-01-28,South,Sports,Dumbbells,Online,New Customer,4,427.6,10,1539.36,1168.03,371.33,
105684,2023-12-02,East,Clothing,T-Shirt,In-Store,New Customer,2,3124.58,0,6249.16,3588.27,2660.89,5.0
105685,2023-02-06,South,Beauty,Lipstick,Online,New Customer,2,883.93,5,1679.47,1032.92,646.55,4.0
105686,2023-07-30,North,Beauty,Shampoo,In-Store,New Customer,3,1783.79,15,4548.66,3700.08,848.58,
105687,2023-09-23,South,Sports,Running Shoes,Online,Premium Member,5,5219.66,10,23488.47,17710.37,5778.1,
105688,2023-03-27,North,Beauty,Face Wash,Online,,1,1067.23,10,960.51,600.57,359.94,2.0
105689,2023-02-01,East,Electronics,Smartphone,In-Store,Returning Customer,5,3971.15,0,19855.75,14417.69,5438.06,5.0
105690,2024-08-06,South,Clothing,Jeans,Online,Premium Member,2,341.05,15,579.78,416.17,163.61,5.0
105691,2023-10-10,North,Grocery,Tea Pack,In-Store,Returning Customer,3,578.08,5,1647.53,1116.7,530.83,1.0
105692,2023-11-14,East,Beauty,Face Wash,Online,Premium Member,5,1189.52,0,5947.6,4079.9,1867.7,
105693,2023-03-01,North,Electronics,Headphones,Online,New Customer,1,19224.2,0,19224.2,10888.65,8335.55,1.0
105694,2024-01-22,North,Beauty,Shampoo,In-Store,,2,1389.73,0,2779.46,1991.71,787.75,
105695,2023-02-06,East,Clothing,Sneakers,In-Store,New Customer,2,2343.37,10,4218.07,3411.0,807.07,1.0
105696,2023-03-03,East,Home & Kitchen,Cookware Set,Online,Premium Member,4,9339.97,10,33623.89,26193.21,7430.68,5.0
105697,2024-09-17,West,Home & Kitchen,Cookware Set,In-Store,Premium Member,2,2573.48,0,5146.96,2920.92,2226.04,
105698,2024-05-04,East,Home & Kitchen,Cookware Set,Online,Returning Customer,4,11560.44,15,39305.5,33565.03,5740.47,5.0
105699,2023-11-16,South,Home & Kitchen,Vacuum Cleaner,In-Store,New Customer,5,4103.2,0,20516.0,13960.65,6555.35,
105700,2024-01-12,East,Clothing,Sneakers,In-Store,Returning Customer,5,3039.1,0,15195.5,8375.99,6819.51,
105701,2023-07-16,East,Home & Kitchen,Vacuum Cleaner,Online,Premium Member,4,4282.35,15,14559.99,11170.22,3389.77,5.0
105702,2023-06-06,West,Grocery,Cooking Oil,Online,New Customer,1,508.31,5,482.89,281.66,201.23,3.0
105703,2023-01-03,West,Home & Kitchen,Vacuum Cleaner,In-Store,Premium Member,3,10767.52,5,30687.43,21153.52,9533.91,5.0
105704,2023-01-02,South,Sports,Yoga Mat,Online,Premium Member,3,4031.43,0,12094.29,7741.24,4353.05,3.0
105705,2024-02-23,North,Sports,Yoga Mat,In-Store,Premium Member,3,773.3,15,1971.91,1568.79,403.12,5.0
105706,2023-07-31,East,Grocery,Snacks Combo,In-Store,Returning Customer,4,92.01,5,349.64,264.78,84.86,1.0
105707,2024-08-25,West,Electronics,Bluetooth Speaker,Online,Premium Member,2,19082.74,0,38165.48,27284.88,10880.6,5.0
105708,2024-11-15,East,Beauty,Sunscreen,Online,New Customer,5,221.84,0,1109.2,794.13,315.07,5.0
105709,2024-11-02,North,Electronics,Headphones,Online,Returning Customer,4,16030.27,0,64121.08,47314.86,16806.22,5.0
105710,2024-11-24,north,Sports,Yoga Mat,In-Store,Returning Customer,3,1606.76,10,4338.25,3539.76,798.49,
105711,2024-03-09,East,Home & Kitchen,Cookware Set,In-Store,Returning Customer,3,7076.9,5,20169.16,15385.69,4783.47,
105712,2024-02-14,South,Clothing,T-Shirt,Online,Returning Customer,2,789.82,15,1342.69,936.1,406.59,
105713,2023-12-05,North,Electronics,Laptop,In-Store,New Customer,1,30250.68,5,28738.15,20969.94,7768.21,5.0
105714,2024-07-04,North,Clothing,T-Shirt,Online,New Customer,2,1194.89,5,2270.29,1667.86,602.43,
105715,2024-03-20,East,Beauty,Face Wash,Online,New Customer,5,350.53,0,1752.65,967.53,785.12,4.0
105716,2024-10-27,South,Grocery,Cooking Oil,Online,Returning Customer,2,411.86,20,658.98,547.55,111.43,4.0
105717,2023-08-31,West,Electronics,Smartwatch,In-Store,Returning Customer,4,40873.35,0,163493.4,105622.59,57870.81,4.0
105718,2023-08-13,South,Beauty,Lipstick,In-Store,New Customer,4,1159.9,15,3943.66,3378.54,565.12,
105719,2024-12-25,East,Beauty,Shampoo,Online,Returning Customer,2,1616.62,10,2909.92,2084.4,825.52,3.0
105720,2024-08-26,East,Grocery,Tea Pack,Online,Premium Member,5,241.66,0,1208.3,732.68,475.62,2.0
105721,2024-11-30,North,Electronics,Bluetooth Speaker,Online,Premium Member,3,25136.16,0,75408.48,42081.71,33326.77,5.0
105722,2024-07-05,East,Electronics,Headphones,In-Store,Premium Member,3,34519.24,0,103557.72,60215.55,43342.17,3.0
105723,2023-09-27,South,Electronics,Bluetooth Speaker,Online,Premium Member,3,33832.8,0,101498.4,73636.14,27862.26,4.0
105724,2024-05-03,South,Clothing,Sneakers,Online,Premium Member,4,323.45,0,1293.8,752.87,540.93,
105725,2024-11-25,North,Beauty,Sunscreen,In-Store,New Customer,3,218.95,0,656.85,433.77,223.08,5.0
105726,2023-10-13,East,Grocery,Tea Pack,Online,Premium Member,2,262.91,0,525.82,297.66,228.16,
105727,2024-05-31,South,Beauty,Sunscreen,Online,New Customer,4,740.32,0,2961.28,2040.32,920.96,5.0
105728,2023-01-28,North,Grocery,Snacks Combo,In-Store,Returning Customer,5,785.9,20,3143.6,2688.13,455.47,5.0
105729,2024-05-19,West,Electronics,Laptop,In-Store,Premium Member,4,14352.07,0,57408.28,36908.78,20499.5,5.0
105730,2023-02-27,South,Beauty,Shampoo,Online,Returning Customer,5,980.59,0,4902.95,2861.59,2041.36,4.0
105731,2024-05-07,North,Sports,Running Shoes,In-Store,Returning Customer,4,5965.78,10,21476.81,17114.12,4362.69,4.0
105732,2023-09-16,North,Beauty,Lipstick,Online,Returning Customer,1,672.09,10,604.88,447.1,157.78,4.0
105733,2023-08-23,South,Grocery,Tea Pack,Online,New Customer,2,213.6,10,384.48,259.28,125.2,
105734,2023-10-11,West,Beauty,Sunscreen,Online,Premium Member,1,1420.69,0,1420.69,933.77,486.92,
105735,2023-01-13,West,Home & Kitchen,Air Fryer,Online,Returning Customer,4,5917.54,10,21303.14,17528.01,3775.13,4.0
105736,2024-12-20,West,Beauty,Face Wash,Online,New Customer,4,814.08,20,2605.06,2055.64,549.42,4.0
105737,2024-01-08,South,Home & Kitchen,Cookware Set,Online,Returning Customer,1,11990.0,15,10191.5,7608.34,2583.16,
105738,2024-10-03,East,Sports,Yoga Mat,Online,New Customer,1,2830.3,5,2688.78,1566.61,1122.17,
105739,2024-12-03,North,Clothing,Dress,Online,Premium Member,2,571.31,20,914.1,775.3,138.8,4.0
105740,2023-03-29,west,Electronics,Smartphone,Online,New Customer,5,1538.36,5,7307.21,4651.2,2656.01,5.0
105741,2023-04-30,North,Home & Kitchen,Cookware Set,Online,Returning Customer,4,9411.45,20,30116.64,25990.06,4126.58,4.0
105742,2024-12-14,South,Home & Kitchen,Air Fryer,In-Store,Returning Customer,4,4741.87,10,17070.73,11066.61,6004.12,5.0
105743,2024-10-18,West,Electronics,Laptop,In-Store,Returning Customer,3,16421.28,5,46800.65,32782.25,14018.4,
105744,2023-03-12,East,Home & Kitchen,Cookware Set,Online,,5,10477.96,10,47150.82,33153.39,13997.43,5.0
105745,2024-03-07,East,Beauty,Lipstick,In-Store,New Customer,4,1384.83,0,5539.32,3108.48,2430.84,
105746,2024-12-01,South,Clothing,T-Shirt,Online,Premium Member,3,2234.98,0,6704.94,4104.17,2600.77,5.0
105747,2024-08-02,North,Home & Kitchen,Air Fryer,In-Store,Returning Customer,4,6597.91,0,26391.64,18204.09,8187.55,4.0
105748,2023-05-18,North,Electronics,Headphones,Online,Returning Customer,1,11666.59,10,10499.93,7775.87,2724.06,4.0
105749,2023-11-29,North,Beauty,Shampoo,Online,Returning Customer,5,1539.1,10,6925.95,4525.12,2400.83,5.0
105750,2024-01-13,North,Sports,Yoga Mat,Online,New Customer,5,1379.68,0,6898.4,4106.04,2792.36,5.0
105751,2024-11-11,North,Electronics,Smartwatch,Online,Returning Customer,3,12952.25,0,38856.75,25263.13,13593.62,5.0
105752,2024-03-28,North,Beauty,Sunscreen,In-Store,Premium Member,3,1762.33,5,5022.64,3241.23,1781.41,5.0
105753,2024-07-05,North,Beauty,Sunscreen,Online,Returning Customer,2,1433.24,0,2866.48,2000.71,865.77,2.0
105754,2023-11-26,North,Electronics,Headphones,In-Store,,2,28398.5,20,45437.6,34028.81,11408.79,4.0
105755,2024-07-21,West,Grocery,Cooking Oil,Online,Returning Customer,4,251.9,0,1007.6,706.4,301.2,5.0
105756,2023-06-27,North,Grocery,Tea Pack,Online,Returning Customer,1,750.45,0,750.45,467.73,282.72,4.0
105757,2024-06-18,East,Grocery,Cooking Oil,Online,New Customer,1,155.33,0,155.33,110.61,44.72,4.0
105758,2023-04-07,North,Clothing,Dress,Online,Returning Customer,2,465.86,10,838.55,569.72,268.83,
105759,2023-04-13,North,Grocery,Cooking Oil,In-Store,New Customer,1,235.23,10,211.71,134.41,77.3,5.0
105760,2024-03-27,East,Electronics,Smartphone,In-Store,New Customer,3,27136.74,0,81410.22,60666.47,20743.75,3.0
105761,2023-05-19,North,Clothing,T-Shirt,In-Store,Premium Member,5,2855.23,15,12134.73,7979.14,4155.59,5.0
105762,2024-11-16,North,Home & Kitchen,Mixer Grinder,Online,Premium Member,1,3558.2,0,3558.2,2665.72,892.48,3.0
105763,2024-03-25,North,Grocery,Cooking Oil,In-Store,New Customer,1,536.93,0,536.93,315.43,221.5,
105764,2023-07-08,North,Clothing,T-Shirt,Online,New Customer,3,3327.18,5,9482.46,6198.55,3283.91,
105765,2023-09-14,West,Beauty,Lipstick,In-Store,Premium Member,5,1363.6,0,6818.0,4721.88,2096.12,
105766,2024-12-26,South,Electronics,Headphones,In-Store,New Customer,5,33145.76,5,157442.36,102810.28,54632.08,
105767,2024-09-12,South,Beauty,Face Wash,Online,New Customer,1,1489.44,0,1489.44,903.74,585.7,4.0
105768,2024-08-13,North,Home & Kitchen,Cookware Set,Online,Returning Customer,2,1095.86,5,2082.13,1532.98,549.15,5.0
105769,2023-12-24,North,Grocery,Cooking Oil,In-Store,Returning Customer,1,100.98,0,100.98,60.68,40.3,4.0
105770,2023-04-21,West,Home & Kitchen,Cookware Set,In-Store,Premium Member,1,1999.69,0,1999.69,1321.8,677.89,3.0
105771,2023-06-06,West,Grocery,Snacks Combo,Online,Returning Customer,5,282.17,0,1410.85,897.94,512.91,5.0
105772,2024-06-07,North,Electronics,Laptop,Online,Returning Customer,1,25721.5,10,23149.35,18120.79,5028.56,4.0
105773,2023-02-28,South,Beauty,Face Wash,In-Store,New Customer,3,592.32,5,1688.11,1077.16,610.95,3.0
105774,2024-07-09,North,Home & Kitchen,Cookware Set,Online,New Customer,1,4197.23,15,3567.65,3073.39,494.26,
105775,2024-07-09,West,Grocery,Snacks Combo,Online,New Customer,2,154.5,10,278.1,208.87,69.23,5.0
105776,2024-05-14,North,Beauty,Face Wash,Online,New Customer,5,1328.97,0,6644.85,3980.63,2664.22,
105777,2024-11-05,North,Grocery,Tea Pack,Online,Returning Customer,2,109.99,0,219.98,154.61,65.37,4.0
105778,2023-05-27,South,Clothing,Jacket,Online,Returning Customer,1,1178.57,15,1001.78,763.18,238.6,
105779,2023-01-09,West,Sports,Running Shoes,Online,Premium Member,1,1642.92,0,1642.92,953.8,689.12,3.0
105780,2023-02-15,East,Grocery,Rice 5kg,In-Store,New Customer,4,83.24,0,332.96,195.82,137.14,4.0
105781,2024-01-27,North,Beauty,Sunscreen,In-Store,Premium Member,3,1401.42,10,3783.83,3107.82,676.01,3.0
105782,2024-09-10,South,Home & Kitchen,Mixer Grinder,In-Store,Premium Member,2,2945.54,10,5301.97,4108.14,1193.83,
105783,2024-04-29,South,Beauty,Face Wash,In-Store,Premium Member,1,1009.57,15,858.13,621.03,237.1,
105784,2023-06-23,North,Sports,Cricket Bat,In-Store,New Customer,2,3349.76,0,6699.52,4122.67,2576.85,5.0
105785,2023-10-16,East,Home & Kitchen,Vacuum Cleaner,In-Store,Returning Customer,2,2420.56,0,4841.12,3093.87,1747.25,
105786,2023-05-26,West,Grocery,Cooking Oil,In-Store,Returning Customer,3,416.48,15,1062.02,769.39,292.63,5.0
105787,2023-03-17,North,Beauty,Lipstick,In-Store,Premium Member,2,862.52,10,1552.54,1228.62,323.92,
105788,2024-01-27,North,Grocery,Cooking Oil,In-Store,Premium Member,1,589.39,10,530.45,335.33,195.12,4.0
105789,2023-12-07,South,Sports,Dumbbells,Online,Premium Member,5,2288.16,15,9724.68,8231.48,1493.2,2.0
105790,2023-12-29,North,Beauty,Lipstick,In-Store,Premium Member,2,676.98,5,1286.26,786.41,499.85,4.0
105791,2024-04-14,East,Home & Kitchen,Air Fryer,Online,Returning Customer,2,3443.85,5,6543.32,4341.19,2202.13,4.0
105792,2023-02-28,East,Electronics,Smartphone,Online,Returning Customer,1,32869.82,5,31226.33,21700.73,9525.6,4.0
105793,2023-06-15,South,Beauty,Face Wash,Online,Returning Customer,2,393.85,5,748.32,465.15,283.17,1.0
105794,2023-03-20,East,Sports,Cricket Bat,Online,New Customer,2,4781.37,0,9562.74,6643.13,2919.61,3.0
105795,2024-07-30,South,Home & Kitchen,Mixer Grinder,In-Store,Premium Member,4,7915.71,0,31662.84,21465.05,10197.79,4.0
105796,2024-11-15,South,Grocery,Tea Pack,In-Store,Returning Customer,1,319.58,15,271.64,218.01,53.63,1.0
105797,2024-12-23,South,Clothing,Jeans,Online,Returning Customer,4,2681.6,0,10726.4,6513.67,4212.73,4.0
105798,2024-11-26,South,Beauty,Sunscreen,Online,New Customer,4,1019.78,0,4079.12,2918.39,1160.73,
105799,2023-04-18,North,Grocery,Rice 5kg,In-Store,New Customer,1,519.32,10,467.39,332.74,134.65,5.0
105800,2023-10-17,North,Clothing,T-Shirt,Online,Returning Customer,1,2501.02,0,2501.02,1599.92,901.1,4.0
105801,2023-01-19,East,Beauty,Lipstick,In-Store,Returning Customer,5,288.07,10,1296.32,985.53,310.79,5.0
105802,2024-12-17,West,Clothing,Jacket,Online,Returning Customer,4,2178.52,5,8278.38,5607.33,2671.05,3.0
105803,2023-08-04,East,Home & Kitchen,Mixer Grinder,In-Store,New Customer,3,8580.42,10,23167.13,17360.64,5806.49,
105804,2024-11-07,East,Sports,Cricket Bat,In-Store,New Customer,5,5055.62,20,20222.48,17424.49,2797.99,
105805,2023-02-15,North,Clothing,Dress,Online,New Customer,4,2994.16,20,9581.31,7292.99,2288.32,4.0
105806,2024-06-12,South,Beauty,Shampoo,In-Store,New Customer,1,897.24,0,897.24,516.32,380.92,3.0
105807,2023-09-17,South,Electronics,Bluetooth Speaker,In-Store,Premium Member,3,35173.81,10,94969.29,68572.91,26396.38,3.0
105808,2024-05-10,North,Home & Kitchen,Cookware Set,Online,,3,11651.52,0,34954.56,20454.47,14500.09,
105809,2023-08-14,South,Clothing,Sneakers,Online,Premium Member,4,2109.57,0,8438.28,4961.14,3477.14,4.0
105810,2024-08-12,west,Home & Kitchen,Mixer Grinder,Online,Premium Member,5,8305.16,5,39449.51,23771.49,15678.02,3.0
105811,2023-07-02,West,Grocery,Cooking Oil,In-Store,New Customer,3,182.6,5,520.41,335.74,184.67,5.0
105812,2024-01-08,West,Electronics,Headphones,In-Store,Premium Member,4,17536.06,5,66637.03,47872.37,18764.66,
105813,2023-08-23,West,Grocery,Cooking Oil,Online,Returning Customer,2,751.34,5,1427.55,949.37,478.18,4.0
105814,2024-01-03,West,Home & Kitchen,Cookware Set,Online,Returning Customer,1,8375.34,0,8375.34,4889.93,3485.41,4.0
105815,2024-08-20,North,Sports,Running Shoes,In-Store,Returning Customer,3,4311.83,5,12288.72,8086.99,4201.73,
105816,2024-02-03,West,Home & Kitchen,Mixer Grinder,Online,New Customer,3,8194.8,10,22125.96,16107.64,6018.32,4.0
105817,2023-04-07,East,Grocery,Tea Pack,Online,New Customer,4,139.14,0,556.56,414.34,142.22,4.0
105818,2023-10-23,North,Clothing,T-Shirt,Online,Premium Member,4,3387.43,10,12194.75,9592.71,2602.04,
105819,2024-11-24,West,Electronics,Bluetooth Speaker,In-Store,Returning Customer,4,33569.05,0,134276.2,89670.81,44605.39,4.0
105820,2023-04-17,East,Home & Kitchen,Cookware Set,In-Store,Returning Customer,5,6442.33,15,27379.9,23816.75,3563.15,5.0
105821,2023-11-05,South,Beauty,Shampoo,In-Store,New Customer,3,505.64,0,1516.92,860.75,656.17,5.0
105822,2024-02-09,East,Electronics,Laptop,In-Store,Returning Customer,3,30009.58,15,76524.43,63163.93,13360.5,3.0
105823,2024-09-11,South,Grocery,Snacks Combo,In-Store,Returning Customer,2,219.86,5,417.73,312.77,104.96,4.0
105824,2024-11-10,North,Grocery,Tea Pack,Online,New Customer,3,755.17,0,2265.51,1608.02,657.49,
105825,2023-11-26,South,Beauty,Lipstick,In-Store,Returning Customer,2,674.34,10,1213.81,787.81,426.0,
105826,2024-09-30,East,Electronics,Laptop,Online,Premium Member,2,41198.07,5,78276.33,57933.56,20342.77,4.0
105827,2023-11-17,South,Electronics,Headphones,Online,New Customer,2,35439.24,10,63790.63,51847.05,11943.58,5.0
105828,2023-05-23,East,Beauty,Sunscreen,Online,Premium Member,3,1788.34,0,5365.02,3567.62,1797.4,5.0
105829,2024-04-27,North,Electronics,Smartphone,In-Store,Returning Customer,4,43510.64,5,165340.43,118401.88,46938.55,5.0
105830,2023-02-24,East,Grocery,Snacks Combo,In-Store,New Customer,2,551.62,10,992.92,790.35,202.57,
105831,2024-06-22,North,Home & Kitchen,Cookware Set,In-Store,New Customer,3,9916.06,5,28260.77,21173.98,7086.79,
105832,2024-07-19,South,Sports,Cricket Bat,Online,Returning Customer,1,2482.73,0,2482.73,1480.09,1002.64,
105833,2024-03-31,North,Grocery,Rice 5kg,Online,Returning Customer,2,125.17,5,237.82,157.92,79.9,
105834,2024-08-06,North,Grocery,Cooking Oil,Online,New Customer,4,756.68,15,2572.71,1803.07,769.64,2.0
105835,2023-05-05,North,Home & Kitchen,Vacuum Cleaner,In-Store,Returning Customer,1,1478.23,0,1478.23,833.7,644.53,5.0
105836,2023-04-04,North,Electronics,Headphones,In-Store,New Customer,4,34375.01,5,130625.04,89392.36,41232.68,4.0
105837,2023-06-05,North,Grocery,Rice 5kg,In-Store,New Customer,4,708.22,0,2832.88,1781.16,1051.72,
105838,2023-08-16,East,Sports,Yoga Mat,In-Store,Returning Customer,3,3117.52,10,8417.3,6142.53,2274.77,4.0
105839,2023-12-09,North,Sports,Yoga Mat,Online,Premium Member,5,4825.0,5,22918.75,14915.41,8003.34,
105840,2024-12-12,South,Electronics,Smartphone,Online,New Customer,5,8349.7,0,41748.5,24436.99,17311.51,3.0
105841,2024-01-17,North,Beauty,Face Wash,In-Store,New Customer,5,1604.43,5,7621.04,5468.13,2152.91,5.0
105842,2023-02-27,West,Sports,Cricket Bat,In-Store,Returning Customer,3,5067.08,0,15201.24,10696.79,4504.45,4.0
105843,2023-07-23,South,Home & Kitchen,Air Fryer,In-Store,New Customer,3,7660.85,10,20684.3,16530.64,4153.66,5.0
105844,2024-07-11,North,Electronics,Smartwatch,Online,Returning Customer,2,22786.22,10,41015.2,32380.05,8635.15,
105845,2023-01-15,East,Home & Kitchen,Cookware Set,In-Store,Premium Member,1,6023.29,5,5722.13,4113.85,1608.28,
105846,2023-09-26,East,Beauty,Lipstick,In-Store,Returning Customer,3,308.25,5,878.51,563.07,315.44,5.0
105847,2023-12-28,South,Electronics,Bluetooth Speaker,In-Store,New Customer,1,29935.32,5,28438.55,20365.96,8072.59,4.0
105848,2024-01-08,South,Clothing,Sneakers,Online,Premium Member,2,1711.93,0,3423.86,2174.32,1249.54,5.0
105849,2024-06-11,South,Electronics,Bluetooth Speaker,Online,Premium Member,4,26285.26,5,99883.99,62923.52,36960.47,
105850,2024-01-21,East,Grocery,Rice 5kg,Online,,3,142.16,0,426.48,278.91,147.57,5.0
105851,2023-12-16,South,Home & Kitchen,Vacuum Cleaner,Online,New Customer,2,9698.08,15,16486.74,12275.3,4211.44,5.0
105852,2024-08-22,East,Sports,Yoga Mat,Online,Returning Customer,3,961.14,0,2883.42,1864.73,1018.69,5.0
105853,2023-07-10,South,Beauty,Sunscreen,Online,New Customer,5,985.16,10,4433.22,3538.32,894.9,4.0
105854,2023-03-26,South,Home & Kitchen,Air Fryer,Online,New Customer,2,5129.63,10,9233.33,6812.53,2420.8,
105855,2024-11-15,North,Beauty,Shampoo,Online,Returning Customer,3,520.86,10,1406.32,994.58,411.74,5.0
105856,2024-08-02,East,Grocery,Snacks Combo,Online,Premium Member,2,172.92,0,345.84,249.24,96.6,5.0
105857,2023-02-05,West,Beauty,Face Wash,Online,New Customer,4,1405.23,0,5620.92,3648.15,1972.77,
105858,2024-02-02,North,Home & Kitchen,Air Fryer,Online,Returning Customer,1,6587.81,5,6258.42,3647.4,2611.02,5.0
105859,2024-10-31,East,Beauty,Sunscreen,In-Store,Returning Customer,3,188.27,10,508.33,416.02,92.31,3.0
105860,2023-06-10,South,Clothing,T-Shirt,Online,Premium Member,5,1378.58,15,5858.96,4367.29,1491.67,4.0
105861,2024-02-16,South,Beauty,Lipstick,Online,New Customer,1,355.85,0,355.85,234.15,121.7,4.0
105862,2024-09-22,North,Home & Kitchen,Vacuum Cleaner,Online,New Customer,5,2244.12,0,11220.6,7017.2,4203.4,4.0
105863,2023-06-24,South,Electronics,Smartphone,In-Store,Returning Customer,3,16854.68,20,40451.23,31947.91,8503.32,
105864,2023-04-26,North,Home & Kitchen,Vacuum Cleaner,Online,Returning Customer,3,8562.85,0,25688.55,16326.73,9361.82,4.0
105865,2024-02-03,East,Electronics,Smartphone,Online,Returning Customer,3,22139.9,5,63098.72,36893.0,26205.72,
105866,2023-04-20,East,Sports,Running Shoes,Online,Returning Customer,4,1480.03,5,5624.11,3325.92,2298.19,5.0
105867,2024-05-24,South,Electronics,Bluetooth Speaker,Online,Premium Member,5,2206.92,5,10482.87,6758.96,3723.91,
105868,2023-06-09,West,Home & Kitchen,Vacuum Cleaner,Online,Returning Customer,5,1920.74,0,9603.7,5370.52,4233.18,4.0
105869,2024-10-17,South,Sports,Cricket Bat,Online,Premium Member,4,5149.84,15,17509.46,15323.97,2185.49,
105870,2024-02-26,East,Beauty,Face Wash,In-Store,Returning Customer,2,1128.26,0,2256.52,1631.24,625.28,1.0
105871,2023-09-16,East,Clothing,Jeans,In-Store,New Customer,1,2504.92,0,2504.92,1706.75,798.17,
105872,2024-11-17,South,Home & Kitchen,Cookware Set,In-Store,New Customer,3,7423.58,0,22270.74,12926.14,9344.6,4.0
105873,2023-02-16,East,Home & Kitchen,Air Fryer,Online,Returning Customer,2,10107.62,0,20215.24,11954.16,8261.08,5.0
105874,2023-03-11,East,Home & Kitchen,Vacuum Cleaner,Online,New Customer,5,2025.27,0,10126.35,6183.62,3942.73,5.0
105875,2023-01-12,East,Clothing,Jacket,Online,New Customer,4,3123.75,10,11245.5,8000.14,3245.36,5.0
105876,2024-11-12,South,Electronics,Smartwatch,Online,New Customer,3,10399.5,5,29638.57,17996.57,11642.0,4.0
105877,2024-01-29,East,Grocery,Cooking Oil,Online,Returning Customer,3,628.25,5,1790.51,1254.61,535.9,
105878,2024-05-10,West,Sports,Running Shoes,Online,Returning Customer,1,4229.06,10,3806.15,2886.08,920.07,5.0
105879,2024-06-20,East,Home & Kitchen,Mixer Grinder,In-Store,Premium Member,2,11015.32,0,22030.64,15179.27,6851.37,
105880,2023-01-26,North,Grocery,Cooking Oil,Online,Premium Member,2,319.34,0,638.68,417.23,221.45,
105881,2023-01-24,East,Grocery,Cooking Oil,Online,New Customer,2,595.46,5,1131.37,743.79,387.58,5.0
105882,2024-08-28,West,Beauty,Lipstick,Online,Premium Member,5,1583.6,10,7126.2,5367.46,1758.74,5.0
105883,2024-02-09,East,Clothing,T-Shirt,Online,New Customer,5,1905.43,10,8574.44,5874.91,2699.53,5.0
105884,2023-05-19,South,Sports,Dumbbells,Online,Premium Member,1,2723.4,5,2587.23,1685.09,902.14,1.0
105885,2024-03-09,South,Beauty,Sunscreen,Online,Returning Customer,5,1606.57,5,7631.21,5042.51,2588.7,
105886,2024-08-02,North,Grocery,Cooking Oil,Online,Returning Customer,2,680.55,5,1293.04,1011.96,281.08,1.0
105887,2023-12-02,East,Sports,Dumbbells,Online,Premium Member,1,5152.81,0,5152.81,3616.74,1536.07,
105888,2023-05-22,South,Electronics,Laptop,Online,New Customer,1,44238.26,10,39814.43,24556.72,15257.71,4.0
105889,2023-01-17,South,Home & Kitchen,Air Fryer,In-Store,Returning Customer,5,11303.54,0,56517.7,36015.01,20502.69,4.0
105890,2024-07-04,South,Grocery,Snacks Combo,In-Store,New Customer,4,534.01,5,2029.24,1364.72,664.52,
105891,2023-03-17,West,Beauty,Lipstick,In-Store,Returning Customer,4,839.61,0,3358.44,2483.08,875.36,4.0
105892,2024-05-11,South,Electronics,Headphones,Online,Returning Customer,3,37513.22,0,112539.66,75362.97,37176.69,4.0
105893,2024-11-12,West,Clothing,Sneakers,In-Store,Premium Member,5,1085.41,0,5427.05,3863.43,1563.62,3.0
105894,2023-11-07,West,Electronics,Smartphone,Online,Returning Customer,4,30893.94,5,117396.97,91049.2,26347.77,5.0
105895,2024-01-15,North,Grocery,Rice 5kg,In-Store,Returning Customer,1,818.02,0,818.02,508.61,309.41,5.0
105896,2023-09-24,South,Sports,Cricket Bat,Online,New Customer,3,1607.49,15,4099.1,3209.54,889.56,4.0
105897,2024-01-10,South,Grocery,Rice 5kg,In-Store,,5,85.31,5,405.22,247.7,157.52,4.0
105898,2023-01-03,West,Grocery,Tea Pack,In-Store,New Customer,1,777.77,0,777.77,472.0,305.77,5.0
105899,2023-06-25,South,Home & Kitchen,Air Fryer,Online,Returning Customer,4,11557.16,5,43917.21,26313.06,17604.15,2.0
105900,2023-03-29,West,Grocery,Tea Pack,In-Store,Premium Member,4,558.85,0,2235.4,1352.81,882.59,5.0
105901,2023-04-24,North,Electronics,Bluetooth Speaker,In-Store,Premium Member,4,38378.43,0,153513.72,93391.18,60122.54,4.0
105902,2023-06-29,North,Sports,Yoga Mat,Online,Returning Customer,5,1163.47,5,5526.48,3542.68,1983.8,3.0
105903,2024-05-12,South,Beauty,Face Wash,Online,New Customer,5,692.7,5,3290.32,1931.18,1359.14,2.0
105904,2024-01-13,West,Sports,Yoga Mat,In-Store,Returning Customer,5,967.39,10,4353.26,3051.28,1301.98,
105905,2024-10-09,East,Electronics,Laptop,Online,Returning Customer,5,2277.04,0,11385.2,6564.22,4820.98,5.0
105906,2023-05-22,South,Beauty,Shampoo,In-Store,New Customer,5,1736.03,5,8246.14,5275.41,2970.73,5.0
105907,2024-05-15,West,Beauty,Shampoo,Online,Returning Customer,2,1529.89,10,2753.8,2292.92,460.88,
105908,2023-03-29,East,Home & Kitchen,Air Fryer,In-Store,Returning Customer,5,11366.39,5,53990.35,37649.91,16340.44,5.0
105909,2024-02-03,South,Electronics,Smartphone,Online,Premium Member,1,28653.47,0,28653.47,21307.3,7346.17,4.0
105910,2023-11-01,South,Grocery,Tea Pack,Online,Returning Customer,2,852.25,0,1704.5,1085.27,619.23,
105911,2023-03-11,North,Grocery,Rice 5kg,Online,New Customer,5,482.66,10,2171.97,1374.26,797.71,3.0
105912,2023-04-07,East,Grocery,Snacks Combo,In-Store,Returning Customer,1,351.23,5,333.67,240.46,93.21,4.0
105913,2024-04-21,South,Clothing,Dress,Online,Returning Customer,3,2867.6,5,8172.66,5631.33,2541.33,
105914,2024-12-10,West,Electronics,Smartphone,Online,Returning Customer,2,3820.0,0,7640.0,4323.46,3316.54,4.0
105915,2023-04-01,South,Clothing,T-Shirt,Online,Premium Member,5,1686.71,0,8433.55,5520.7,2912.85,5.0
105916,2024-12-13,West,Clothing,Jacket,In-Store,Returning Customer,1,828.28,10,745.45,460.55,284.9,5.0
105917,2024-06-22,East,Home & Kitchen,Vacuum Cleaner,Online,New Customer,5,10665.24,10,47993.58,37942.13,10051.45,5.0
105918,2023-05-06,West,Sports,Cricket Bat,Online,New Customer,4,1363.43,5,5181.03,3464.26,1716.77,4.0
105919,2023-01-15,West,Home & Kitchen,Air Fryer,Online,New Customer,5,6918.57,0,34592.85,23979.57,10613.28,4.0
105920,2023-09-05,West,Home & Kitchen,Vacuum Cleaner,Online,Returning Customer,1,5071.87,0,5071.87,3352.83,1719.04,5.0
105921,2024-07-22,North,Home & Kitchen,Air Fryer,Online,New Customer,4,3156.74,15,10732.92,7695.64,3037.28,5.0
105922,2024-06-27,East,Clothing,T-Shirt,Online,New Customer,3,1655.48,5,4718.12,2842.82,1875.3,5.0
105923,2023-09-05,East,Beauty,Lipstick,Online,Premium Member,3,281.41,0,844.23,507.02,337.21,
105924,2023-05-23,East,Grocery,Cooking Oil,In-Store,Returning Customer,4,672.22,0,2688.88,1703.37,985.51,5.0
105925,2024-02-25,East,Home & Kitchen,Air Fryer,Online,Premium Member,4,9928.3,10,35741.88,25377.06,10364.82,5.0
105926,2024-02-08,South,Home & Kitchen,Cookware Set,Online,New Customer,2,8677.82,0,17355.64,11074.5,6281.14,4.0
105927,2024-10-25,West,Electronics,Bluetooth Speaker,In-Store,Returning Customer,1,26545.41,0,26545.41,19435.16,7110.25,3.0
105928,2023-04-13,North,Beauty,Lipstick,In-Store,Returning Customer,4,734.02,10,2642.47,1864.68,777.79,5.0
105929,2023-01-03,South,Clothing,T-Shirt,Online,Returning Customer,5,2818.87,10,12684.92,8762.61,3922.31,5.0
105930,2023-07-21,West,Electronics,Bluetooth Speaker,In-Store,New Customer,5,28873.13,5,137147.37,97587.47,39559.9,4.0
105931,2024-06-20,East,Home & Kitchen,Vacuum Cleaner,In-Store,Returning Customer,1,10617.4,0,10617.4,7075.8,3541.6,5.0
105932,2023-06-25,North,Sports,Yoga Mat,Online,New Customer,3,3085.08,0,9255.24,5993.96,3261.28,
105933,2024-12-26,South,Grocery,Rice 5kg,In-Store,Premium Member,5,669.69,10,3013.61,2243.91,769.7,4.0
105934,2024-11-13,West,Grocery,Rice 5kg,Online,Returning Customer,3,277.24,15,706.96,565.06,141.9,
105935,2023-05-31,South,Electronics,Smartphone,In-Store,Returning Customer,1,28940.57,10,26046.51,16314.01,9732.5,4.0
105936,2024-12-06,North,Clothing,Dress,Online,Returning Customer,1,1950.56,20,1560.45,1252.58,307.87,4.0
105937,2024-04-28,West,Clothing,Dress,In-Store,Returning Customer,1,1626.62,10,1463.96,945.7,518.26,3.0
105938,2024-07-06,North,Beauty,Shampoo,Online,New Customer,1,1699.71,5,1614.72,1228.21,386.51,5.0
105939,2024-10-08,South,Grocery,Snacks Combo,Online,,3,578.66,0,1735.98,1021.73,714.25,3.0
105940,2024-06-16,West,Home & Kitchen,Mixer Grinder,Online,Returning Customer,2,5574.74,0,11149.48,7950.36,3199.12,
105941,2024-02-03,East,Clothing,Jacket,Online,Returning Customer,4,1800.39,10,6481.4,4532.63,1948.77,5.0
105942,2024-06-11,West,Grocery,Rice 5kg,Online,New Customer,4,153.31,15,521.25,386.0,135.25,
105943,2023-10-25,North,Beauty,Shampoo,Online,Returning Customer,3,1299.4,5,3703.29,2307.85,1395.44,5.0
105944,2023-08-01,South,Home & Kitchen,Cookware Set,In-Store,New Customer,4,10451.92,0,41807.68,23872.29,17935.39,
105945,2023-08-29,South,Electronics,Bluetooth Speaker,Online,Returning Customer,2,11493.51,5,21837.67,17164.65,4673.02,3.0
105946,2023-05-13,East,Clothing,Sneakers,Online,Returning Customer,5,3296.4,0,16482.0,10126.82,6355.18,2.0
105947,2023-04-09,North,Beauty,Shampoo,In-Store,Returning Customer,1,1366.57,0,1366.57,1010.41,356.16,4.0
105948,2023-04-23,South,Sports,Yoga Mat,In-Store,Returning Customer,4,4902.76,10,17649.94,11850.38,5799.56,4.0
105949,2024-01-29,West,Clothing,Jacket,Online,Returning Customer,3,3441.38,5,9807.93,6335.09,3472.84,4.0
105950,2023-01-12,south,Grocery,Cooking Oil,In-Store,Premium Member,3,437.64,10,1181.63,818.44,363.19,4.0
105951,2023-11-02,South,Beauty,Lipstick,In-Store,Returning Customer,1,1498.61,15,1273.82,964.41,309.41,
105952,2023-09-17,West,Beauty,Lipstick,Online,Returning Customer,2,1355.12,5,2574.73,1940.17,634.56,
105953,2023-04-18,North,Grocery,Rice 5kg,Online,Returning Customer,4,597.8,0,2391.2,1599.81,791.39,3.0
105954,2023-03-30,East,Sports,Dumbbells,Online,Premium Member,5,1687.91,0,8439.55,6234.83,2204.72,3.0
105955,2024-02-11,East,Electronics,Bluetooth Speaker,Online,Returning Customer,2,43424.43,5,82506.42,56351.1,26155.32,4.0
105956,2024-05-09,North,Sports,Running Shoes,Online,Returning Customer,3,2804.53,0,8413.59,5323.2,3090.39,5.0
105957,2024-12-27,East,Home & Kitchen,Cookware Set,Online,Premium Member,1,5180.96,0,5180.96,3492.73,1688.23,3.0
105958,2024-12-31,North,Clothing,T-Shirt,In-Store,Returning Customer,1,446.72,0,446.72,289.25,157.47,4.0
105959,2024-03-30,North,Sports,Cricket Bat,Online,Premium Member,2,1656.28,0,3312.56,2449.59,862.97,
105960,2024-01-03,East,Electronics,Laptop,Online,New Customer,1,26044.93,5,24742.68,14908.36,9834.32,5.0
105961,2024-06-23,East,Electronics,Bluetooth Speaker,In-Store,Returning Customer,4,23306.56,0,93226.24,66370.01,26856.23,5.0
105962,2024-07-04,East,Grocery,Cooking Oil,In-Store,Returning Customer,4,134.86,15,458.52,337.1,121.42,5.0
105963,2023-08-23,North,Clothing,T-Shirt,Online,Returning Customer,4,2309.23,0,9236.92,6245.54,2991.38,
105964,2023-04-12,East,Clothing,Jacket,Online,Returning Customer,2,3495.41,15,5942.2,4550.14,1392.06,5.0
105965,2023-02-17,South,Sports,Running Shoes,Online,Returning Customer,3,5296.03,20,12710.47,8955.16,3755.31,5.0
105966,2024-01-12,East,Grocery,Snacks Combo,In-Store,Returning Customer,4,872.28,10,3140.21,2172.79,967.42,4.0
105967,2024-07-12,West,Beauty,Face Wash,In-Store,New Customer,5,617.05,15,2622.46,2105.08,517.38,
105968,2023-09-01,South,Grocery,Snacks Combo,Online,Premium Member,2,657.47,20,1051.95,728.4,323.55,2.0
105969,2024-07-20,East,Grocery,Snacks Combo,Online,Returning Customer,5,772.71,10,3477.2,2719.1,758.1,5.0
105970,2023-04-02,North,Home & Kitchen,Vacuum Cleaner,In-Store,Returning Customer,3,10812.85,5,30816.62,21223.6,9593.02,5.0
105971,2023-06-05,South,Clothing,T-Shirt,In-Store,Premium Member,4,2165.66,5,8229.51,4995.49,3234.02,4.0
105972,2024-11-04,North,Electronics,Laptop,Online,Returning Customer,5,13408.47,5,63690.23,41984.27,21705.96,
105973,2023-08-10,South,Grocery,Snacks Combo,In-Store,Premium Member,3,302.62,0,907.86,531.92,375.94,4.0
105974,2024-08-28,East,Clothing,Sneakers,In-Store,New Customer,2,3292.91,10,5927.24,4112.59,1814.65,
105975,2024-07-09,South,Electronics,Smartwatch,In-Store,Returning Customer,3,40331.63,10,108895.4,71368.78,37526.62,5.0
105976,2024-09-19,South,Clothing,Sneakers,Online,Returning Customer,1,2744.23,15,2332.6,1943.26,389.34,5.0
105977,2024-07-01,North,Home & Kitchen,Vacuum Cleaner,Online,New Customer,2,8662.73,5,16459.19,11915.58,4543.61,4.0
105978,2024-09-25,East,Clothing,Jeans,In-Store,Returning Customer,2,1799.99,15,3059.98,2219.43,840.55,3.0
105979,2023-08-21,East,Clothing,Jeans,Online,New Customer,5,2144.49,5,10186.33,7797.8,2388.53,
105980,2024-06-23,West,Beauty,Sunscreen,In-Store,New Customer,4,1479.11,10,5324.8,3819.58,1505.22,
105981,2023-11-12,South,Grocery,Snacks Combo,Online,New Customer,3,98.95,15,252.32,168.49,83.83,4.0
105982,2023-10-18,North,Grocery,Rice 5kg,Online,Returning Customer,4,414.47,15,1409.2,1226.03,183.17,
105983,2024-01-17,North,Beauty,Face Wash,Online,Premium Member,1,283.61,15,241.07,169.72,71.35,
105984,2023-03-02,East,Electronics,Smartwatch,Online,New Customer,5,7732.98,10,34798.41,28545.68,6252.73,4.0
105985,2024-04-01,East,Grocery,Tea Pack,Online,Returning Customer,5,410.62,10,1847.79,1503.05,344.74,
105986,2024-09-18,East,Clothing,Sneakers,In-Store,Premium Member,2,2733.94,0,5467.88,3215.8,2252.08,4.0
105987,2024-02-03,West,Grocery,Cooking Oil,Online,New Customer,1,136.3,5,129.49,79.77,49.72,5.0
105988,2023-05-16,South,Grocery,Tea Pack,In-Store,Returning Customer,1,580.39,10,522.35,352.09,170.26,1.0
105989,2023-06-11,East,Beauty,Lipstick,Online,Returning Customer,5,1553.18,0,7765.9,4483.39,3282.51,
105990,2024-11-25,North,Home & Kitchen,Vacuum Cleaner,Online,Returning Customer,5,1187.78,0,5938.9,4442.12,1496.78,4.0
105991,2024-07-02,North,Clothing,Jacket,In-Store,New Customer,1,1071.78,0,1071.78,778.26,293.52,
105992,2024-11-30,North,Home & Kitchen,Vacuum Cleaner,Online,Returning Customer,1,4656.02,0,4656.02,2891.73,1764.29,5.0
105993,2023-07-11,East,Sports,Dumbbells,Online,Returning Customer,4,3036.25,0,12145.0,8195.86,3949.14,5.0
105994,2023-10-06,North,Clothing,Jacket,Online,Returning Customer,4,453.61,10,1633.0,1008.57,624.43,3.0
105995,2023-08-26,North,Clothing,Dress,In-Store,Returning Customer,2,2918.85,0,5837.7,4161.09,1676.61,
105996,2024-02-12,South,Home & Kitchen,Mixer Grinder,Online,Returning Customer,5,5660.39,15,24056.66,16626.16,7430.5,4.0
105997,2024-02-03,North,Grocery,Rice 5kg,In-Store,Returning Customer,3,130.22,0,390.66,233.97,156.69,
105998,2023-10-22,South,Sports,Cricket Bat,In-Store,New Customer,1,3325.46,0,3325.46,1983.9,1341.56,4.0
105999,2023-06-22,North,Electronics,Bluetooth Speaker,In-Store,New Customer,3,23423.69,0,70271.07,38804.46,31466.61,4.0
106000,2023-09-20,East,Clothing,Sneakers,In-Store,Premium Member,1,2876.0,10,2588.4,2147.24,441.16,5.0
101484,2024-09-19,North,Beauty,Face Wash,Online,Returning Customer,1,968.45,0,968.45,610.1,358.35,2.0
102186,2024-07-26,South,Clothing,Jacket,Online,Returning Customer,4,1228.8,5,4669.44,3034.69,1634.75,4.0
102521,2024-08-16,West,Electronics,Headphones,Online,New Customer,2,32234.18,15,54798.11,48311.38,6486.73,4.0
103722,2024-01-12,West,Sports,Running Shoes,Online,New Customer,1,4071.32,20,3257.06,2633.05,624.01,3.0
103728,2023-02-01,North,Beauty,Lipstick,Online,Returning Customer,5,704.9,15,2995.82,2609.5,386.32,4.0
104525,2024-02-08,North,Beauty,Sunscreen,In-Store,New Customer,5,1684.43,10,7579.94,5771.7,1808.24,5.0
100235,2024-01-17,North,Grocery,Rice 5kg,Online,New Customer,3,801.49,5,2284.25,1336.73,947.52,4.0
104736,2023-09-15,East,Grocery,Rice 5kg,In-Store,Returning Customer,4,329.99,10,1187.96,863.51,324.45,4.0
105840,2024-12-12,South,Electronics,Smartphone,Online,New Customer,5,8349.7,0,41748.5,24436.99,17311.51,3.0
102940,2024-01-10,North,Beauty,Sunscreen,Online,Premium Member,3,1720.37,0,5161.11,3648.57,1512.54,4.0
103054,2023-07-09,East,Home & Kitchen,Vacuum Cleaner,In-Store,New Customer,2,2588.79,10,4659.82,3705.6,954.22,1.0
100868,2023-01-24,West,Grocery,Snacks Combo,In-Store,New Customer,5,94.79,15,402.86,268.86,134.0,5.0
100277,2024-11-04,North,Grocery,Rice 5kg,In-Store,Returning Customer,4,606.33,5,2304.05,1609.49,694.56,4.0
105799,2023-04-18,North,Grocery,Rice 5kg,In-Store,New Customer,1,519.32,10,467.39,332.74,134.65,5.0
103513,2023-04-04,North,Clothing,T-Shirt,Online,Premium Member,1,2966.0,0,2966.0,1713.67,1252.33,5.0
105790,2023-12-29,North,Beauty,Lipstick,In-Store,,2,676.98,5,1286.26,786.41,499.85,4.0
103199,2024-01-12,North,Home & Kitchen,Vacuum Cleaner,Online,Premium Member,2,2530.27,0,5060.54,3213.07,1847.47,
105909,2024-02-03,South,Electronics,Smartphone,Online,Premium Member,1,28653.47,0,28653.47,21307.3,7346.17,4.0
105719,2024-12-25,East,Beauty,Shampoo,Online,Returning Customer,2,1616.62,10,2909.92,2084.4,825.52,3.0
102688,2023-03-08,South,Home & Kitchen,Cookware Set,Online,Returning Customer,3,2981.59,5,8497.53,4997.05,3500.48,
100251,2024-04-27,North,Clothing,Jacket,Online,Returning Customer,3,3117.01,5,8883.48,6207.92,2675.56,4.0
105462,2023-01-27,East,Sports,Running Shoes,Online,Premium Member,2,4632.33,0,9264.66,6438.59,2826.07,3.0
103053,2023-11-26,North,Home & Kitchen,Vacuum Cleaner,In-Store,Premium Member,5,1071.21,0,5356.05,3083.95,2272.1,
102712,2023-09-01,West,Electronics,Smartphone,Online,Returning Customer,4,34112.11,0,136448.44,100717.7,35730.74,
103772,2024-04-18,North,Grocery,Tea Pack,Online,Returning Customer,2,252.52,10,454.54,345.02,109.52,
105989,2023-06-11,East,Beauty,Lipstick,Online,Returning Customer,5,1553.18,0,7765.9,4483.39,3282.51,
105646,2023-04-15,West,Electronics,Headphones,In-Store,Returning Customer,5,39115.33,5,185797.82,108732.31,77065.51,4.0
104618,2023-01-22,South,Home & Kitchen,Vacuum Cleaner,Online,Returning Customer,5,9993.64,5,47469.79,35726.1,11743.69,
100369,2023-03-17,East,Grocery,Snacks Combo,Online,Premium Member,1,287.17,5,272.81,187.92,84.89,4.0
104917,2023-08-12,East,Home & Kitchen,Cookware Set,Online,Returning Customer,3,8127.57,15,20725.3,15663.29,5062.01,1.0
101730,2023-01-31,West,Sports,Running Shoes,In-Store,New Customer,1,3867.86,10,3481.07,2258.89,1222.18,2.0
103876,2023-05-27,West,Sports,Yoga Mat,Online,Premium Member,3,3172.33,0,9516.99,6960.43,2556.56,
100126,2024-04-03,North,Electronics,Smartwatch,Online,Returning Customer,5,29167.44,0,145837.2,88208.62,57628.58,5.0
101989,2023-02-23,North,Sports,Dumbbells,Online,Premium Member,1,2233.87,5,2122.18,1431.99,690.19,5.0
100985,2023-12-03,North,Grocery,Tea Pack,Online,Returning Customer,2,625.14,0,1250.28,737.39,512.89,5.0
103954,2024-06-06,East,Beauty,Lipstick,Online,Returning Customer,5,251.59,5,1195.05,849.18,345.87,5.0
100932,2023-09-04,East,Sports,Cricket Bat,Online,New Customer,3,3063.67,5,8731.46,6867.51,1863.95,5.0
102032,2024-11-16,North,Beauty,Face Wash,Online,New Customer,3,1024.27,0,3072.81,2179.26,893.55,
100180,2023-12-04,North,Sports,Yoga Mat,Online,Returning Customer,5,5128.4,0,25642.0,16607.0,9035.0,
105846,2023-09-26,East,Beauty,Lipstick,In-Store,Returning Customer,3,308.25,5,878.51,563.07,315.44,5.0
101133,2024-03-25,East,Grocery,Tea Pack,In-Store,Premium Member,2,326.19,5,619.76,412.07,207.69,
103887,2023-03-04,West,Grocery,Snacks Combo,In-Store,Returning Customer,1,774.94,0,774.94,516.36,258.58,
103204,2023-03-20,South,Grocery,Cooking Oil,Online,Returning Customer,3,795.85,20,1910.04,1476.8,433.24,5.0
105963,2023-08-23,North,Clothing,T-Shirt,Online,Returning Customer,4,2309.23,0,9236.92,6245.54,2991.38,
102428,2023-08-11,North,Grocery,Snacks Combo,Online,Premium Member,3,845.19,20,2028.46,1611.83,416.63,
104443,2023-08-13,North,Electronics,Headphones,Online,New Customer,3,7669.79,0,23009.37,15841.99,7167.38,2.0
103509,2024-11-12,North,Home & Kitchen,Air Fryer,Online,Premium Member,2,896.75,10,1614.15,1179.48,434.67,3.0
100871,2023-06-27,South,Clothing,Dress,Online,Returning Customer,5,3254.56,5,15459.16,11704.03,3755.13,3.0
104231,2023-03-29,East,Grocery,Cooking Oil,Online,Premium Member,2,615.84,5,1170.1,703.89,466.21,
103881,2023-03-22,North,Sports,Dumbbells,Online,New Customer,4,5084.34,10,18303.62,13291.42,5012.2,3.0
